ISIN,COMPANY,NSE_SYMBOL,BSE_SYMBOL,BSE_CODE,EXCHANGE,PRICE_SOURCE,PRICE_TICKER,LATEST_PRICE,PRICE_DATE,NSE_LISTING_DATE,BSE_LISTING_DATE
0,,,ADSDIAG,523031,BSE,BSE/Yahoo Finance,523031.BO,,,,
IN90NN701011,,,ATLPP,890228,BSE,BSE/Yahoo Finance,890228.BO,,,,
IN90PTR01010,,,ROCKPP,215348,BSE,BSE/Yahoo Finance,215348.BO,,,,
IN9161F01019,,,ANIRITPP,890231,BSE,BSE/Yahoo Finance,890231.BO,,,,
IN9170U01035,,,SURAJINDPP,890226,BSE,BSE/Yahoo Finance,890226.BO,,,,
IN9273A01047,,,APLABPP,890217,BSE,BSE/Yahoo Finance,890217.BO,,,,
IN9316D01014,,,VERTEXPP,890234,BSE,BSE/Yahoo Finance,890234.BO,,,,
IN9572J01019,,,SSFLPP,890221,BSE,BSE/Yahoo Finance,890221.BO,,,,
IN9736H01014,,,GSAILPP,890238,BSE,BSE/Yahoo Finance,890238.BO,,,,
IN9849B01026,,,ACESEPP,890230,BSE,BSE/Yahoo Finance,890230.BO,,,,
INE001F01019,,,MDRNSTL,513303,BSE,BSE/Yahoo Finance,513303.BO,,,,
INE001O01029,,,RISAINTL,530251,BSE,BSE/Yahoo Finance,530251.BO,,,,
INE002B01016,,,MADALA,532344,BSE,BSE/Yahoo Finance,532344.BO,,,,
INE002E01010,,,SAPL,538992,BSE,BSE/Yahoo Finance,538992.BO,,,,
INE003B01014,,,INTSTOIL,530259,BSE,BSE/Yahoo Finance,530259.BO,,,,
INE003F01015,,,MULLER,501477,BSE,BSE/Yahoo Finance,501477.BO,,,,
INE004C01028,,,GUJCOTEX,514386,BSE,BSE/Yahoo Finance,514386.BO,,,,
INE004E01016,,,SDL,524727,BSE,BSE/Yahoo Finance,524727.BO,,,,
INE004Z01011,,,MACH,541973,BSE,BSE/Yahoo Finance,541973.BO,,,,
INE005C01017,,,RTSPOWR,531215,BSE,BSE/Yahoo Finance,531215.BO,,,,
INE005E01013,,,EKANSH,531364,BSE,BSE/Yahoo Finance,531364.BO,,,,
INE005G01026,,,DEEPAI,539559,BSE,BSE/Yahoo Finance,539559.BO,,,,
INE006C01015,,,KZLFIN,511728,BSE,BSE/Yahoo Finance,511728.BO,,,,
INE006F01018,,,NBFOOT,523242,BSE,BSE/Yahoo Finance,523242.BO,,,,
INE007C01021,,,INDRANIB,526445,BSE,BSE/Yahoo Finance,526445.BO,,,,
INE007G01014,,,MHSGRMS,526795,BSE,BSE/Yahoo Finance,526795.BO,,,,
INE008B01013,,,AIMCOPEST,524288,BSE,BSE/Yahoo Finance,524288.BO,,,,
INE008C01011,,,RAYALEMA,526640,BSE,BSE/Yahoo Finance,526640.BO,,,,
INE008N01018,,,TIRTPLS,526675,BSE,BSE/Yahoo Finance,526675.BO,,,,
INE008Z01020,,,SRPL,210337,BSE,BSE/Yahoo Finance,210337.BO,,,,
INE009C01019,,,SRIKPRIND,514442,BSE,BSE/Yahoo Finance,514442.BO,,,,
INE009U01011,,,GHUSHINE,539864,BSE,BSE/Yahoo Finance,539864.BO,,,,
INE00C401011,,,MAL$,210659,BSE,BSE/Yahoo Finance,210659.BO,,,,
INE00C501018,,,AMBANIORGO,201064,BSE,BSE/Yahoo Finance,201064.BO,,,,
INE00CX01017,,,MAHIP,542503,BSE,BSE/Yahoo Finance,542503.BO,,,,
INE00D001018,,,REXPIPES,208145,BSE,BSE/Yahoo Finance,208145.BO,,,,
INE00ER01015,,,ONDOOR,210749,BSE,BSE/Yahoo Finance,210749.BO,,,,
INE00F301010,,,UWCSL,200766,BSE,BSE/Yahoo Finance,200766.BO,,,,
INE00FM01013,,,BAPACK,523186,BSE,BSE/Yahoo Finance,523186.BO,,,,
INE00GK01023,,,YASHHV,544310,BSE,BSE/Yahoo Finance,544310.BO,,,,
INE00IY01012,,,DEEP,541778,BSE,BSE/Yahoo Finance,541778.BO,,,,
INE00MT01022,,,SAJHOTELS,212075,BSE,BSE/Yahoo Finance,212075.BO,,,,
INE00N401018,,,JAKHARIA,205786,BSE,BSE/Yahoo Finance,205786.BO,,,,
INE00NH01017,,,CLSL,210567,BSE,BSE/Yahoo Finance,210567.BO,,,,
INE00NI01015,,,UCL,201277,BSE,BSE/Yahoo Finance,201277.BO,,,,
INE00Q901014,,,SMGOLD,542034,BSE,BSE/Yahoo Finance,542034.BO,,,,
INE00RQ01019,,,MINDPOOL,205653,BSE,BSE/Yahoo Finance,205653.BO,,,,
INE00ST01011,,,BRGIL,544335,BSE,BSE/Yahoo Finance,544335.BO,,,,
INE00SY01011,,,SUPERSHAKT,541701,BSE,BSE/Yahoo Finance,541701.BO,,,,
INE00TV01023,,,SUDARSHAN,543828,BSE,BSE/Yahoo Finance,543828.BO,,,,
INE00U801010,,,PARIN,205337,BSE,BSE/Yahoo Finance,205337.BO,,,,
INE00UG01014,,,KHFM,202216,BSE,BSE/Yahoo Finance,202216.BO,,,,
INE00WS01056,,,GSTL$,208776,BSE,BSE/Yahoo Finance,208776.BO,,,,
INE00WY01013,,,RACONTEUR,541703,BSE,BSE/Yahoo Finance,541703.BO,,,,
INE00Y701026,,,SECL,210309,BSE,BSE/Yahoo Finance,210309.BO,,,,
INE010C01025,,,SWISSMLTRY,523558,BSE,BSE/Yahoo Finance,523558.BO,,,,
INE010R01023,,,ULTRACAB,538706,BSE,BSE/Yahoo Finance,538706.BO,,,,
INE011B01017,,,CLIOINFO,530839,BSE,BSE/Yahoo Finance,530839.BO,,,,
INE011D01013,,,SHERVANI,526117,BSE,BSE/Yahoo Finance,526117.BO,,,,
INE011H01014,,,RAJVIR,532665,BSE,BSE/Yahoo Finance,532665.BO,,,,
INE011R01013,,,ATISHAY,538713,BSE,BSE/Yahoo Finance,538713.BO,,,,
INE012E01035,,,DIANATEA,530959,BSE,BSE/Yahoo Finance,530959.BO,,,,
INE012F01016,,,POLYTEX,512481,BSE,BSE/Yahoo Finance,512481.BO,,,,
INE013E01017,,,PANCARBON,508941,BSE,BSE/Yahoo Finance,508941.BO,,,,
INE013J01016,,,KVFORGE,513369,BSE,BSE/Yahoo Finance,513369.BO,,,,
INE013V01011,,,SHELTER,543963,BSE,BSE/Yahoo Finance,543963.BO,,,,
INE014E01015,,,KLRFM,507598,BSE,BSE/Yahoo Finance,507598.BO,,,,
INE015E01012,,,PARAGONF,531255,BSE,BSE/Yahoo Finance,531255.BO,,,,
INE015F01019,,,RSCINT,530179,BSE,BSE/Yahoo Finance,530179.BO,,,,
INE016C01014,,,RAJINFRA,526823,BSE,BSE/Yahoo Finance,526823.BO,,,,
INE016X01010,,,ARYAN,542176,BSE,BSE/Yahoo Finance,542176.BO,,,,
INE017C01012,,,KISAN,530145,BSE,BSE/Yahoo Finance,530145.BO,,,,
INE017E01018,,,INTECCAP,526871,BSE,BSE/Yahoo Finance,526871.BO,,,,
INE017I01027,,,SERA,512399,BSE,BSE/Yahoo Finance,512399.BO,,,,
INE017P01014,,,ZMULTIPU,504356,BSE,BSE/Yahoo Finance,504356.BO,,,,
INE018S01016,,,RFLL,543256,BSE,BSE/Yahoo Finance,543256.BO,,,,
INE019B01010,,,TRANSCHEM,500422,BSE,BSE/Yahoo Finance,500422.BO,,,,
INE019D01016,,,MAHAVEER,539383,BSE,BSE/Yahoo Finance,539383.BO,,,,
INE01A501027,,,RANJEET,541945,BSE,BSE/Yahoo Finance,541945.BO,,,,
INE01B501018,,,ASRL,541865,BSE,BSE/Yahoo Finance,541865.BO,,,,
INE01BL01012,,,NSL,542628,BSE,BSE/Yahoo Finance,542628.BO,,,,
INE01BT01015,,,MACIND,543934,BSE,BSE/Yahoo Finance,543934.BO,,,,
INE01GR01018,,,DGL,542155,BSE,BSE/Yahoo Finance,542155.BO,,,,
INE01GZ01011,,,CHANDNIMACH,542627,BSE,BSE/Yahoo Finance,542627.BO,,,,
INE01IH01015,,,SYLVANPLY,211713,BSE,BSE/Yahoo Finance,211713.BO,,,,
INE01J501010,,,SHUBHAM,542019,BSE,BSE/Yahoo Finance,542019.BO,,,,
INE01K301012,,,HARISH,542682,BSE,BSE/Yahoo Finance,542682.BO,,,,
INE01MO01013,,,MAHESH,542677,BSE,BSE/Yahoo Finance,542677.BO,,,,
INE01TL01014,,,BOMOXY-B1,509470,BSE,BSE/Yahoo Finance,509470.BO,,,,
INE01YQ01013,,,AUSL,211974,BSE,BSE/Yahoo Finance,211974.BO,,,,
INE01Z401013,,,SHUBHLAXMI,201806,BSE,BSE/Yahoo Finance,201806.BO,,,,
INE01ZJ01015,,,SURANI,200566,BSE,BSE/Yahoo Finance,200566.BO,,,,
INE020S01012,,,GALXBRG,526073,BSE,BSE/Yahoo Finance,526073.BO,,,,
INE021N01011,,,ARIGATO,530267,BSE,BSE/Yahoo Finance,530267.BO,,,,
INE022F01015,,,SHAMROIN,531240,BSE,BSE/Yahoo Finance,531240.BO,,,,
INE023R01018,,,ACEMEN,539661,BSE,BSE/Yahoo Finance,539661.BO,,,,
INE024B01010,,,JOINDRE,531861,BSE,BSE/Yahoo Finance,531861.BO,,,,
INE025D01013,,,HEERAISP,526967,BSE,BSE/Yahoo Finance,526967.BO,,,,
INE026C01013,,,NDASEC,511535,BSE,BSE/Yahoo Finance,511535.BO,,,,
INE026D01011,,,LOTUSCHO,523475,BSE,BSE/Yahoo Finance,523475.BO,,,,
INE026I01010,,,BHAGWOX,509449,BSE,BSE/Yahoo Finance,509449.BO,,,,
INE026L01022,,,TILAK,503663,BSE,BSE/Yahoo Finance,503663.BO,,,,
INE027D01019,,,NETTLINX,511658,BSE,BSE/Yahoo Finance,511658.BO,,,,
INE027F01014,,,CMXLTD,532217,BSE,BSE/Yahoo Finance,532217.BO,,,,
INE027S01017,,,TFLL,539488,BSE,BSE/Yahoo Finance,539488.BO,,,,
INE029B01019,,,COSYN,538922,BSE,BSE/Yahoo Finance,538922.BO,,,,
INE029H01016,,,SUJALA,539117,BSE,BSE/Yahoo Finance,539117.BO,,,,
INE029Q01017,,,BAHETI,209291,BSE,BSE/Yahoo Finance,209291.BO,,,,
INE02AP01013,,,RONI,542145,BSE,BSE/Yahoo Finance,542145.BO,,,,
INE02BR01017,,,CLASELE,512213,BSE,BSE/Yahoo Finance,512213.BO,,,,
INE02BV01019,,,SHIKHARLETR,507952,BSE,BSE/Yahoo Finance,507952.BO,,,,
INE02C301011,,,SHAHCON,509870,BSE,BSE/Yahoo Finance,509870.BO,,,,
INE02CV01017,,,DRSDILIP,202144,BSE,BSE/Yahoo Finance,202144.BO,,,,
INE02EE01019,,,IPSL,209236,BSE,BSE/Yahoo Finance,209236.BO,,,,
INE02GA01012,,,ARL,542721,BSE,BSE/Yahoo Finance,542721.BO,,,,
INE02KC01010,,,JAINAM,208299,BSE,BSE/Yahoo Finance,208299.BO,,,,
INE02OY01016,,,RILINFRA,208791,BSE,BSE/Yahoo Finance,208791.BO,,,,
INE02PC01027,,,HBEL,542592,BSE,BSE/Yahoo Finance,542592.BO,,,,
INE02S501018,,,SHREEOSFM,210924,BSE,BSE/Yahoo Finance,210924.BO,,,,
INE02XD01011,,,HINDAPL,531918,BSE,BSE/Yahoo Finance,531918.BO,,,,
INE02Z901011,,,SHVSUIT,521003,BSE,BSE/Yahoo Finance,521003.BO,,,,
INE02ZA01012,,,SFTL,501479,BSE,BSE/Yahoo Finance,501479.BO,,,,
INE030C01015,,,ANSALBU,523007,BSE,BSE/Yahoo Finance,523007.BO,,,,
INE030P01017,,,ALSL,535916,BSE,BSE/Yahoo Finance,535916.BO,,,,
INE030Q01015,,,EMERALD,538882,BSE,BSE/Yahoo Finance,538882.BO,,,,
INE030T01027,,,TEJNAKSH,539428,BSE,BSE/Yahoo Finance,539428.BO,,,,
INE030U01025,,,KDML,539788,BSE,BSE/Yahoo Finance,539788.BO,,,,
INE031G01022,,,OPTIFIN,531254,BSE,BSE/Yahoo Finance,531254.BO,,,,
INE032E01017,,,ARYAMAN,530245,BSE,BSE/Yahoo Finance,530245.BO,,,,
INE033B01011,,,QUINTEGRA,532866,BSE,BSE/Yahoo Finance,532866.BO,,,,
INE033C01019,,,ELNET,517477,BSE,BSE/Yahoo Finance,517477.BO,,,,
INE033E01015,,,MIDEASTP,526251,BSE,BSE/Yahoo Finance,526251.BO,,,,
INE034B01019,,,GUJCRED,511441,BSE,BSE/Yahoo Finance,511441.BO,,,,
INE034F01010,,,TCMLMTD,524156,BSE,BSE/Yahoo Finance,524156.BO,,,,
INE035401020,,,ACEENGITEC,530669,BSE,BSE/Yahoo Finance,530669.BO,,,,
INE035S01028,,,POEL,539195,BSE,BSE/Yahoo Finance,539195.BO,,,,
INE037C01010,,,PHYTO,524808,BSE,BSE/Yahoo Finance,524808.BO,,,,
INE038B01010,,,SVCIND,524488,BSE,BSE/Yahoo Finance,524488.BO,,,,
INE038N01015,,,INTETHR,530921,BSE,BSE/Yahoo Finance,530921.BO,,,,
INE039D01014,,,HYPERSOFT,539724,BSE,BSE/Yahoo Finance,539724.BO,,,,
INE03CM01014,,,GLAAMUP,542477,BSE,BSE/Yahoo Finance,542477.BO,,,,
INE03KJ01013,,,SHIGAN,208611,BSE,BSE/Yahoo Finance,208611.BO,,,,
INE03WT01017,,,ROOPSHRI,542599,BSE,BSE/Yahoo Finance,542599.BO,,,,
INE040F01033,,,NETLINK,509040,BSE,BSE/Yahoo Finance,509040.BO,,,,
INE041025011,,,EMBASSY,542602,BSE,BSE/Yahoo Finance,542602.BO,,,,
INE041B01014,,,ASITCFIN,530723,BSE,BSE/Yahoo Finance,530723.BO,,,,
INE042B01012,,,GROARC,532315,BSE,BSE/Yahoo Finance,532315.BO,,,,
INE042C01010,,,ALFAICA,530973,BSE,BSE/Yahoo Finance,530973.BO,,,,
INE043B01028,,,REGANTO,517393,BSE,BSE/Yahoo Finance,517393.BO,,,,
INE043F01011,,,NNTL,512279,BSE,BSE/Yahoo Finance,512279.BO,,,,
INE043R01016,,,JYOTIN,542544,BSE,BSE/Yahoo Finance,542544.BO,,,,
INE043U01010,,,CHDCHEM,539800,BSE,BSE/Yahoo Finance,539800.BO,,,,
INE044N01021,,,EMERALL,507265,BSE,BSE/Yahoo Finance,507265.BO,,,,
INE046E01025,,,APTPACK,506979,BSE,BSE/Yahoo Finance,506979.BO,,,,
INE046M01036,,,MIDPOLY,531597,BSE,BSE/Yahoo Finance,531597.BO,,,,
INE047E01031,,,JMDVL,511092,BSE,BSE/Yahoo Finance,511092.BO,,,,
INE048A01011,,,HOCL,500449,BSE,BSE/Yahoo Finance,500449.BO,,,,
INE048E01013,,,WARDHEALTH,512063,BSE,BSE/Yahoo Finance,512063.BO,,,,
INE04CO01018,,,KGES,543289,BSE,BSE/Yahoo Finance,543289.BO,,,,
INE04Q901010,,,DCCL,213351,BSE,BSE/Yahoo Finance,213351.BO,,,,
INE04ST01013,,,SKIEL,542728,BSE,BSE/Yahoo Finance,542728.BO,,,,
INE04T901017,,,KAHAN,543979,BSE,BSE/Yahoo Finance,543979.BO,,,,
INE04VT01017,,,THAKKERS,507530,BSE,BSE/Yahoo Finance,507530.BO,,,,
INE04VX01019,,,SHEETAL,210875,BSE,BSE/Yahoo Finance,210875.BO,,,,
INE04Z101016,,,ASIAN,543927,BSE,BSE/Yahoo Finance,543927.BO,,,,
INE050L01048,,,LESHAIND,533602,BSE,BSE/Yahoo Finance,533602.BO,,,,
INE050N01010,,,KINGSINFR,530215,BSE,BSE/Yahoo Finance,530215.BO,,,,
INE051G01012,,,DENISCHEM,537536,BSE,BSE/Yahoo Finance,537536.BO,,,,
INE051N01026,,,SHREEGANES,539470,BSE,BSE/Yahoo Finance,539470.BO,,,,
INE052001026,,,SHAHLON,542862,BSE,BSE/Yahoo Finance,542862.BO,,,,
INE052B01011,,,BEEYU,532645,BSE,BSE/Yahoo Finance,532645.BO,,,,
INE052E01015,,,GAYATRIBI,524564,BSE,BSE/Yahoo Finance,524564.BO,,,,
INE052V01019,,,CIANAGRO,519477,BSE,BSE/Yahoo Finance,519477.BO,,,,
INE053D01015,,,AMITINT,531300,BSE,BSE/Yahoo Finance,531300.BO,,,,
INE054C01015,,,WATERBASE,523660,BSE,BSE/Yahoo Finance,523660.BO,,,,
INE055E01034,,,REALECO,530053,BSE,BSE/Yahoo Finance,530053.BO,,,,
INE055O01033,,,INLANPR,530787,BSE,BSE/Yahoo Finance,530787.BO,,,,
INE055Q01012,,,SKILVEN,538919,BSE,BSE/Yahoo Finance,538919.BO,,,,
INE056001014,,,CPML,542727,BSE,BSE/Yahoo Finance,542727.BO,,,,
INE056E01024,,,INDXTRA,524614,BSE,BSE/Yahoo Finance,524614.BO,,,,
INE056J01015,,,AARCON,532024,BSE,BSE/Yahoo Finance,532024.BO,,,,
INE057D01016,,,ALCHCORP,531409,BSE,BSE/Yahoo Finance,531409.BO,,,,
INE057Q01018,,,YORKEXP,530675,BSE,BSE/Yahoo Finance,530675.BO,,,,
INE058D01030,,,JAIPAN,505840,BSE,BSE/Yahoo Finance,505840.BO,,,,
INE058F01019,,,ALUFLUOR,524634,BSE,BSE/Yahoo Finance,524634.BO,,,,
INE058I01013,,,LACTOSE,524202,BSE,BSE/Yahoo Finance,524202.BO,,,,
INE059E01010,,,KACHCHH,531778,BSE,BSE/Yahoo Finance,531778.BO,,,,
INE059Q01014,,,KALPACOMME,539014,BSE,BSE/Yahoo Finance,539014.BO,,,,
INE05BN01027,,,CHCL,542678,BSE,BSE/Yahoo Finance,542678.BO,,,,
INE05CY01014,,,TIERRA,543531,BSE,BSE/Yahoo Finance,543531.BO,,,,
INE05DH01017,,,ATMASTCO,211171,BSE,BSE/Yahoo Finance,211171.BO,,,,
INE05FR01029,,,AGOL,542579,BSE,BSE/Yahoo Finance,542579.BO,,,,
INE05KD23015,,,ENERGYINF,542543,BSE,BSE/Yahoo Finance,542543.BO,,,,
INE05MV01019,,,PARSHVA,542694,BSE,BSE/Yahoo Finance,542694.BO,,,,
INE05QJ01015,,,GKP,542666,BSE,BSE/Yahoo Finance,542666.BO,,,,
INE060D01028,,,NARMP,517431,BSE,BSE/Yahoo Finance,517431.BO,,,,
INE060E01018,,,KEMP,506530,BSE,BSE/Yahoo Finance,506530.BO,,,,
INE060N01019,,,EQUILATERA,531262,BSE,BSE/Yahoo Finance,531262.BO,,,,
INE060T01024,,,VISHALBL,539398,BSE,BSE/Yahoo Finance,539398.BO,,,,
INE061B01038,,,AUDROC,530889,BSE,BSE/Yahoo Finance,530889.BO,,,,
INE062C01042,,,GLOBALCA,530263,BSE,BSE/Yahoo Finance,530263.BO,,,,
INE062E01014,,,PIONAGR,519439,BSE,BSE/Yahoo Finance,519439.BO,,,,
INE062Y01020,,,MEHAI,540730,BSE,BSE/Yahoo Finance,540730.BO,,,,
INE063601012,,,GIANLIFE,542918,BSE,BSE/Yahoo Finance,542918.BO,,,,
INE063Z01017,,,GGL,540936,BSE,BSE/Yahoo Finance,540936.BO,,,,
INE064H01021,,,GEE,504028,BSE,BSE/Yahoo Finance,504028.BO,,,,
INE064L01015,,,GLOBUSCON,526025,BSE,BSE/Yahoo Finance,526025.BO,,,,
INE064R01012,,,MODULEX,504273,BSE,BSE/Yahoo Finance,504273.BO,,,,
INE064T01018,,,IFINSER,539692,BSE,BSE/Yahoo Finance,539692.BO,,,,
INE065E01017,,,SHHARICH,524336,BSE,BSE/Yahoo Finance,524336.BO,,,,
INE067901012,,,UMA,209345,BSE,BSE/Yahoo Finance,209345.BO,,,,
INE067C01025,,,ANKIN,531673,BSE,BSE/Yahoo Finance,531673.BO,,,,
INE067E01013,,,STERPOW,513575,BSE,BSE/Yahoo Finance,513575.BO,,,,
INE068B01017,,,SEKURITIND,515043,BSE,BSE/Yahoo Finance,515043.BO,,,,
INE068C01015,,,ARAVALIS,512344,BSE,BSE/Yahoo Finance,512344.BO,,,,
INE068Z01016,,,VASA,203016,BSE,BSE/Yahoo Finance,203016.BO,,,,
INE069B01023,,,ANUPAM,530109,BSE,BSE/Yahoo Finance,530109.BO,,,,
INE069E01019,,,SURAJ,518075,BSE,BSE/Yahoo Finance,518075.BO,,,,
INE06IJ01010,,,UTSSAV,211835,BSE,BSE/Yahoo Finance,211835.BO,,,,
INE06LG01010,,,VRFILMS,542654,BSE,BSE/Yahoo Finance,542654.BO,,,,
INE06MH01016,,,GOLDKART,206531,BSE,BSE/Yahoo Finance,206531.BO,,,,
INE06MM01016,,,NATURAL,543207,BSE,BSE/Yahoo Finance,543207.BO,,,,
INE06PV01010,,,CMNL,209390,BSE,BSE/Yahoo Finance,209390.BO,,,,
INE06TD01010,,,EVANS,542668,BSE,BSE/Yahoo Finance,542668.BO,,,,
INE06YD01010,,,TRANSPACT,542765,BSE,BSE/Yahoo Finance,542765.BO,,,,
INE06ZX01015,,,PARTYCRUS,207734,BSE,BSE/Yahoo Finance,207734.BO,,,,
INE070K01014,,,APIS,506166,BSE,BSE/Yahoo Finance,506166.BO,,,,
INE070Y01023,,,ITTL,212223,BSE,BSE/Yahoo Finance,212223.BO,,,,
INE071Y01013,,,TTFL,540726,BSE,BSE/Yahoo Finance,540726.BO,,,,
INE072A01029,,,INDIAHOMES,513361,BSE,BSE/Yahoo Finance,513361.BO,,,,
INE072B01027,,,AEIM,526443,BSE,BSE/Yahoo Finance,526443.BO,,,,
INE072V01017,,,AMBARPIL,519471,BSE,BSE/Yahoo Finance,519471.BO,,,,
INE073A01019,,,KRIFILIND,500248,BSE,BSE/Yahoo Finance,500248.BO,,,,
INE073I01012,,,ISHWATR,506161,BSE,BSE/Yahoo Finance,506161.BO,,,,
INE074C01013,,,HINDADH,514428,BSE,BSE/Yahoo Finance,514428.BO,,,,
INE074H01012,,,SARTHAKIND,531930,BSE,BSE/Yahoo Finance,531930.BO,,,,
INE074J01018,,,TRANOCE,509003,BSE,BSE/Yahoo Finance,509003.BO,,,,
INE075H01019,,,SARTHAKGL,530993,BSE,BSE/Yahoo Finance,530993.BO,,,,
INE075K01013,,,ANVRDHI,538539,BSE,BSE/Yahoo Finance,538539.BO,,,,
INE075Z01011,,,CMRSL,209170,BSE,BSE/Yahoo Finance,209170.BO,,,,
INE076D01016,,,GAGAN,524624,BSE,BSE/Yahoo Finance,524624.BO,,,,
INE077B01018,,,ZODJRDMKJ,512587,BSE,BSE/Yahoo Finance,512587.BO,,,,
INE078D01012,,,PGFOILQ,526747,BSE,BSE/Yahoo Finance,526747.BO,,,,
INE078I01011,,,ARCHITORG,524640,BSE,BSE/Yahoo Finance,524640.BO,,,,
INE078T01026,,,KRRAIL,514360,BSE,BSE/Yahoo Finance,514360.BO,,,,
INE079C01012,,,KEL,539599,BSE,BSE/Yahoo Finance,539599.BO,,,,
INE079L01013,,,IYKOTHITE,522245,BSE,BSE/Yahoo Finance,522245.BO,,,,
INE079N01019,,,SHKALYN,532083,BSE,BSE/Yahoo Finance,532083.BO,,,,
INE07G501017,,,SHPLPUNE,544090,BSE,BSE/Yahoo Finance,544090.BO,,,,
INE07GA01011,,,SGFRL,543391,BSE,BSE/Yahoo Finance,543391.BO,,,,
INE07I701011,,,ALNATRD,506120,BSE,BSE/Yahoo Finance,506120.BO,,,,
INE07L501010,,,DMR,543410,BSE,BSE/Yahoo Finance,543410.BO,,,,
INE07LH01016,,,DEVITRD,512445,BSE,BSE/Yahoo Finance,512445.BO,,,,
INE07LK01010,,,RIDHISYN,504365,BSE,BSE/Yahoo Finance,504365.BO,,,,
INE07MC01015,,,ZSATYASL,503893,BSE,BSE/Yahoo Finance,503893.BO,,,,
INE07NX01019,,,PUNCTRD,512461,BSE,BSE/Yahoo Finance,512461.BO,,,,
INE07P301011,,,SYTIXSE,531432,BSE,BSE/Yahoo Finance,531432.BO,,,,
INE07QQ01016,,,CBPL,542934,BSE,BSE/Yahoo Finance,542934.BO,,,,
INE080D01042,,,SYBLY,531499,BSE,BSE/Yahoo Finance,531499.BO,,,,
INE080G01029,,,CONTILI,531067,BSE,BSE/Yahoo Finance,531067.BO,,,,
INE081B01028,,,CARNATIN,530609,BSE,BSE/Yahoo Finance,530609.BO,,,,
INE082101010,,,ARISTO,209425,BSE,BSE/Yahoo Finance,209425.BO,,,,
INE082B01018,,,MACPLASQ,523248,BSE,BSE/Yahoo Finance,523248.BO,,,,
INE082C01024,,,PATELSAI,517417,BSE,BSE/Yahoo Finance,517417.BO,,,,
INE083E01010,,,DYNAVSN,517238,BSE,BSE/Yahoo Finance,517238.BO,,,,
INE083G01031,,,TATIAGLOB,521228,BSE,BSE/Yahoo Finance,521228.BO,,,,
INE083O01019,,,ZHINDHSG,509650,BSE,BSE/Yahoo Finance,509650.BO,,,,
INE084D01010,,,CGVAK,531489,BSE,BSE/Yahoo Finance,531489.BO,,,,
INE087E01011,,,FINELINE,517264,BSE,BSE/Yahoo Finance,517264.BO,,,,
INE088D01011,,,TRESCON,532159,BSE,BSE/Yahoo Finance,532159.BO,,,,
INE088E01019,,,GOLDLEG,509024,BSE,BSE/Yahoo Finance,509024.BO,,,,
INE088G01014,,,STHINPA,516108,BSE,BSE/Yahoo Finance,516108.BO,,,,
INE088P01015,,,ICONIKSPEV,511260,BSE,BSE/Yahoo Finance,511260.BO,,,,
INE089T01023,,,BOMBWIR,504648,BSE,BSE/Yahoo Finance,504648.BO,,,,
INE08E401029,,,ALPHALOGIC,542770,BSE,BSE/Yahoo Finance,542770.BO,,,,
INE08JY01013,,,NOVATEOR,542771,BSE,BSE/Yahoo Finance,542771.BO,,,,
INE08KD01015,,,ASCOM,206558,BSE,BSE/Yahoo Finance,206558.BO,,,,
INE08NJ01024,,,ARABIAN,210687,BSE,BSE/Yahoo Finance,210687.BO,,,,
INE08NZ01012,,,NAMOEWASTE,211962,BSE,BSE/Yahoo Finance,211962.BO,,,,
INE08RT01016,,,VALENCIA,542910,BSE,BSE/Yahoo Finance,542910.BO,,,,
INE08S201019,,,YCCL,210517,BSE,BSE/Yahoo Finance,210517.BO,,,,
INE090D01017,,,TITANSEC,530045,BSE,BSE/Yahoo Finance,530045.BO,,,,
INE090Y01013,,,CADSYS,206071,BSE,BSE/Yahoo Finance,206071.BO,,,,
INE091C01017,,,SUPER,512527,BSE,BSE/Yahoo Finance,512527.BO,,,,
INE091E01039,,,JAYTEX,512233,BSE,BSE/Yahoo Finance,512233.BO,,,,
INE091N01014,,,OLYMTFI,511632,BSE,BSE/Yahoo Finance,511632.BO,,,,
INE092301014,,,HINDUST,519574,BSE,BSE/Yahoo Finance,519574.BO,,,,
INE092C01015,,,PMTELELIN,513403,BSE,BSE/Yahoo Finance,513403.BO,,,,
INE092D01013,,,FRONTCORP,532042,BSE,BSE/Yahoo Finance,532042.BO,,,,
INE092E01011,,,KAKTEX,521054,BSE,BSE/Yahoo Finance,521054.BO,,,,
INE092G01024,,,SAICOM,512097,BSE,BSE/Yahoo Finance,512097.BO,,,,
INE092H01014,,,SHIVAGR,522237,BSE,BSE/Yahoo Finance,522237.BO,,,,
INE092O01028,,,VINRKLB,526075,BSE,BSE/Yahoo Finance,526075.BO,,,,
INE092P01017,,,VELOX,506178,BSE,BSE/Yahoo Finance,506178.BO,,,,
INE094C01011,,,TRIVENIGQ,502281,BSE,BSE/Yahoo Finance,502281.BO,,,,
INE094E01017,,,MANSIFIN,511758,BSE,BSE/Yahoo Finance,511758.BO,,,,
INE094R01019,,,EENTER,501386,BSE,BSE/Yahoo Finance,501386.BO,,,,
INE094S01041,,,MISHTANN,539594,BSE,BSE/Yahoo Finance,539594.BO,,,,
INE095B01010,,,ELEMARB,526705,BSE,BSE/Yahoo Finance,526705.BO,,,,
INE095C01018,,,YASHRAJC,530063,BSE,BSE/Yahoo Finance,530063.BO,,,,
INE095E01022,,,MPFSL,532470,BSE,BSE/Yahoo Finance,532470.BO,,,,
INE096A01010,,,UTIQUE,500014,BSE,BSE/Yahoo Finance,500014.BO,,,,
INE096I01021,,,ANJANIFOODS,511153,BSE,BSE/Yahoo Finance,511153.BO,,,,
INE096L01025,,,KTIL,533289,BSE,BSE/Yahoo Finance,533289.BO,,,,
INE097E01028,,,MINALIND,522235,BSE,BSE/Yahoo Finance,522235.BO,,,,
INE098E01026,,,HARSHILAGR,505336,BSE,BSE/Yahoo Finance,505336.BO,,,,
INE099D01026,,,UNISON,538610,BSE,BSE/Yahoo Finance,538610.BO,,,,
INE099E01016,,,NAGPI,532362,BSE,BSE/Yahoo Finance,532362.BO,,,,
INE099S01016,,,IGCIL,539449,BSE,BSE/Yahoo Finance,539449.BO,,,,
INE09A801015,,,GML,213754,BSE,BSE/Yahoo Finance,213754.BO,,,,
INE09BN01011,,,AVEER,543737,BSE,BSE/Yahoo Finance,543737.BO,,,,
INE09FA01019,,,YUDIZ,210544,BSE,BSE/Yahoo Finance,210544.BO,,,,
INE0A1E01018,,,SIDDHIKA,207819,BSE,BSE/Yahoo Finance,207819.BO,,,,
INE0A6N01026,,,MCPL,544073,BSE,BSE/Yahoo Finance,544073.BO,,,,
INE0A8401016,,,CITICHEM,544324,BSE,BSE/Yahoo Finance,544324.BO,,,,
INE0ABU01016,,,PSPL,544378,BSE,BSE/Yahoo Finance,544378.BO,,,,
INE0AH901011,,,CHATHA,544151,BSE,BSE/Yahoo Finance,544151.BO,,,,
INE0AK901016,,,RRECL,544346,BSE,BSE/Yahoo Finance,544346.BO,,,,
INE0AOG01018,,,KENRIK,544398,BSE,BSE/Yahoo Finance,544398.BO,,,,
INE0AZY01017,,,VILAS,211629,BSE,BSE/Yahoo Finance,211629.BO,,,,
INE0B2801011,,,UNILEX,212052,BSE,BSE/Yahoo Finance,212052.BO,,,,
INE0B2N01016,,,CHANDAN,212501,BSE,BSE/Yahoo Finance,212501.BO,,,,
INE0B6101012,,,TIMESGREEN,543310,BSE,BSE/Yahoo Finance,543310.BO,,,,
INE0BDU01028,,,ROJL,543171,BSE,BSE/Yahoo Finance,543171.BO,,,,
INE0BHK01012,,,VISAMAN,211714,BSE,BSE/Yahoo Finance,211714.BO,,,,
INE0BIW01023,,,TRANWAY21,542923,BSE,BSE/Yahoo Finance,542923.BO,,,,
INE0BLY01023,,,SHINEFASH,543244,BSE,BSE/Yahoo Finance,543244.BO,,,,
INE0BSN01013,,,SATECH,211823,BSE,BSE/Yahoo Finance,211823.BO,,,,
INE0BSU01018,,,LOGICA,543746,BSE,BSE/Yahoo Finance,543746.BO,,,,
INE0BTR01012,,,SYNOPTICS,210476,BSE,BSE/Yahoo Finance,210476.BO,,,,
INE0BUQ01012,,,GALLARD,544616,BSE,BSE/Yahoo Finance,544616.BO,,,,
INE0BWS23018,,,ALTIUSINVIT,543225,BSE,BSE/Yahoo Finance,543225.BO,,,,
INE0BZQ01011,,,RCDL,210748,BSE,BSE/Yahoo Finance,210748.BO,,,,
INE0C4I01011,,,SMAUTO,543065,BSE,BSE/Yahoo Finance,543065.BO,,,,
INE0C5901022,,,AAPLUSTRAD,543319,BSE,BSE/Yahoo Finance,543319.BO,,,,
INE0CAJ01017,,,AILIMITED,208056,BSE,BSE/Yahoo Finance,208056.BO,,,,
INE0CBM01019,,,USASEEDS,209006,BSE,BSE/Yahoo Finance,209006.BO,,,,
INE0CCU25019,,,MINDSPACE,543217,BSE,BSE/Yahoo Finance,543217.BO,,,,
INE0CDI23017,,,DIGIFIBRE,543859,BSE,BSE/Yahoo Finance,543859.BO,,,,
INE0CDK01019,,,MAKS,209129,BSE,BSE/Yahoo Finance,209129.BO,,,,
INE0CFG01012,,,PRLIND,211580,BSE,BSE/Yahoo Finance,211580.BO,,,,
INE0CFH01028,,,RIKHAV,544340,BSE,BSE/Yahoo Finance,544340.BO,,,,
INE0CNJ01010,,,YAJUR,544676,BSE,BSE/Yahoo Finance,544676.BO,,,,
INE0CPQ01010,,,NIRMITEE,543194,BSE,BSE/Yahoo Finance,543194.BO,,,,
INE0CPR01018,,,EKI,543284,BSE,BSE/Yahoo Finance,543284.BO,,,,
INE0CQ101015,,,RCAN,543285,BSE,BSE/Yahoo Finance,543285.BO,,,,
INE0CQA01020,,,PRIMECAB,213802,BSE,BSE/Yahoo Finance,213802.BO,,,,
INE0CQB01010,,,COSPOWER,543172,BSE,BSE/Yahoo Finance,543172.BO,,,,
INE0CRS01012,,,BILLWIN,543209,BSE,BSE/Yahoo Finance,543209.BO,,,,
INE0CTB01014,,,SOCL,215513,BSE,BSE/Yahoo Finance,215513.BO,,,,
INE0CWK01019,,,ADISHAKTI,543377,BSE,BSE/Yahoo Finance,543377.BO,,,,
INE0CYK01015,,,PURPLEFIN,544191,BSE,BSE/Yahoo Finance,544191.BO,,,,
INE0D2I01014,,,EPBIO,543595,BSE,BSE/Yahoo Finance,543595.BO,,,,
INE0D5F01013,,,NETPIX,543247,BSE,BSE/Yahoo Finance,543247.BO,,,,
INE0D7801012,,,MRP,543262,BSE,BSE/Yahoo Finance,543262.BO,,,,
INE0D8001018,,,SHTL,544607,BSE,BSE/Yahoo Finance,544607.BO,,,,
INE0D9X01018,,,ARTEMISADR,543286,BSE,BSE/Yahoo Finance,543286.BO,,,,
INE0DEZ01013,,,K2INFRA,211494,BSE,BSE/Yahoo Finance,211494.BO,,,,
INE0DHF01018,,,IPHL,211931,BSE,BSE/Yahoo Finance,211931.BO,,,,
INE0DLM01024,,,SBLI,543366,BSE,BSE/Yahoo Finance,543366.BO,,,,
INE0DM401012,,,SHRIAHIMSA,213182,BSE,BSE/Yahoo Finance,213182.BO,,,,
INE0DN001027,,,ASARFI,543943,BSE,BSE/Yahoo Finance,543943.BO,,,,
INE0DQN01013,,,NISUS,544296,BSE,BSE/Yahoo Finance,544296.BO,,,,
INE0DRT01018,,,FABINO,543444,BSE,BSE/Yahoo Finance,543444.BO,,,,
INE0DTJ01015,,,POBS,543352,BSE,BSE/Yahoo Finance,543352.BO,,,,
INE0DTQ01028,,,LLOYDS,209171,BSE,BSE/Yahoo Finance,209171.BO,,,,
INE0DXR01010,,,FOCUS,543312,BSE,BSE/Yahoo Finance,543312.BO,,,,
INE0DZ101013,,,SABAR,209113,BSE,BSE/Yahoo Finance,209113.BO,,,,
INE0DZ701010,,,DYNAMIC,208302,BSE,BSE/Yahoo Finance,208302.BO,,,,
INE0DZD01015,,,HMEML,544349,BSE,BSE/Yahoo Finance,544349.BO,,,,
INE0E2801015,,,GMPL,543239,BSE,BSE/Yahoo Finance,543239.BO,,,,
INE0E4I01027,,,ASCENSIVE,543443,BSE,BSE/Yahoo Finance,543443.BO,,,,
INE0E5R01017,,,NVENTURES,543522,BSE,BSE/Yahoo Finance,543522.BO,,,,
INE0EAS01014,,,CONNPLEX,213641,BSE,BSE/Yahoo Finance,213641.BO,,,,
INE0EAX01014,,,AASHKA,543346,BSE,BSE/Yahoo Finance,543346.BO,,,,
INE0ECC01022,,,MAXPOSURE,211036,BSE,BSE/Yahoo Finance,211036.BO,,,,
INE0EDU01014,,,FINBUD,215290,BSE,BSE/Yahoo Finance,215290.BO,,,,
INE0EO401019,,,ROYALARC,212531,BSE,BSE/Yahoo Finance,212531.BO,,,,
INE0EOJ01014,,,KKSILK,544624,BSE,BSE/Yahoo Finance,544624.BO,,,,
INE0F3301020,,,SJLOGISTIC,210923,BSE,BSE/Yahoo Finance,210923.BO,,,,
INE0F8901022,,,VICTORYEV,215572,BSE,BSE/Yahoo Finance,215572.BO,,,,
INE0FDU25010,,,BIRET,543261,BSE,BSE/Yahoo Finance,543261.BO,,,,
INE0FFF01017,,,LKMEHTA,544366,BSE,BSE/Yahoo Finance,544366.BO,,,,
INE0FK501019,,,INDOBELL,544334,BSE,BSE/Yahoo Finance,544334.BO,,,,
INE0FLF01015,,,NIKITA,213373,BSE,BSE/Yahoo Finance,213373.BO,,,,
INE0FMZ01045,,,SHREEREF,544458,BSE,BSE/Yahoo Finance,544458.BO,,,,
INE0FPO01018,,,PHOGLOBAL,212038,BSE,BSE/Yahoo Finance,212038.BO,,,,
INE0G0V01018,,,ADJIA,543269,BSE,BSE/Yahoo Finance,543269.BO,,,,
INE0G1D01014,,,MEGAFLEX,209110,BSE,BSE/Yahoo Finance,209110.BO,,,,
INE0G1V01016,,,AMANAYA,543804,BSE,BSE/Yahoo Finance,543804.BO,,,,
INE0G2G01015,,,WALPAR,208105,BSE,BSE/Yahoo Finance,208105.BO,,,,
INE0GAO01018,,,PREVEST,543363,BSE,BSE/Yahoo Finance,543363.BO,,,,
INE0GD201014,,,SAMOR,543376,BSE,BSE/Yahoo Finance,543376.BO,,,,
INE0GEN01012,,,SWANAGRO,544082,BSE,BSE/Yahoo Finance,544082.BO,,,,
INE0GGX23010,,,PGINVIT,543290,BSE,BSE/Yahoo Finance,543290.BO,,,,
INE0GMR01016,,,SWARAJ,208661,BSE,BSE/Yahoo Finance,208661.BO,,,,
INE0GN101014,,,DKEGL,208318,BSE,BSE/Yahoo Finance,208318.BO,,,,
INE0GOA01018,,,NBL,543351,BSE,BSE/Yahoo Finance,543351.BO,,,,
INE0GOJ01027,,,QUADPRO,208232,BSE,BSE/Yahoo Finance,208232.BO,,,,
INE0GTX01019,,,PGCRL,543540,BSE,BSE/Yahoo Finance,543540.BO,,,,
INE0GX601011,,,NIKSTECH,543282,BSE,BSE/Yahoo Finance,543282.BO,,,,
INE0GXK01018,,,VMARCIND,207825,BSE,BSE/Yahoo Finance,207825.BO,,,,
INE0GYI01028,,,HSIL,543916,BSE,BSE/Yahoo Finance,543916.BO,,,,
INE0H1201020,,,GETALONG,543372,BSE,BSE/Yahoo Finance,543372.BO,,,,
INE0H3U01013,,,VAHH,544778,BSE,BSE/Yahoo Finance,544778.BO,,,,
INE0H4B01011,,,LRRPL,209492,BSE,BSE/Yahoo Finance,209492.BO,,,,
INE0H7R23014,,,NHIT,543385,BSE,BSE/Yahoo Finance,543385.BO,,,,
INE0H8H01019,,,CWD,543378,BSE,BSE/Yahoo Finance,543378.BO,,,,
INE0H8J01015,,,ADESHWAR,543309,BSE,BSE/Yahoo Finance,543309.BO,,,,
INE0HKW01018,,,PRECISION,208528,BSE,BSE/Yahoo Finance,208528.BO,,,,
INE0HLJ01013,,,SVRL,543373,BSE,BSE/Yahoo Finance,543373.BO,,,,
INE0HMN01013,,,ESQRMON,512439,BSE,BSE/Yahoo Finance,512439.BO,,,,
INE0HPK01020,,,DUGLOBAL,208924,BSE,BSE/Yahoo Finance,208924.BO,,,,
INE0HQI01014,,,BEWLTD,208204,BSE,BSE/Yahoo Finance,208204.BO,,,,
INE0HS001028,,,COOLCAPS,208628,BSE,BSE/Yahoo Finance,208628.BO,,,,
INE0HSD01011,,,FABCLEAN,544332,BSE,BSE/Yahoo Finance,544332.BO,,,,
INE0I2F01015,,,PROMAX,543375,BSE,BSE/Yahoo Finance,543375.BO,,,,
INE0I3H01019,,,VELS,209600,BSE,BSE/Yahoo Finance,209600.BO,,,,
INE0I3Y01014,,,BMETRICS,208301,BSE,BSE/Yahoo Finance,208301.BO,,,,
INE0I7D01019,,,FOCE,208419,BSE,BSE/Yahoo Finance,208419.BO,,,,
INE0IA701014,,,VIVO,208433,BSE,BSE/Yahoo Finance,208433.BO,,,,
INE0ID001024,,,VEERKRUPA,543545,BSE,BSE/Yahoo Finance,543545.BO,,,,
INE0IGO01011,,,DESTINY,208303,BSE,BSE/Yahoo Finance,208303.BO,,,,
INE0IJF01013,,,SELLOWRAP,213580,BSE,BSE/Yahoo Finance,213580.BO,,,,
INE0IJY01014,,,TIMESCAN,208475,BSE,BSE/Yahoo Finance,208475.BO,,,,
INE0IM001015,,,WITS,543436,BSE,BSE/Yahoo Finance,543436.BO,,,,
INE0IPL01018,,,INTEGSW,517423,BSE,BSE/Yahoo Finance,517423.BO,,,,
INE0ISZ01012,,,ZTECH,211634,BSE,BSE/Yahoo Finance,211634.BO,,,,
INE0ITO01014,,,ESFL,210454,BSE,BSE/Yahoo Finance,210454.BO,,,,
INE0IXR01019,,,SCARNOSE,543537,BSE,BSE/Yahoo Finance,543537.BO,,,,
INE0IZQ01016,,,BRRL,543543,BSE,BSE/Yahoo Finance,543543.BO,,,,
INE0J1E01027,,,KCK,212140,BSE,BSE/Yahoo Finance,212140.BO,,,,
INE0J1P01015,,,RICHA,208561,BSE,BSE/Yahoo Finance,208561.BO,,,,
INE0J2K01014,,,GLHRL,543520,BSE,BSE/Yahoo Finance,543520.BO,,,,
INE0J6801010,,,KORE,209084,BSE,BSE/Yahoo Finance,209084.BO,,,,
INE0J6L01013,,,NIDAN,208362,BSE,BSE/Yahoo Finance,208362.BO,,,,
INE0JEI23010,,,ROADSTAR,544374,BSE,BSE/Yahoo Finance,544374.BO,,,,
INE0JFE01012,,,OMNIPOTENT,543400,BSE,BSE/Yahoo Finance,543400.BO,,,,
INE0JFJ01011,,,BAWEJA,211096,BSE,BSE/Yahoo Finance,211096.BO,,,,
INE0JHH01011,,,DOLLEX,209344,BSE,BSE/Yahoo Finance,209344.BO,,,,
INE0JJS01014,,,CLARA,543435,BSE,BSE/Yahoo Finance,543435.BO,,,,
INE0JMN01019,,,SFSL,543519,BSE,BSE/Yahoo Finance,543519.BO,,,,
INE0JNA01014,,,SSTL,543461,BSE,BSE/Yahoo Finance,543461.BO,,,,
INE0JNB01012,,,NATURO,543579,BSE,BSE/Yahoo Finance,543579.BO,,,,
INE0JQS01019,,,TECHERA,212053,BSE,BSE/Yahoo Finance,212053.BO,,,,
INE0JR301013,,,MADHAVBAUG,208578,BSE,BSE/Yahoo Finance,208578.BO,,,,
INE0JRD01019,,,DTL,211726,BSE,BSE/Yahoo Finance,211726.BO,,,,
INE0JSJ01014,,,SPITZE,543464,BSE,BSE/Yahoo Finance,543464.BO,,,,
INE0JVD01011,,,EVOQ,543500,BSE,BSE/Yahoo Finance,543500.BO,,,,
INE0JVH01012,,,HANNAH,544687,BSE,BSE/Yahoo Finance,544687.BO,,,,
INE0JW501011,,,SPRL,208626,BSE,BSE/Yahoo Finance,208626.BO,,,,
INE0JWV01011,,,DENEERS,210323,BSE,BSE/Yahoo Finance,210323.BO,,,,
INE0JZA01018,,,SONUINFRA,208763,BSE,BSE/Yahoo Finance,208763.BO,,,,
INE0JZS01010,,,SVJ,543799,BSE,BSE/Yahoo Finance,543799.BO,,,,
INE0K1401020,,,ACHYUT,543499,BSE,BSE/Yahoo Finance,543499.BO,,,,
INE0K3301012,,,SHREEDHAR,216384,BSE,BSE/Yahoo Finance,216384.BO,,,,
INE0K4D01020,,,QUICKTOUCH,210308,BSE,BSE/Yahoo Finance,210308.BO,,,,
INE0K5F01014,,,DHYAANITR,543516,BSE,BSE/Yahoo Finance,543516.BO,,,,
INE0K5H01010,,,SADHAV,211205,BSE,BSE/Yahoo Finance,211205.BO,,,,
INE0K6601012,,,TGL,211508,BSE,BSE/Yahoo Finance,211508.BO,,,,
INE0K6L01010,,,GOEL,543538,BSE,BSE/Yahoo Finance,543538.BO,,,,
INE0KA601012,,,ALKOSIGN,543453,BSE,BSE/Yahoo Finance,543453.BO,,,,
INE0KAF01018,,,QRIL,543460,BSE,BSE/Yahoo Finance,543460.BO,,,,
INE0KCM01010,,,EKENNIS,543475,BSE,BSE/Yahoo Finance,543475.BO,,,,
INE0KFF01017,,,EFACTOR,210688,BSE,BSE/Yahoo Finance,210688.BO,,,,
INE0KHQ01010,,,SAILANI,543541,BSE,BSE/Yahoo Finance,543541.BO,,,,
INE0KLO01025,,,ACTIVEINFR,213173,BSE,BSE/Yahoo Finance,213173.BO,,,,
INE0KN201016,,,INDONG,543769,BSE,BSE/Yahoo Finance,543769.BO,,,,
INE0KN801013,,,PROPEQUITY,208730,BSE,BSE/Yahoo Finance,208730.BO,,,,
INE0KPY01017,,,SEML,543515,BSE,BSE/Yahoo Finance,543515.BO,,,,
INE0KQ001017,,,BCCL,543497,BSE,BSE/Yahoo Finance,543497.BO,,,,
INE0KQQ01011,,,MAFIA,543613,BSE,BSE/Yahoo Finance,543613.BO,,,,
INE0KR801019,,,JAYANT,543544,BSE,BSE/Yahoo Finance,543544.BO,,,,
INE0KSN01014,,,EIGHTY,543518,BSE,BSE/Yahoo Finance,543518.BO,,,,
INE0KT901015,,,AMEYA,209085,BSE,BSE/Yahoo Finance,209085.BO,,,,
INE0KTW01013,,,VEEKAYEM,209046,BSE,BSE/Yahoo Finance,209046.BO,,,,
INE0KWJ01014,,,RETAGGIO,544391,BSE,BSE/Yahoo Finance,544391.BO,,,,
INE0KXN01014,,,SILVERPRL,543536,BSE,BSE/Yahoo Finance,543536.BO,,,,
INE0KYI01012,,,RIYAASAT,544804,BSE,BSE/Yahoo Finance,544804.BO,,,,
INE0KZ301010,,,KONTOR,210690,BSE,BSE/Yahoo Finance,210690.BO,,,,
INE0KZA01016,,,SKP$,208938,BSE,BSE/Yahoo Finance,208938.BO,,,,
INE0KZF01015,,,QVCEL,211905,BSE,BSE/Yahoo Finance,211905.BO,,,,
INE0KZM01011,,,CARGOSOL,543621,BSE,BSE/Yahoo Finance,543621.BO,,,,
INE0L1C01019,,,KESAR,543542,BSE,BSE/Yahoo Finance,543542.BO,,,,
INE0L2Y01011,,,ARHAM,209299,BSE,BSE/Yahoo Finance,209299.BO,,,,
INE0L3501015,,,HEALTHYLIFE,543546,BSE,BSE/Yahoo Finance,543546.BO,,,,
INE0L3H01014,,,FONE4,543521,BSE,BSE/Yahoo Finance,543521.BO,,,,
INE0L4V01013,,,VILINBIO,210435,BSE,BSE/Yahoo Finance,210435.BO,,,,
INE0LA901015,,,JFLLIFE,209086,BSE,BSE/Yahoo Finance,209086.BO,,,,
INE0LAA01017,,,ASHALOG,211831,BSE,BSE/Yahoo Finance,211831.BO,,,,
INE0LB101011,,,NACDAC,544313,BSE,BSE/Yahoo Finance,544313.BO,,,,
INE0LCG01010,,,MONIKA,544451,BSE,BSE/Yahoo Finance,544451.BO,,,,
INE0LCW01025,,,ISHAN,211046,BSE,BSE/Yahoo Finance,211046.BO,,,,
INE0LDI01022,,,INNOKAIZ,543905,BSE,BSE/Yahoo Finance,543905.BO,,,,
INE0LEX01011,,,SAHANA,210398,BSE,BSE/Yahoo Finance,210398.BO,,,,
INE0LF301013,,,AGNI,208980,BSE,BSE/Yahoo Finance,208980.BO,,,,
INE0LKP01014,,,ARDIALL,504370,BSE,BSE/Yahoo Finance,504370.BO,,,,
INE0LKQ01012,,,COMMAND,543843,BSE,BSE/Yahoo Finance,543843.BO,,,,
INE0LQG01010,,,APRAMEYA,211804,BSE,BSE/Yahoo Finance,211804.BO,,,,
INE0LQQ01019,,,FIDEL,208792,BSE,BSE/Yahoo Finance,208792.BO,,,,
INE0LR101013,,,ANLON,209379,BSE,BSE/Yahoo Finance,209379.BO,,,,
INE0LS001014,,,USHAFIN,212142,BSE,BSE/Yahoo Finance,212142.BO,,,,
INE0LU301014,,,SISL,543598,BSE,BSE/Yahoo Finance,543598.BO,,,,
INE0LVM01018,,,GRCL,209456,BSE,BSE/Yahoo Finance,209456.BO,,,,
INE0LWY01029,,,TRIDHYA,210477,BSE,BSE/Yahoo Finance,210477.BO,,,,
INE0LXA01019,,,HOLMARC,210619,BSE,BSE/Yahoo Finance,210619.BO,,,,
INE0LY301010,,,SSL,544251,BSE,BSE/Yahoo Finance,544251.BO,,,,
INE0LZO01015,,,DUCOL,209397,BSE,BSE/Yahoo Finance,209397.BO,,,,
INE0M1F01011,,,PREMIUM,212132,BSE,BSE/Yahoo Finance,212132.BO,,,,
INE0M2X01012,,,ALLETEC,209328,BSE,BSE/Yahoo Finance,209328.BO,,,,
INE0M3901015,,,OLATECH,543578,BSE,BSE/Yahoo Finance,543578.BO,,,,
INE0M3I01029,,,DHANSA,211754,BSE,BSE/Yahoo Finance,211754.BO,,,,
INE0M3X01010,,,NISMGMT,544495,BSE,BSE/Yahoo Finance,544495.BO,,,,
INE0M4L01013,,,CARGOTRANS,543618,BSE,BSE/Yahoo Finance,543618.BO,,,,
INE0M5S23019,,,MIT,543925,BSE,BSE/Yahoo Finance,543925.BO,,,,
INE0M7001010,,,TAPIFRUIT,209115,BSE,BSE/Yahoo Finance,209115.BO,,,,
INE0M7501019,,,CCAL,544000,BSE,BSE/Yahoo Finance,544000.BO,,,,
INE0M8901010,,,CONTAINE,543606,BSE,BSE/Yahoo Finance,543606.BO,,,,
INE0M8R01011,,,KOURA,544139,BSE,BSE/Yahoo Finance,544139.BO,,,,
INE0M9Q01011,,,DHARNI,543753,BSE,BSE/Yahoo Finance,543753.BO,,,,
INE0MC401013,,,DPL,543594,BSE,BSE/Yahoo Finance,543594.BO,,,,
INE0MFT01014,,,REXSEAL,543744,BSE,BSE/Yahoo Finance,543744.BO,,,,
INE0MGA01012,,,KARNIKA,210697,BSE,BSE/Yahoo Finance,210697.BO,,,,
INE0MGM01017,,,ANNAPURNA,209126,BSE,BSE/Yahoo Finance,209126.BO,,,,
INE0MGS01014,,,SHILINDORE,544080,BSE,BSE/Yahoo Finance,544080.BO,,,,
INE0MID01012,,,SVS,543745,BSE,BSE/Yahoo Finance,543745.BO,,,,
INE0MIO01019,,,ORGANICREC,543997,BSE,BSE/Yahoo Finance,543997.BO,,,,
INE0MIZ23019,,,ANZEN,543655,BSE,BSE/Yahoo Finance,543655.BO,,,,
INE0MJQ01020,,,PRITIKA,212498,BSE,BSE/Yahoo Finance,212498.BO,,,,
INE0MKA01014,,,TLL,543616,BSE,BSE/Yahoo Finance,543616.BO,,,,
INE0MKO01015,,,REETECH,543617,BSE,BSE/Yahoo Finance,543617.BO,,,,
INE0MLA01012,,,AGARWALFT,209495,BSE,BSE/Yahoo Finance,209495.BO,,,,
INE0MLZ01019,,,PHANTOMFX,209190,BSE,BSE/Yahoo Finance,209190.BO,,,,
INE0MM001019,,,SHERA,209484,BSE,BSE/Yahoo Finance,209484.BO,,,,
INE0MNP01016,,,VVIPIL,544219,BSE,BSE/Yahoo Finance,544219.BO,,,,
INE0MNV01014,,,SRSOLTD,543615,BSE,BSE/Yahoo Finance,543615.BO,,,,
INE0MO401019,,,VIAZ,209508,BSE,BSE/Yahoo Finance,209508.BO,,,,
INE0MOT01016,,,KANDARP,209130,BSE,BSE/Yahoo Finance,209130.BO,,,,
INE0MPU01011,,,TRANSVOY,543754,BSE,BSE/Yahoo Finance,543754.BO,,,,
INE0MQD01015,,,DRONACHRYA,543713,BSE,BSE/Yahoo Finance,543713.BO,,,,
INE0MRA01019,,,RITEZONE,209237,BSE,BSE/Yahoo Finance,209237.BO,,,,
INE0MRE01011,,,INFINIUM,210290,BSE,BSE/Yahoo Finance,210290.BO,,,,
INE0MSK01016,,,STML,543622,BSE,BSE/Yahoo Finance,543622.BO,,,,
INE0MSS01019,,,JAYKAILASH,544160,BSE,BSE/Yahoo Finance,544160.BO,,,,
INE0MTP01013,,,AMIABLE,209239,BSE,BSE/Yahoo Finance,209239.BO,,,,
INE0MV001018,,,MANOJJEWEL,544400,BSE,BSE/Yahoo Finance,544400.BO,,,,
INE0MVO01012,,,RAPPID,212045,BSE,BSE/Yahoo Finance,212045.BO,,,,
INE0MXP01015,,,TECHNOPACK,543656,BSE,BSE/Yahoo Finance,543656.BO,,,,
INE0MYZ01012,,,INFLUX,213453,BSE,BSE/Yahoo Finance,213453.BO,,,,
INE0N0J01014,,,CNCRD,543619,BSE,BSE/Yahoo Finance,543619.BO,,,,
INE0N1401016,,,NEELAM,212185,BSE,BSE/Yahoo Finance,212185.BO,,,,
INE0N1L01018,,,PACE,543637,BSE,BSE/Yahoo Finance,543637.BO,,,,
INE0N2D01013,,,TBI,211659,BSE,BSE/Yahoo Finance,211659.BO,,,,
INE0N4701016,,,NHL,544245,BSE,BSE/Yahoo Finance,544245.BO,,,,
INE0N4G01012,,,PARAGON,210774,BSE,BSE/Yahoo Finance,210774.BO,,,,
INE0N5801013,,,DENTALKART,210374,BSE,BSE/Yahoo Finance,210374.BO,,,,
INE0N5H01017,,,JIWANRAM,210615,BSE,BSE/Yahoo Finance,210615.BO,,,,
INE0N5O01013,,,SONALIS,543924,BSE,BSE/Yahoo Finance,543924.BO,,,,
INE0N6D01014,,,MOXSH,209353,BSE,BSE/Yahoo Finance,209353.BO,,,,
INE0N6U01018,,,KALYANI,544023,BSE,BSE/Yahoo Finance,544023.BO,,,,
INE0N6V01016,,,AMBOAGRI,543678,BSE,BSE/Yahoo Finance,543678.BO,,,,
INE0N7F01017,,,HOMESFY,209367,BSE,BSE/Yahoo Finance,209367.BO,,,,
INE0N7S01028,,,MOS,210293,BSE,BSE/Yahoo Finance,210293.BO,,,,
INE0NA301016,,,RBMINFRA,209368,BSE,BSE/Yahoo Finance,209368.BO,,,,
INE0NA501011,,,DIVINEHIRA,212706,BSE,BSE/Yahoo Finance,212706.BO,,,,
INE0NB801022,,,SATKARTAR,212393,BSE,BSE/Yahoo Finance,212393.BO,,,,
INE0NC801013,,,VEDANTASSET,543623,BSE,BSE/Yahoo Finance,543623.BO,,,,
INE0NCC01015,,,ARIHANTACA,209347,BSE,BSE/Yahoo Finance,209347.BO,,,,
INE0NDH25011,,,NXST,543913,BSE,BSE/Yahoo Finance,543913.BO,,,,
INE0NDX01019,,,INSPIRE,210662,BSE,BSE/Yahoo Finance,210662.BO,,,,
INE0NEV01011,,,AHASOLAR,543941,BSE,BSE/Yahoo Finance,543941.BO,,,,
INE0NHL23019,,,INDUSINVIT,544137,BSE,BSE/Yahoo Finance,544137.BO,,,,
INE0NIJ01025,,,DEVLAB,543848,BSE,BSE/Yahoo Finance,543848.BO,,,,
INE0NJ001013,,,CFF,543920,BSE,BSE/Yahoo Finance,543920.BO,,,,
INE0NLB01018,,,VERTEXPLUS,209553,BSE,BSE/Yahoo Finance,209553.BO,,,,
INE0NLJ01011,,,LABELKRAFT,543830,BSE,BSE/Yahoo Finance,543830.BO,,,,
INE0NNZ01013,,,INFOLLION,210380,BSE,BSE/Yahoo Finance,210380.BO,,,,
INE0NON01025,,,SHKSIL,213479,BSE,BSE/Yahoo Finance,213479.BO,,,,
INE0NPA01011,,,PATRON,543798,BSE,BSE/Yahoo Finance,543798.BO,,,,
INE0NPI01014,,,SRIVASAVI,209532,BSE,BSE/Yahoo Finance,209532.BO,,,,
INE0NQ401024,,,AVAX,544337,BSE,BSE/Yahoo Finance,544337.BO,,,,
INE0NR501012,,,VIKRAMAR,544371,BSE,BSE/Yahoo Finance,544371.BO,,,,
INE0NR623014,,,CUBEINVIT,543899,BSE,BSE/Yahoo Finance,543899.BO,,,,
INE0NR701018,,,KRISHCA,210351,BSE,BSE/Yahoo Finance,210351.BO,,,,
INE0NT601018,,,GARGI,543709,BSE,BSE/Yahoo Finance,543709.BO,,,,
INE0NTC01019,,,RETINA,543902,BSE,BSE/Yahoo Finance,543902.BO,,,,
INE0NUL01018,,,AUROIMPEX,210338,BSE,BSE/Yahoo Finance,210338.BO,,,,
INE0NVI01020,,,TRANSTEEL,210786,BSE,BSE/Yahoo Finance,210786.BO,,,,
INE0NXA01015,,,COMRADE,543921,BSE,BSE/Yahoo Finance,543921.BO,,,,
INE0NY101012,,,AUTOPRD,505032,BSE,BSE/Yahoo Finance,505032.BO,,,,
INE0NYN01016,,,RESGEN,543805,BSE,BSE/Yahoo Finance,543805.BO,,,,
INE0NZF01019,,,ALPHAIND,543937,BSE,BSE/Yahoo Finance,543937.BO,,,,
INE0NZW01014,,,PATTECH,210300,BSE,BSE/Yahoo Finance,210300.BO,,,,
INE0O0001013,,,CELLPOINT,210434,BSE,BSE/Yahoo Finance,210434.BO,,,,
INE0O0201019,,,URBAN,210426,BSE,BSE/Yahoo Finance,210426.BO,,,,
INE0O1M01015,,,QFIL,209601,BSE,BSE/Yahoo Finance,209601.BO,,,,
INE0O1S01012,,,MAGSON,210455,BSE,BSE/Yahoo Finance,210455.BO,,,,
INE0O1T01010,,,MAIDEN,543874,BSE,BSE/Yahoo Finance,543874.BO,,,,
INE0O2D01012,,,SOTAC,209842,BSE,BSE/Yahoo Finance,209842.BO,,,,
INE0O3O01017,,,SEL$,210569,BSE,BSE/Yahoo Finance,210569.BO,,,,
INE0O4601016,,,SEALMATIC,543782,BSE,BSE/Yahoo Finance,543782.BO,,,,
INE0O4M01019,,,MCON,209598,BSE,BSE/Yahoo Finance,209598.BO,,,,
INE0O4R01018,,,KDL,210403,BSE,BSE/Yahoo Finance,210403.BO,,,,
INE0O4V01010,,,EARTH,543765,BSE,BSE/Yahoo Finance,543765.BO,,,,
INE0O5T01011,,,REMUS,210352,BSE,BSE/Yahoo Finance,210352.BO,,,,
INE0O6A01019,,,ITCONS,543806,BSE,BSE/Yahoo Finance,543806.BO,,,,
INE0O6N01012,,,AGUL,210301,BSE,BSE/Yahoo Finance,210301.BO,,,,
INE0O7401018,,,IBLFL,211004,BSE,BSE/Yahoo Finance,211004.BO,,,,
INE0O7A01017,,,PRAMARA,210599,BSE,BSE/Yahoo Finance,210599.BO,,,,
INE0O7P01015,,,GREENCHEF,210456,BSE,BSE/Yahoo Finance,210456.BO,,,,
INE0O7R01011,,,SYSTANGO,209554,BSE,BSE/Yahoo Finance,209554.BO,,,,
INE0O8901016,,,EXHICON,543895,BSE,BSE/Yahoo Finance,543895.BO,,,,
INE0O9L01010,,,SHIPWAVES,544646,BSE,BSE/Yahoo Finance,544646.BO,,,,
INE0OB201016,,,AATMAJ,210436,BSE,BSE/Yahoo Finance,210436.BO,,,,
INE0OCC01013,,,BASILIC,210598,BSE,BSE/Yahoo Finance,210598.BO,,,,
INE0OFK01019,,,CRAYONS,210375,BSE,BSE/Yahoo Finance,210375.BO,,,,
INE0OGG01015,,,DHTL,211090,BSE,BSE/Yahoo Finance,211090.BO,,,,
INE0OH401016,,,KKSHL,544013,BSE,BSE/Yahoo Finance,544013.BO,,,,
INE0OIP01012,,,MONOPHARMA,210583,BSE,BSE/Yahoo Finance,210583.BO,,,,
INE0OJ401014,,,BIZOTIC,543926,BSE,BSE/Yahoo Finance,543926.BO,,,,
INE0OJM01017,,,MASTER,210657,BSE,BSE/Yahoo Finance,210657.BO,,,,
INE0OJZ01019,,,SHOORA,543970,BSE,BSE/Yahoo Finance,543970.BO,,,,
INE0OK701014,,,NIRMAN,209622,BSE,BSE/Yahoo Finance,209622.BO,,,,
INE0OKG01017,,,PCL,543814,BSE,BSE/Yahoo Finance,543814.BO,,,,
INE0OL001018,,,SPECTSTM,210427,BSE,BSE/Yahoo Finance,210427.BO,,,,
INE0OLH01013,,,ROBU,543787,BSE,BSE/Yahoo Finance,543787.BO,,,,
INE0OLS01010,,,VINYAS,210684,BSE,BSE/Yahoo Finance,210684.BO,,,,
INE0OLZ01015,,,HARSHDEEP,544105,BSE,BSE/Yahoo Finance,544105.BO,,,,
INE0OMF01015,,,SHRITECH,210530,BSE,BSE/Yahoo Finance,210530.BO,,,,
INE0OMI01019,,,BRIGHT,543831,BSE,BSE/Yahoo Finance,543831.BO,,,,
INE0OMO01025,,,CELLECOR,211856,BSE,BSE/Yahoo Finance,211856.BO,,,,
INE0OMZ01013,,,VRUDDHI,544157,BSE,BSE/Yahoo Finance,544157.BO,,,,
INE0ON201012,,,SSFL,210547,BSE,BSE/Yahoo Finance,210547.BO,,,,
INE0ONE01016,,,PROV,210378,BSE,BSE/Yahoo Finance,210378.BO,,,,
INE0OO201011,,,WOL3D,212046,BSE,BSE/Yahoo Finance,212046.BO,,,,
INE0OPC01015,,,INM,211172,BSE,BSE/Yahoo Finance,211172.BO,,,,
INE0OPS01011,,,OLIL,210693,BSE,BSE/Yahoo Finance,210693.BO,,,,
INE0ORA01015,,,COSMICCRF,543928,BSE,BSE/Yahoo Finance,543928.BO,,,,
INE0ORS01017,,,PENTAGON,210473,BSE,BSE/Yahoo Finance,210473.BO,,,,
INE0OSJ01014,,,VINSYS,210540,BSE,BSE/Yahoo Finance,210540.BO,,,,
INE0OUS01011,,,SHENTRA,530757,BSE,BSE/Yahoo Finance,530757.BO,,,,
INE0OUT01019,,,ORIANA,210541,BSE,BSE/Yahoo Finance,210541.BO,,,,
INE0OUW01013,,,DURLAX,211692,BSE,BSE/Yahoo Finance,211692.BO,,,,
INE0OVI01010,,,SANGANI,210545,BSE,BSE/Yahoo Finance,210545.BO,,,,
INE0OWC01011,,,KHAZANCHI,543953,BSE,BSE/Yahoo Finance,543953.BO,,,,
INE0OWX01025,,,VISDEM,210632,BSE,BSE/Yahoo Finance,210632.BO,,,,
INE0OXV01027,,,TUNWAL,211779,BSE,BSE/Yahoo Finance,211779.BO,,,,
INE0OXY01013,,,AFCOM,544224,BSE,BSE/Yahoo Finance,544224.BO,,,,
INE0OYE01013,,,QUESTFLOW,543982,BSE,BSE/Yahoo Finance,543982.BO,,,,
INE0OYK01010,,,RUDRAGAS,544121,BSE,BSE/Yahoo Finance,544121.BO,,,,
INE0P0001010,,,APS,211016,BSE,BSE/Yahoo Finance,211016.BO,,,,
INE0P1P01017,,,MARINETRAN,210873,BSE,BSE/Yahoo Finance,210873.BO,,,,
INE0P1Q01015,,,SERVICE,210498,BSE,BSE/Yahoo Finance,210498.BO,,,,
INE0P3N01018,,,KAKA,543939,BSE,BSE/Yahoo Finance,543939.BO,,,,
INE0P4701011,,,SAHAJSOLAR,211764,BSE,BSE/Yahoo Finance,211764.BO,,,,
INE0P4P01011,,,TECHKGREEN,543991,BSE,BSE/Yahoo Finance,543991.BO,,,,
INE0P4R01017,,,SWADHATURE,531039,BSE,BSE/Yahoo Finance,531039.BO,,,,
INE0P4T01013,,,ARVINDPORT,210730,BSE,BSE/Yahoo Finance,210730.BO,,,,
INE0P5R01014,,,PURPLEUTED,212279,BSE,BSE/Yahoo Finance,212279.BO,,,,
INE0P6701019,,,MADHUSUDAN,210633,BSE,BSE/Yahoo Finance,210633.BO,,,,
INE0P7001013,,,SANCODE,543897,BSE,BSE/Yahoo Finance,543897.BO,,,,
INE0P7201019,,,DRONE,210495,BSE,BSE/Yahoo Finance,210495.BO,,,,
INE0P8X01016,,,AGARWALTUF,212234,BSE,BSE/Yahoo Finance,212234.BO,,,,
INE0P9J01013,,,AMIC,544037,BSE,BSE/Yahoo Finance,544037.BO,,,,
INE0PA401012,,,IDENTIXWEB,544388,BSE,BSE/Yahoo Finance,544388.BO,,,,
INE0PA601017,,,VIVAA,544002,BSE,BSE/Yahoo Finance,544002.BO,,,,
INE0PC901019,,,BIRDYS,211521,BSE,BSE/Yahoo Finance,211521.BO,,,,
INE0PCL01011,,,SAROJA,210600,BSE,BSE/Yahoo Finance,210600.BO,,,,
INE0PCU01012,,,RAJINDLTD,211832,BSE,BSE/Yahoo Finance,211832.BO,,,,
INE0PCY01014,,,AKANKSHA,210974,BSE,BSE/Yahoo Finance,210974.BO,,,,
INE0PDJ01013,,,ROXHITECH,210810,BSE,BSE/Yahoo Finance,210810.BO,,,,
INE0PE401018,,,MEDIORG,211710,BSE,BSE/Yahoo Finance,211710.BO,,,,
INE0PIC01017,,,HIGREEN,210637,BSE,BSE/Yahoo Finance,210637.BO,,,,
INE0PLQ01011,,,MAITREYA,210787,BSE,BSE/Yahoo Finance,210787.BO,,,,
INE0PLX01017,,,GREENLEAF,215186,BSE,BSE/Yahoo Finance,215186.BO,,,,
INE0PLZ01012,,,SUNREST,210820,BSE,BSE/Yahoo Finance,210820.BO,,,,
INE0PMR01017,,,AKIKO,211721,BSE,BSE/Yahoo Finance,211721.BO,,,,
INE0PO601011,,,NPL,544205,BSE,BSE/Yahoo Finance,544205.BO,,,,
INE0POP01017,,,ACCELERATE,543938,BSE,BSE/Yahoo Finance,543938.BO,,,,
INE0POU01017,,,GRAPHISAD,210877,BSE,BSE/Yahoo Finance,210877.BO,,,,
INE0PP401015,,,ARROWHEAD,544025,BSE,BSE/Yahoo Finance,544025.BO,,,,
INE0PPS01018,,,ZEAL$,210532,BSE,BSE/Yahoo Finance,210532.BO,,,,
INE0PQ001012,,,VISHNUINFR,210691,BSE,BSE/Yahoo Finance,210691.BO,,,,
INE0PQ601019,,,BALAJIPHOS,212610,BSE,BSE/Yahoo Finance,212610.BO,,,,
INE0PQK01013,,,FALCONTECH,211693,BSE,BSE/Yahoo Finance,211693.BO,,,,
INE0PRF01011,,,UNIHEALTH,210616,BSE,BSE/Yahoo Finance,210616.BO,,,,
INE0PS301014,,,INDIFRA,210968,BSE,BSE/Yahoo Finance,210968.BO,,,,
INE0PS501019,,,GLOBALPET,210474,BSE,BSE/Yahoo Finance,210474.BO,,,,
INE0PSJ01011,,,SMARITIME,544056,BSE,BSE/Yahoo Finance,544056.BO,,,,
INE0PSK01027,,,SAAKSHI,210658,BSE,BSE/Yahoo Finance,210658.BO,,,,
INE0PT101017,,,CHAVDA,210620,BSE,BSE/Yahoo Finance,210620.BO,,,,
INE0PTF01017,,,SWASTIKAAL,544452,BSE,BSE/Yahoo Finance,544452.BO,,,,
INE0PTR01012,,,ROCKINGDCE,210839,BSE,BSE/Yahoo Finance,210839.BO,,,,
INE0PUC01020,,,SARTELE,210788,BSE,BSE/Yahoo Finance,210788.BO,,,,
INE0PXC01024,,,ETL,213509,BSE,BSE/Yahoo Finance,213509.BO,,,,
INE0PXD01014,,,PLADAINFO,210708,BSE,BSE/Yahoo Finance,210708.BO,,,,
INE0PYT01018,,,EUPHORIAIT,544094,BSE,BSE/Yahoo Finance,544094.BO,,,,
INE0PZA01015,,,SAIFL,210971,BSE,BSE/Yahoo Finance,210971.BO,,,,
INE0PZB01013,,,PFL,544259,BSE,BSE/Yahoo Finance,544259.BO,,,,
INE0PZK01014,,,MICROPRO,210803,BSE,BSE/Yahoo Finance,210803.BO,,,,
INE0Q0M01015,,,VEEFIN,543931,BSE,BSE/Yahoo Finance,543931.BO,,,,
INE0Q1R01012,,,QLL,544091,BSE,BSE/Yahoo Finance,544091.BO,,,,
INE0Q1S01010,,,SUNITATOOL,544001,BSE,BSE/Yahoo Finance,544001.BO,,,,
INE0Q1W01012,,,EFORCE,210949,BSE,BSE/Yahoo Finance,210949.BO,,,,
INE0Q2L01013,,,DAVIN,544331,BSE,BSE/Yahoo Finance,544331.BO,,,,
INE0Q2V01012,,,KLL,210988,BSE,BSE/Yahoo Finance,210988.BO,,,,
INE0Q2Z01013,,,BENCHMARK,544052,BSE,BSE/Yahoo Finance,544052.BO,,,,
INE0Q3401017,,,SAFE,544257,BSE,BSE/Yahoo Finance,544257.BO,,,,
INE0Q4701019,,,FONEBOX,211091,BSE,BSE/Yahoo Finance,211091.BO,,,,
INE0Q5D01013,,,ACCENTMIC,210915,BSE,BSE/Yahoo Finance,210915.BO,,,,
INE0Q6001012,,,PSFL,212007,BSE,BSE/Yahoo Finance,212007.BO,,,,
INE0Q6901013,,,VPL,544011,BSE,BSE/Yahoo Finance,544011.BO,,,,
INE0Q6H01012,,,SONAMAC,211253,BSE,BSE/Yahoo Finance,211253.BO,,,,
INE0Q6L01014,,,BRISK,544101,BSE,BSE/Yahoo Finance,544101.BO,,,,
INE0Q7P01013,,,KODYTECH,210634,BSE,BSE/Yahoo Finance,210634.BO,,,,
INE0Q8P01029,,,BONDADA,543971,BSE,BSE/Yahoo Finance,543971.BO,,,,
INE0Q9601016,,,WOMANCART,210746,BSE,BSE/Yahoo Finance,210746.BO,,,,
INE0Q9Q01017,,,SHANTHALA,210775,BSE,BSE/Yahoo Finance,210775.BO,,,,
INE0Q9W01015,,,FAALCON,544164,BSE,BSE/Yahoo Finance,544164.BO,,,,
INE0QA601016,,,PRATHAM,211281,BSE,BSE/Yahoo Finance,211281.BO,,,,
INE0QA901010,,,RAPID,544237,BSE,BSE/Yahoo Finance,544237.BO,,,,
INE0QBD01018,,,HAMPS,544312,BSE,BSE/Yahoo Finance,544312.BO,,,,
INE0QBU01012,,,CPS,210584,BSE,BSE/Yahoo Finance,210584.BO,,,,
INE0QD201012,,,TECHLABS,210969,BSE,BSE/Yahoo Finance,210969.BO,,,,
INE0QEI01011,,,KONSTELEC,211065,BSE,BSE/Yahoo Finance,211065.BO,,,,
INE0QFE01017,,,GOYALSALT,210694,BSE,BSE/Yahoo Finance,210694.BO,,,,
INE0QFT01015,,,AIKPIPES,544072,BSE,BSE/Yahoo Finance,544072.BO,,,,
INE0QG301017,,,CANARYS,210695,BSE,BSE/Yahoo Finance,210695.BO,,,,
INE0QHG01026,,,SUPREMEPWR,210970,BSE,BSE/Yahoo Finance,210970.BO,,,,
INE0QHY01011,,,GCONNECT,544156,BSE,BSE/Yahoo Finance,544156.BO,,,,
INE0QI101019,,,MISHDESIGN,544015,BSE,BSE/Yahoo Finance,544015.BO,,,,
INE0QIS01011,,,SHREE,544083,BSE,BSE/Yahoo Finance,544083.BO,,,,
INE0QJ901011,,,DIGIKORE,210660,BSE,BSE/Yahoo Finance,210660.BO,,,,
INE0QJL01014,,,TCL,211173,BSE,BSE/Yahoo Finance,211173.BO,,,,
INE0QMR01015,,,CTLLAB,544220,BSE,BSE/Yahoo Finance,544220.BO,,,,
INE0QMV01017,,,BHARATROHAN,544535,BSE,BSE/Yahoo Finance,544535.BO,,,,
INE0QNI01012,,,BOSS,211955,BSE,BSE/Yahoo Finance,211955.BO,,,,
INE0QOQ01013,,,FTL,544173,BSE,BSE/Yahoo Finance,544173.BO,,,,
INE0QP001012,,,MARCO,210638,BSE,BSE/Yahoo Finance,210638.BO,,,,
INE0QP701017,,,VALPLAST,544565,BSE,BSE/Yahoo Finance,544565.BO,,,,
INE0QQG01019,,,ROYAL,544143,BSE,BSE/Yahoo Finance,544143.BO,,,,
INE0QQJ01021,,,PARMESHWAR,544330,BSE,BSE/Yahoo Finance,544330.BO,,,,
INE0QQM01017,,,VR,211250,BSE,BSE/Yahoo Finance,211250.BO,,,,
INE0QR801013,,,SPPPOLY,211978,BSE,BSE/Yahoo Finance,211978.BO,,,,
INE0QRV01016,,,ABSMARINE,211582,BSE,BSE/Yahoo Finance,211582.BO,,,,
INE0QSB01016,,,AMKAY,544169,BSE,BSE/Yahoo Finance,544169.BO,,,,
INE0QSK01017,,,SIYARAM,544047,BSE,BSE/Yahoo Finance,544047.BO,,,,
INE0QSW23016,,,ISCITRUST,544005,BSE,BSE/Yahoo Finance,544005.BO,,,,
INE0QTE01018,,,GAJANAND,211975,BSE,BSE/Yahoo Finance,211975.BO,,,,
INE0QU501030,,,SODHACAP,544560,BSE,BSE/Yahoo Finance,544560.BO,,,,
INE0QUL01011,,,NEXXUS,544265,BSE,BSE/Yahoo Finance,544265.BO,,,,
INE0QUV01010,,,SATTRIX,544189,BSE,BSE/Yahoo Finance,544189.BO,,,,
INE0QVH01025,,,KPGEL,544150,BSE,BSE/Yahoo Finance,544150.BO,,,,
INE0QW501012,,,BABAFP,210809,BSE,BSE/Yahoo Finance,210809.BO,,,,
INE0QWN01013,,,ZENITHDRUG,211179,BSE,BSE/Yahoo Finance,211179.BO,,,,
INE0QX401014,,,BARFLEX,212394,BSE,BSE/Yahoo Finance,212394.BO,,,,
INE0QX901013,,,RAPIDFLEET,213174,BSE,BSE/Yahoo Finance,213174.BO,,,,
INE0QXL01015,,,VLINFRA,211799,BSE,BSE/Yahoo Finance,211799.BO,,,,
INE0QXT01018,,,DKUAL,544170,BSE,BSE/Yahoo Finance,544170.BO,,,,
INE0QXV01014,,,JGTL,544112,BSE,BSE/Yahoo Finance,544112.BO,,,,
INE0QYI01019,,,DIVYADHAN,212057,BSE,BSE/Yahoo Finance,212057.BO,,,,
INE0QZ901011,,,MAGENTA,544188,BSE,BSE/Yahoo Finance,544188.BO,,,,
INE0QZF01012,,,GPSL,544108,BSE,BSE/Yahoo Finance,544108.BO,,,,
INE0QZM01018,,,DRSCARGO,211501,BSE,BSE/Yahoo Finance,211501.BO,,,,
INE0QZQ01019,,,SHANTIDENM,544059,BSE,BSE/Yahoo Finance,544059.BO,,,,
INE0QZR01017,,,METHODHUB,544637,BSE,BSE/Yahoo Finance,544637.BO,,,,
INE0R0201012,,,LAMOSAIC,212221,BSE,BSE/Yahoo Finance,212221.BO,,,,
INE0R0J01010,,,MACOBSTECH,211784,BSE,BSE/Yahoo Finance,211784.BO,,,,
INE0R0M01014,,,SPML,544738,BSE,BSE/Yahoo Finance,544738.BO,,,,
INE0R1301019,,,TEJA,216401,BSE,BSE/Yahoo Finance,216401.BO,,,,
INE0R1601012,,,PRESSTONIC,210916,BSE,BSE/Yahoo Finance,210916.BO,,,,
INE0R3101011,,,MIEL,211802,BSE,BSE/Yahoo Finance,211802.BO,,,,
INE0R3501012,,,HRHNEXT,210975,BSE,BSE/Yahoo Finance,210975.BO,,,,
INE0R3T01013,,,MANDEEP,211583,BSE,BSE/Yahoo Finance,211583.BO,,,,
INE0R4701017,,,ALPEXSOLAR,211127,BSE,BSE/Yahoo Finance,211127.BO,,,,
INE0R4W01015,,,PIOTEX,544178,BSE,BSE/Yahoo Finance,544178.BO,,,,
INE0R4Z01018,,,BRACEPORT,211898,BSE,BSE/Yahoo Finance,211898.BO,,,,
INE0R5Z01015,,,MCFL,544106,BSE,BSE/Yahoo Finance,544106.BO,,,,
INE0R6801013,,,VARYAA,544168,BSE,BSE/Yahoo Finance,544168.BO,,,,
INE0R6C01012,,,PURVFLEXI,211225,BSE,BSE/Yahoo Finance,211225.BO,,,,
INE0R7301013,,,RULKA,211602,BSE,BSE/Yahoo Finance,211602.BO,,,,
INE0R7401011,,,CGRAPHICS,211498,BSE,BSE/Yahoo Finance,211498.BO,,,,
INE0R7D01018,,,3CIT,544190,BSE,BSE/Yahoo Finance,544190.BO,,,,
INE0R7R01018,,,ITALIANE,211121,BSE,BSE/Yahoo Finance,211121.BO,,,,
INE0R8101016,,,COVANCE,544361,BSE,BSE/Yahoo Finance,544361.BO,,,,
INE0R8C01018,,,GGBL,211758,BSE,BSE/Yahoo Finance,211758.BO,,,,
INE0R8M01017,,,OWAIS,211218,BSE,BSE/Yahoo Finance,211218.BO,,,,
INE0R8Q01018,,,OML,544559,BSE,BSE/Yahoo Finance,544559.BO,,,,
INE0R9101015,,,ELGNZ,212499,BSE,BSE/Yahoo Finance,212499.BO,,,,
INE0R9401019,,,AVPINFRA,211289,BSE,BSE/Yahoo Finance,211289.BO,,,,
INE0R9I01021,,,ENSER,212475,BSE,BSE/Yahoo Finance,212475.BO,,,,
INE0RBQ01018,,,SAHASRA,212058,BSE,BSE/Yahoo Finance,212058.BO,,,,
INE0RBX01014,,,CRAZY,544807,BSE,BSE/Yahoo Finance,544807.BO,,,,
INE0RCG01017,,,KCEIL,210987,BSE,BSE/Yahoo Finance,210987.BO,,,,
INE0RDE01010,,,SIGNORIA,211283,BSE,BSE/Yahoo Finance,211283.BO,,,,
INE0RDH01021,,,ADDICTIVE,211066,BSE,BSE/Yahoo Finance,211066.BO,,,,
INE0RDJ01019,,,VANDAN,544436,BSE,BSE/Yahoo Finance,544436.BO,,,,
INE0RDM01013,,,DEEPAKCHEM,544036,BSE,BSE/Yahoo Finance,544036.BO,,,,
INE0RDR01012,,,SPL,544035,BSE,BSE/Yahoo Finance,544035.BO,,,,
INE0RFP01011,,,SSEGL,211833,BSE,BSE/Yahoo Finance,211833.BO,,,,
INE0RGM01016,,,STAL,544171,BSE,BSE/Yahoo Finance,544171.BO,,,,
INE0RH001011,,,VANDU,544329,BSE,BSE/Yahoo Finance,544329.BO,,,,
INE0RHD01013,,,ETML,212266,BSE,BSE/Yahoo Finance,212266.BO,,,,
INE0RIQ01013,,,ASSOCIATED,544183,BSE,BSE/Yahoo Finance,544183.BO,,,,
INE0RJ901010,,,SRIGEE,544399,BSE,BSE/Yahoo Finance,544399.BO,,,,
INE0RJH01010,,,RBS,211522,BSE,BSE/Yahoo Finance,211522.BO,,,,
INE0RJM01010,,,NAMAN,211469,BSE,BSE/Yahoo Finance,211469.BO,,,,
INE0RMF01018,,,OSELDEVICE,212000,BSE,BSE/Yahoo Finance,212000.BO,,,,
INE0RMR01013,,,KIZI,544221,BSE,BSE/Yahoo Finance,544221.BO,,,,
INE0RNZ01014,,,SBVCL,544074,BSE,BSE/Yahoo Finance,544074.BO,,,,
INE0RPM01017,,,SATIPOLY,211774,BSE,BSE/Yahoo Finance,211774.BO,,,,
INE0RQZ01017,,,ESCONET,211174,BSE,BSE/Yahoo Finance,211174.BO,,,,
INE0RRU01016,,,IEML,211586,BSE,BSE/Yahoo Finance,211586.BO,,,,
INE0RTI01017,,,OVAL,544498,BSE,BSE/Yahoo Finance,544498.BO,,,,
INE0RU901015,,,MANGALCOMP,544287,BSE,BSE/Yahoo Finance,544287.BO,,,,
INE0RUJ01013,,,GEMENVIRO,544199,BSE,BSE/Yahoo Finance,544199.BO,,,,
INE0RUV01018,,,AIMTRON,211636,BSE,BSE/Yahoo Finance,211636.BO,,,,
INE0RUY01012,,,ASTRONMULT,544628,BSE,BSE/Yahoo Finance,544628.BO,,,,
INE0RVQ01016,,,MYMUDRA,211963,BSE,BSE/Yahoo Finance,211963.BO,,,,
INE0RWU01016,,,GBLOGISTIC,544348,BSE,BSE/Yahoo Finance,544348.BO,,,,
INE0RXB01022,,,JEYYAM,211957,BSE,BSE/Yahoo Finance,211957.BO,,,,
INE0RXS01018,,,SHREENATH,544372,BSE,BSE/Yahoo Finance,544372.BO,,,,
INE0RYR01018,,,SUBAHOTELS,215180,BSE,BSE/Yahoo Finance,215180.BO,,,,
INE0S0701019,,,GVL,544163,BSE,BSE/Yahoo Finance,544163.BO,,,,
INE0S0I01011,,,COTFAB,544195,BSE,BSE/Yahoo Finance,544195.BO,,,,
INE0S1B01014,,,NARMADESH,544680,BSE,BSE/Yahoo Finance,544680.BO,,,,
INE0S1L01013,,,EMMIL,211571,BSE,BSE/Yahoo Finance,211571.BO,,,,
INE0S2E01016,,,VISHWAS,211460,BSE,BSE/Yahoo Finance,211460.BO,,,,
INE0S2W01018,,,PARAMATRIX,211936,BSE,BSE/Yahoo Finance,211936.BO,,,,
INE0S3D01016,,,WINSOL,211565,BSE,BSE/Yahoo Finance,211565.BO,,,,
INE0S3H01017,,,POSITRON,211882,BSE,BSE/Yahoo Finance,211882.BO,,,,
INE0S3X01014,,,ENFUSE,211327,BSE,BSE/Yahoo Finance,211327.BO,,,,
INE0S4Y01010,,,SHREEKARNI,211257,BSE,BSE/Yahoo Finance,211257.BO,,,,
INE0S5T01017,,,RDGAIL,544552,BSE,BSE/Yahoo Finance,544552.BO,,,,
INE0S6R01027,,,DFPL,544201,BSE,BSE/Yahoo Finance,544201.BO,,,,
INE0S6S01017,,,HOACFOODS,211603,BSE,BSE/Yahoo Finance,211603.BO,,,,
INE0S7801010,,,ASPIRE,211473,BSE,BSE/Yahoo Finance,211473.BO,,,,
INE0S7C01019,,,DECCANTRAN,212001,BSE,BSE/Yahoo Finance,212001.BO,,,,
INE0S7E01015,,,GPECO,211687,BSE,BSE/Yahoo Finance,211687.BO,,,,
INE0S8401018,,,DCG,211509,BSE,BSE/Yahoo Finance,211509.BO,,,,
INE0S9101013,,,WINNY,211694,BSE,BSE/Yahoo Finance,211694.BO,,,,
INE0S9501014,,,KGVL,544270,BSE,BSE/Yahoo Finance,544270.BO,,,,
INE0S9X01011,,,ACEALPHA,544431,BSE,BSE/Yahoo Finance,544431.BO,,,,
INE0SA001017,,,RNFI,211798,BSE,BSE/Yahoo Finance,211798.BO,,,,
INE0SAK01011,,,BLUEPEBBLE,211474,BSE,BSE/Yahoo Finance,211474.BO,,,,
INE0SBP01018,,,ESPRIT,211824,BSE,BSE/Yahoo Finance,211824.BO,,,,
INE0SC101013,,,SEVL,544428,BSE,BSE/Yahoo Finance,544428.BO,,,,
INE0SCB01016,,,AZTEC,544177,BSE,BSE/Yahoo Finance,544177.BO,,,,
INE0SCO01019,,,DPEL,211722,BSE,BSE/Yahoo Finance,211722.BO,,,,
INE0SDC01012,,,EMMFORCE,544166,BSE,BSE/Yahoo Finance,544166.BO,,,,
INE0SFA01011,,,SIHORA,544585,BSE,BSE/Yahoo Finance,544585.BO,,,,
INE0SFW01015,,,FRESHARA,212128,BSE,BSE/Yahoo Finance,212128.BO,,,,
INE0SFZ01018,,,BROACH,544231,BSE,BSE/Yahoo Finance,544231.BO,,,,
INE0SG001011,,,TRAVELS,544242,BSE,BSE/Yahoo Finance,544242.BO,,,,
INE0SGC01015,,,MVKAGRO,211231,BSE,BSE/Yahoo Finance,211231.BO,,,,
INE0SGR01013,,,SHIVAM,544165,BSE,BSE/Yahoo Finance,544165.BO,,,,
INE0SGZ01016,,,SUNTECH,213482,BSE,BSE/Yahoo Finance,213482.BO,,,,
INE0SH001010,,,MASON,211715,BSE,BSE/Yahoo Finance,211715.BO,,,,
INE0SHE01019,,,THESL,212054,BSE,BSE/Yahoo Finance,212054.BO,,,,
INE0SI601032,,,ANYA,212338,BSE,BSE/Yahoo Finance,212338.BO,,,,
INE0SIK01014,,,GPAPL,544548,BSE,BSE/Yahoo Finance,544548.BO,,,,
INE0SJX01015,,,APL,544445,BSE,BSE/Yahoo Finance,544445.BO,,,,
INE0SK201011,,,RAL,544236,BSE,BSE/Yahoo Finance,544236.BO,,,,
INE0SK801018,,,DELAPLEX,211092,BSE,BSE/Yahoo Finance,211092.BO,,,,
INE0SLP01017,,,NSBBPO,544571,BSE,BSE/Yahoo Finance,544571.BO,,,,
INE0SMA01017,,,SLONE,211564,BSE,BSE/Yahoo Finance,211564.BO,,,,
INE0SMR01011,,,UHTL,212134,BSE,BSE/Yahoo Finance,212134.BO,,,,
INE0SMU01015,,,TGIF,544175,BSE,BSE/Yahoo Finance,544175.BO,,,,
INE0SMW01011,,,PPARIVAH,544383,BSE,BSE/Yahoo Finance,544383.BO,,,,
INE0SMX01019,,,CKKRETAIL,215693,BSE,BSE/Yahoo Finance,215693.BO,,,,
INE0SMY01017,,,JAYBEE,211932,BSE,BSE/Yahoo Finance,211932.BO,,,,
INE0SN801015,,,SILKY,213508,BSE,BSE/Yahoo Finance,213508.BO,,,,
INE0SOY01013,,,TAC,211492,BSE,BSE/Yahoo Finance,211492.BO,,,,
INE0SPJ01011,,,DHILLON,544556,BSE,BSE/Yahoo Finance,544556.BO,,,,
INE0SQH01013,,,BIKEWO,212039,BSE,BSE/Yahoo Finance,212039.BO,,,,
INE0SQY01018,,,GSMFOILS,211624,BSE,BSE/Yahoo Finance,211624.BO,,,,
INE0SQZ01015,,,FWSTC,215426,BSE,BSE/Yahoo Finance,215426.BO,,,,
INE0SRI01019,,,VERITAAS,211584,BSE,BSE/Yahoo Finance,211584.BO,,,,
INE0SRP01014,,,TELGE,544544,BSE,BSE/Yahoo Finance,544544.BO,,,,
INE0STM01017,,,ALUWIND,211499,BSE,BSE/Yahoo Finance,211499.BO,,,,
INE0STN01015,,,SILKFLEX,211568,BSE,BSE/Yahoo Finance,211568.BO,,,,
INE0SUH01015,,,ENVIRO,212002,BSE,BSE/Yahoo Finance,212002.BO,,,,
INE0SUM01015,,,ZAPPFRESH,544568,BSE,BSE/Yahoo Finance,544568.BO,,,,
INE0SUN01013,,,NEPHROCARE,211745,BSE,BSE/Yahoo Finance,211745.BO,,,,
INE0SVO01019,,,SIDDHICOTS,213787,BSE,BSE/Yahoo Finance,213787.BO,,,,
INE0SVY01018,,,KATARIA,211785,BSE,BSE/Yahoo Finance,211785.BO,,,,
INE0SVZ01015,,,SAFECURE,544596,BSE,BSE/Yahoo Finance,544596.BO,,,,
INE0SWN01019,,,TRUST,211477,BSE,BSE/Yahoo Finance,211477.BO,,,,
INE0SYV01018,,,TROM,211805,BSE,BSE/Yahoo Finance,211805.BO,,,,
INE0SZ301012,,,BULKCORP,211834,BSE,BSE/Yahoo Finance,211834.BO,,,,
INE0T0L01014,,,KALANA,212013,BSE,BSE/Yahoo Finance,212013.BO,,,,
INE0T1301023,,,KASTURI,544688,BSE,BSE/Yahoo Finance,544688.BO,,,,
INE0T1501010,,,NFPSAMPOOR,216276,BSE,BSE/Yahoo Finance,216276.BO,,,,
INE0T3401029,,,ACLD,544213,BSE,BSE/Yahoo Finance,544213.BO,,,,
INE0T4V01015,,,APEXECO,212230,BSE,BSE/Yahoo Finance,212230.BO,,,,
INE0T7B01010,,,SPCL,211716,BSE,BSE/Yahoo Finance,211716.BO,,,,
INE0T8T01010,,,ACCPL,213326,BSE,BSE/Yahoo Finance,213326.BO,,,,
INE0T9I01011,,,IDEALTECHO,211906,BSE,BSE/Yahoo Finance,211906.BO,,,,
INE0TBQ01014,,,MARCLOIRE,544437,BSE,BSE/Yahoo Finance,544437.BO,,,,
INE0TD101011,,,IDENTICAL,212309,BSE,BSE/Yahoo Finance,212309.BO,,,,
INE0TD301017,,,SHANMUGA,544365,BSE,BSE/Yahoo Finance,544365.BO,,,,
INE0TD401015,,,MARC,215482,BSE,BSE/Yahoo Finance,215482.BO,,,,
INE0TE101010,,,3BFILMS,544412,BSE,BSE/Yahoo Finance,544412.BO,,,,
INE0TFB01017,,,AVIANSH,212040,BSE,BSE/Yahoo Finance,212040.BO,,,,
INE0TG801013,,,PARAMOUNT,212078,BSE,BSE/Yahoo Finance,212078.BO,,,,
INE0TG901011,,,ASTONEALAB,544409,BSE,BSE/Yahoo Finance,544409.BO,,,,
INE0TGG01014,,,DESCO,544387,BSE,BSE/Yahoo Finance,544387.BO,,,,
INE0TI501017,,,PRARUH,544538,BSE,BSE/Yahoo Finance,544538.BO,,,,
INE0TIR01017,,,SWASTH,544368,BSE,BSE/Yahoo Finance,544368.BO,,,,
INE0TJ801010,,,LTELEVATOR,544518,BSE,BSE/Yahoo Finance,544518.BO,,,,
INE0TKX01011,,,LIOTECH,544796,BSE,BSE/Yahoo Finance,544796.BO,,,,
INE0TL001013,,,CRYOGENIC,544440,BSE,BSE/Yahoo Finance,544440.BO,,,,
INE0TLP01015,,,WHITEFORCE,213514,BSE,BSE/Yahoo Finance,213514.BO,,,,
INE0TNW01017,,,QUESTLAB,211589,BSE,BSE/Yahoo Finance,211589.BO,,,,
INE0TNX01015,,,REFRACTORY,211566,BSE,BSE/Yahoo Finance,211566.BO,,,,
INE0TO501019,,,HVAX,212076,BSE,BSE/Yahoo Finance,212076.BO,,,,
INE0TO601017,,,YASHOPTICS,211495,BSE,BSE/Yahoo Finance,211495.BO,,,,
INE0TP801012,,,NMSTEEL,212312,BSE,BSE/Yahoo Finance,212312.BO,,,,
INE0TPJ01019,,,SPCON,215881,BSE,BSE/Yahoo Finance,215881.BO,,,,
INE0TR001017,,,VIESL,211971,BSE,BSE/Yahoo Finance,211971.BO,,,,
INE0TSF01011,,,AESTHETIK,211871,BSE,BSE/Yahoo Finance,211871.BO,,,,
INE0TT901016,,,TOTEM,544186,BSE,BSE/Yahoo Finance,544186.BO,,,,
INE0TTG01017,,,ARUNAYA,213270,BSE,BSE/Yahoo Finance,213270.BO,,,,
INE0TVT01024,,,GANESHIN,212251,BSE,BSE/Yahoo Finance,212251.BO,,,,
INE0TZX01019,,,ARMOUR,215621,BSE,BSE/Yahoo Finance,215621.BO,,,,
INE0U0201016,,,BALCO,211885,BSE,BSE/Yahoo Finance,211885.BO,,,,
INE0U0J01015,,,YAAP,215837,BSE,BSE/Yahoo Finance,215837.BO,,,,
INE0U1T01012,,,CHETANA,211803,BSE,BSE/Yahoo Finance,211803.BO,,,,
INE0U2501017,,,FORCAS,211899,BSE,BSE/Yahoo Finance,211899.BO,,,,
INE0U2L01017,,,AMWILL,544353,BSE,BSE/Yahoo Finance,544353.BO,,,,
INE0U2M01015,,,VDEAL,211933,BSE,BSE/Yahoo Finance,211933.BO,,,,
INE0U2N01013,,,SUNLITE,211883,BSE,BSE/Yahoo Finance,211883.BO,,,,
INE0U4H01011,,,MPEL,215153,BSE,BSE/Yahoo Finance,215153.BO,,,,
INE0U6201010,,,SUBAM,544267,BSE,BSE/Yahoo Finance,544267.BO,,,,
INE0U6N01014,,,SFML,212280,BSE,BSE/Yahoo Finance,212280.BO,,,,
INE0U7V01015,,,C2C,212226,BSE,BSE/Yahoo Finance,212226.BO,,,,
INE0U8P01015,,,GRERENEW,544682,BSE,BSE/Yahoo Finance,544682.BO,,,,
INE0U9101019,,,EFFWA,211759,BSE,BSE/Yahoo Finance,211759.BO,,,,
INE0U9D01019,,,MAHALIFE,544611,BSE,BSE/Yahoo Finance,544611.BO,,,,
INE0UCL01011,,,SHAYONAENG,544686,BSE,BSE/Yahoo Finance,544686.BO,,,,
INE0UCN01017,,,SAVY,213570,BSE,BSE/Yahoo Finance,213570.BO,,,,
INE0UH001016,,,MNFL,544623,BSE,BSE/Yahoo Finance,544623.BO,,,,
INE0UJF01018,,,SHARVAYA,544506,BSE,BSE/Yahoo Finance,544506.BO,,,,
INE0UK501010,,,THREEMPAPE,544214,BSE,BSE/Yahoo Finance,544214.BO,,,,
INE0UL701015,,,SHUBHSHREE,211976,BSE,BSE/Yahoo Finance,211976.BO,,,,
INE0UMC01019,,,GLEN,544444,BSE,BSE/Yahoo Finance,544444.BO,,,,
INE0UMH01018,,,SCDL,544746,BSE,BSE/Yahoo Finance,544746.BO,,,,
INE0UOY01019,,,MEDISTEP,213647,BSE,BSE/Yahoo Finance,213647.BO,,,,
INE0UQ601012,,,CLASSICEIL,213680,BSE,BSE/Yahoo Finance,213680.BO,,,,
INE0UR501013,,,ONEINDIG,544852,BSE,BSE/Yahoo Finance,544852.BO,,,,
INE0UYG01015,,,ABHAPOWER,212231,BSE,BSE/Yahoo Finance,212231.BO,,,,
INE0UYT01018,,,MACHLTD,544248,BSE,BSE/Yahoo Finance,544248.BO,,,,
INE0UZO01024,,,NEETUYOSHI,544434,BSE,BSE/Yahoo Finance,544434.BO,,,,
INE0V0L01028,,,MSECL,544453,BSE,BSE/Yahoo Finance,544453.BO,,,,
INE0V2V01015,,,RFBL,216263,BSE,BSE/Yahoo Finance,216263.BO,,,,
INE0V3T01017,,,JIVIAL,544805,BSE,BSE/Yahoo Finance,544805.BO,,,,
INE0V8A01016,,,KARBON,544511,BSE,BSE/Yahoo Finance,544511.BO,,,,
INE0V9I01017,,,AVIENCE,216364,BSE,BSE/Yahoo Finance,216364.BO,,,,
INE0V9N01017,,,PRIZOR,211775,BSE,BSE/Yahoo Finance,211775.BO,,,,
INE0V9V01010,,,DHANLAXMI,212273,BSE,BSE/Yahoo Finance,212273.BO,,,,
INE0VA601019,,,HPTL,212541,BSE,BSE/Yahoo Finance,212541.BO,,,,
INE0VBS01016,,,ECOLINE,213805,BSE,BSE/Yahoo Finance,213805.BO,,,,
INE0VCK01011,,,FLYSBS,213615,BSE,BSE/Yahoo Finance,213615.BO,,,,
INE0VDK01019,,,PURPLEWAVE,544627,BSE,BSE/Yahoo Finance,544627.BO,,,,
INE0VG001016,,,AMCL,213646,BSE,BSE/Yahoo Finance,213646.BO,,,,
INE0VG601013,,,PELATRO,212003,BSE,BSE/Yahoo Finance,212003.BO,,,,
INE0VHU01019,,,RAJPUTANA$,212227,BSE,BSE/Yahoo Finance,212227.BO,,,,
INE0VI201010,,,SIMANDHAR,544662,BSE,BSE/Yahoo Finance,544662.BO,,,,
INE0VJG01014,,,PRANIK,212114,BSE,BSE/Yahoo Finance,212114.BO,,,,
INE0VJT01017,,,PROFX,213487,BSE,BSE/Yahoo Finance,213487.BO,,,,
INE0VN801010,,,RAJESH,544291,BSE,BSE/Yahoo Finance,544291.BO,,,,
INE0VNH01014,,,NAPSGLOBAL,544373,BSE,BSE/Yahoo Finance,544373.BO,,,,
INE0VRH01015,,,VGINFOTECH,213321,BSE,BSE/Yahoo Finance,213321.BO,,,,
INE0VTV01012,,,ANONDITA,213679,BSE,BSE/Yahoo Finance,213679.BO,,,,
INE0VWL01017,,,CHEMKART,544442,BSE,BSE/Yahoo Finance,544442.BO,,,,
INE0VYX01018,,,NUKLEUS,544370,BSE,BSE/Yahoo Finance,544370.BO,,,,
INE0VZS01015,,,LAKSHYA,212126,BSE,BSE/Yahoo Finance,212126.BO,,,,
INE0VZX01015,,,RNPL,213612,BSE,BSE/Yahoo Finance,213612.BO,,,,
INE0W0H01017,,,SOLARIUM,544354,BSE,BSE/Yahoo Finance,544354.BO,,,,
INE0W1601012,,,ADCOUNTY,544435,BSE,BSE/Yahoo Finance,544435.BO,,,,
INE0W4D01018,,,RAVEL,544629,BSE,BSE/Yahoo Finance,544629.BO,,,,
INE0W4K01013,,,BLT,544474,BSE,BSE/Yahoo Finance,544474.BO,,,,
INE0W5Q01017,,,JUSTO,544542,BSE,BSE/Yahoo Finance,544542.BO,,,,
INE0WCH01015,,,JUNGLECAMP,544304,BSE,BSE/Yahoo Finance,544304.BO,,,,
INE0WDX01010,,,CLN,544347,BSE,BSE/Yahoo Finance,544347.BO,,,,
INE0WKY01013,,,INDOSMC,544681,BSE,BSE/Yahoo Finance,544681.BO,,,,
INE0WL201014,,,CUDML,213611,BSE,BSE/Yahoo Finance,213611.BO,,,,
INE0WL801011,,,AERON,211937,BSE,BSE/Yahoo Finance,211937.BO,,,,
INE0WL901019,,,VIJAYPD,215181,BSE,BSE/Yahoo Finance,215181.BO,,,,
INE0WRP01016,,,VASHISHTHA,544508,BSE,BSE/Yahoo Finance,544508.BO,,,,
INE0WVU01018,,,ONYX,212187,BSE,BSE/Yahoo Finance,212187.BO,,,,
INE0WXM01011,,,CNINFOTECH,544343,BSE,BSE/Yahoo Finance,544343.BO,,,,
INE0X3M01010,,,BLUEWATER,213372,BSE,BSE/Yahoo Finance,213372.BO,,,,
INE0X4A01013,,,ATIL,544671,BSE,BSE/Yahoo Finance,544671.BO,,,,
INE0X6F01017,,,SDREAMS,212041,BSE,BSE/Yahoo Finance,212041.BO,,,,
INE0X6O01027,,,LESL,544797,BSE,BSE/Yahoo Finance,544797.BO,,,,
INE0X7G01013,,,MARUSHIKA,215762,BSE,BSE/Yahoo Finance,215762.BO,,,,
INE0XAY01012,,,TTC,544303,BSE,BSE/Yahoo Finance,544303.BO,,,,
INE0XBS01012,,,AIRFLOA,544516,BSE,BSE/Yahoo Finance,544516.BO,,,,
INE0XCV01014,,,ATENPAPERS,544417,BSE,BSE/Yahoo Finance,544417.BO,,,,
INE0XE501015,,,ICELCO,216410,BSE,BSE/Yahoo Finance,216410.BO,,,,
INE0XIL01012,,,JAINIK,213426,BSE,BSE/Yahoo Finance,213426.BO,,,,
INE0XJ501010,,,INVICTA,215417,BSE,BSE/Yahoo Finance,215417.BO,,,,
INE0XLO01010,,,ADMACH,544669,BSE,BSE/Yahoo Finance,544669.BO,,,,
INE0XM301010,,,MMEL,213486,BSE,BSE/Yahoo Finance,213486.BO,,,,
INE0XOW01017,,,KKJEWELS,212401,BSE,BSE/Yahoo Finance,212401.BO,,,,
INE0XRN01019,,,DELTIC,212378,BSE,BSE/Yahoo Finance,212378.BO,,,,
INE0XRR01010,,,AJCJEWEL,544425,BSE,BSE/Yahoo Finance,544425.BO,,,,
INE0XUD01014,,,BRANDMAN,215719,BSE,BSE/Yahoo Finance,215719.BO,,,,
INE0XUS01020,,,PSRAJ,212506,BSE,BSE/Yahoo Finance,212506.BO,,,,
INE0XW001014,,,BIOPOL,215725,BSE,BSE/Yahoo Finance,215725.BO,,,,
INE0XWS01018,,,TAURIAN,213752,BSE,BSE/Yahoo Finance,213752.BO,,,,
INE0XX801016,,,SUGSLLOYD,544501,BSE,BSE/Yahoo Finance,544501.BO,,,,
INE0XZB01017,,,KRUPALU,544509,BSE,BSE/Yahoo Finance,544509.BO,,,,
INE0Y0E01012,,,ICON,544426,BSE,BSE/Yahoo Finance,544426.BO,,,,
INE0Y4801011,,,EXCELLENT,211983,BSE,BSE/Yahoo Finance,211983.BO,,,,
INE0Y5H01014,,,TECHD,213778,BSE,BSE/Yahoo Finance,213778.BO,,,,
INE0YAL01017,,,PPSL,211857,BSE,BSE/Yahoo Finance,211857.BO,,,,
INE0YD301010,,,MANIVENI,544768,BSE,BSE/Yahoo Finance,544768.BO,,,,
INE0YDV01010,,,ARCIIL,213677,BSE,BSE/Yahoo Finance,213677.BO,,,,
INE0YG001013,,,STARIMAGIN,544482,BSE,BSE/Yahoo Finance,544482.BO,,,,
INE0YHV01011,,,OBSCP,212135,BSE,BSE/Yahoo Finance,212135.BO,,,,
INE0YJA01011,,,NANTA,544668,BSE,BSE/Yahoo Finance,544668.BO,,,,
INE0YJV01017,,,SHEEL,215184,BSE,BSE/Yahoo Finance,215184.BO,,,,
INE0YKW01013,,,FORGEAUTO,212059,BSE,BSE/Yahoo Finance,212059.BO,,,,
INE0YON01014,,,MALPANI,544351,BSE,BSE/Yahoo Finance,544351.BO,,,,
INE0YRN01025,,,DHARIWAL,215715,BSE,BSE/Yahoo Finance,215715.BO,,,,
INE0YRO01015,,,SHIVTEXCHEM,544272,BSE,BSE/Yahoo Finance,544272.BO,,,,
INE0YSH01017,,,INTEGRITY,213323,BSE,BSE/Yahoo Finance,213323.BO,,,,
INE0YU901016,,,DANISH,212136,BSE,BSE/Yahoo Finance,212136.BO,,,,
INE0YZ901011,,,UHMVL,544779,BSE,BSE/Yahoo Finance,544779.BO,,,,
INE0Z7N01017,,,TANKUP,213242,BSE,BSE/Yahoo Finance,213242.BO,,,,
INE0Z8Z23013,,,CAPINVIT,544338,BSE,BSE/Yahoo Finance,544338.BO,,,,
INE0ZDY01011,,,ABRFL,544422,BSE,BSE/Yahoo Finance,544422.BO,,,,
INE0ZE201010,,,DEFRAIL,544677,BSE,BSE/Yahoo Finance,544677.BO,,,,
INE0ZHT01012,,,TECHNICHEM,544327,BSE,BSE/Yahoo Finance,544327.BO,,,,
INE0ZI101018,,,GANGABATH,213406,BSE,BSE/Yahoo Finance,213406.BO,,,,
INE0ZN101029,,,RACHIT,544503,BSE,BSE/Yahoo Finance,544503.BO,,,,
INE0ZOL01023,,,EMAPARTNER,212412,BSE,BSE/Yahoo Finance,212412.BO,,,,
INE0ZOM01013,,,GOELCONS,544504,BSE,BSE/Yahoo Finance,544504.BO,,,,
INE0ZRC01017,,,BHADORA,213637,BSE,BSE/Yahoo Finance,213637.BO,,,,
INE0ZTO01018,,,MAYASHEEL,213455,BSE,BSE/Yahoo Finance,213455.BO,,,,
INE100C01024,,,MAL,531613,BSE,BSE/Yahoo Finance,531613.BO,,,,
INE100E01012,,,PRSNTIN,519014,BSE,BSE/Yahoo Finance,519014.BO,,,,
INE100F01019,,,LYONSCO,531441,BSE,BSE/Yahoo Finance,531441.BO,,,,
INE101E01010,,,REGAL,531033,BSE,BSE/Yahoo Finance,531033.BO,,,,
INE101H01013,,,HANSUGAR,537709,BSE,BSE/Yahoo Finance,537709.BO,,,,
INE102C01020,,,KISAAN,519230,BSE,BSE/Yahoo Finance,519230.BO,,,,
INE102E01018,,,OXYGENTAPH,524636,BSE,BSE/Yahoo Finance,524636.BO,,,,
INE102F01015,,,SPCAPIT,530289,BSE,BSE/Yahoo Finance,530289.BO,,,,
INE103E01016,,,SAMRATPH,530125,BSE,BSE/Yahoo Finance,530125.BO,,,,
INE104101014,,,NRVANDANA,206022,BSE,BSE/Yahoo Finance,206022.BO,,,,
INE104201012,,,AUSTERE,544505,BSE,BSE/Yahoo Finance,544505.BO,,,,
INE104A01012,,,KGDENIM,500239,BSE,BSE/Yahoo Finance,500239.BO,,,,
INE104E01014,,,SAVERA,512634,BSE,BSE/Yahoo Finance,512634.BO,,,,
INE104F01029,,,BODHTREE,539122,BSE,BSE/Yahoo Finance,539122.BO,,,,
INE104Y01012,,,MANAV,203203,BSE,BSE/Yahoo Finance,203203.BO,,,,
INE105D01013,,,COCHINM,513353,BSE,BSE/Yahoo Finance,513353.BO,,,,
INE105Y01019,,,MPTODAY,200405,BSE,BSE/Yahoo Finance,200405.BO,,,,
INE106C01013,,,ZENIFIB,514266,BSE,BSE/Yahoo Finance,514266.BO,,,,
INE106G01014,,,BGWTATO,504646,BSE,BSE/Yahoo Finance,504646.BO,,,,
INE107J01016,,,PHOTON,509084,BSE,BSE/Yahoo Finance,509084.BO,,,,
INE108B01029,,,JUNE,531960,BSE,BSE/Yahoo Finance,531960.BO,,,,
INE108C01019,,,DAULAT,530171,BSE,BSE/Yahoo Finance,530171.BO,,,,
INE108G01010,,,CUPIDALBV,512361,BSE,BSE/Yahoo Finance,512361.BO,,,,
INE108T01021,,,FMEC,539552,BSE,BSE/Yahoo Finance,539552.BO,,,,
INE109B01019,,,BOSTON,531458,BSE,BSE/Yahoo Finance,531458.BO,,,,
INE10A501018,,,MAXVOLT,212507,BSE,BSE/Yahoo Finance,212507.BO,,,,
INE10CM01027,,,SUNSKY,544566,BSE,BSE/Yahoo Finance,544566.BO,,,,
INE10QL01011,,,READYMIX,212484,BSE,BSE/Yahoo Finance,212484.BO,,,,
INE10VS01016,,,SAWALIYA,213642,BSE,BSE/Yahoo Finance,213642.BO,,,,
INE10XK01019,,,PRODOCS,544643,BSE,BSE/Yahoo Finance,544643.BO,,,,
INE10XS01012,,,SAMPAT,544520,BSE,BSE/Yahoo Finance,544520.BO,,,,
INE10XX01012,,,SPINAROO,544392,BSE,BSE/Yahoo Finance,544392.BO,,,,
INE110C01015,,,MADHURIND,519279,BSE,BSE/Yahoo Finance,519279.BO,,,,
INE110Q01023,,,STCORP,514197,BSE,BSE/Yahoo Finance,514197.BO,,,,
INE111601014,,,ICODEX,544483,BSE,BSE/Yahoo Finance,544483.BO,,,,
INE112B01013,,,OMEAG,519479,BSE,BSE/Yahoo Finance,519479.BO,,,,
INE112C01011,,,AGIOPAPER,516020,BSE,BSE/Yahoo Finance,516020.BO,,,,
INE113601012,,,REXPRO,212420,BSE,BSE/Yahoo Finance,212420.BO,,,,
INE113B01037,,,OMEGAIN,511644,BSE,BSE/Yahoo Finance,511644.BO,,,,
INE113E01015,,,UNIVSTAR,524408,BSE,BSE/Yahoo Finance,524408.BO,,,,
INE114D01015,,,OXFORDIN,514414,BSE,BSE/Yahoo Finance,514414.BO,,,,
INE114E01013,,,CHROME,513005,BSE,BSE/Yahoo Finance,513005.BO,,,,
INE114O01020,,,WORTH,538451,BSE,BSE/Yahoo Finance,538451.BO,,,,
INE115C01014,,,VARDHMAN,531444,BSE,BSE/Yahoo Finance,531444.BO,,,,
INE115E01010,,,INDAGIV,517077,BSE,BSE/Yahoo Finance,517077.BO,,,,
INE115F01017,,,SHREYASI,526335,BSE,BSE/Yahoo Finance,526335.BO,,,,
INE115G01015,,,TIRUFOAM,540904,BSE,BSE/Yahoo Finance,540904.BO,,,,
INE116E01018,,,VAICC,526941,BSE,BSE/Yahoo Finance,526941.BO,,,,
INE117C01010,,,CITYMAN,521210,BSE,BSE/Yahoo Finance,521210.BO,,,,
INE117D01018,,,PHARMAID,524572,BSE,BSE/Yahoo Finance,524572.BO,,,,
INE117F01013,,,VJTFEDU,509026,BSE,BSE/Yahoo Finance,509026.BO,,,,
INE117K01013,,,RRMETAL,531667,BSE,BSE/Yahoo Finance,531667.BO,,,,
INE117S01016,,,OCTAVIUSPL,542938,BSE,BSE/Yahoo Finance,542938.BO,,,,
INE118B01010,,,SAENTER,526477,BSE,BSE/Yahoo Finance,526477.BO,,,,
INE118C01018,,,DYNAMICP,530779,BSE,BSE/Yahoo Finance,530779.BO,,,,
INE118Q01018,,,OPCHAINS,539116,BSE,BSE/Yahoo Finance,539116.BO,,,,
INE118R01032,,,SHANGAR,540259,BSE,BSE/Yahoo Finance,540259.BO,,,,
INE119B01018,,,SVAMSOF,523722,BSE,BSE/Yahoo Finance,523722.BO,,,,
INE119R01014,,,BALGOPAL,539834,BSE,BSE/Yahoo Finance,539834.BO,,,,
INE11HF01010,,,EEPL,213447,BSE,BSE/Yahoo Finance,213447.BO,,,,
INE11HG01018,,,CHAMUNDA,212480,BSE,BSE/Yahoo Finance,212480.BO,,,,
INE11J101017,,,CEDAAR,213506,BSE,BSE/Yahoo Finance,213506.BO,,,,
INE11XK01017,,,SMR,544774,BSE,BSE/Yahoo Finance,544774.BO,,,,
INE120V01014,,,TITAANIUM,539985,BSE,BSE/Yahoo Finance,539985.BO,,,,
INE121B01014,,,WALLFORT,532053,BSE,BSE/Yahoo Finance,532053.BO,,,,
INE121D01036,,,SYSCHEM,531173,BSE,BSE/Yahoo Finance,531173.BO,,,,
INE122D01026,,,ADITYASP,521141,BSE,BSE/Yahoo Finance,521141.BO,,,,
INE122N01017,,,JUMBFNL,511060,BSE,BSE/Yahoo Finance,511060.BO,,,,
INE122V01010,,,TERRAFORM,506162,BSE,BSE/Yahoo Finance,506162.BO,,,,
INE123D01024,,,AIML,534064,BSE,BSE/Yahoo Finance,534064.BO,,,,
INE123E01014,,,INFORTEC,504810,BSE,BSE/Yahoo Finance,504810.BO,,,,
INE123M01017,,,RDBRL,533608,BSE,BSE/Yahoo Finance,533608.BO,,,,
INE123V01018,,,TERRAREAL,512157,BSE,BSE/Yahoo Finance,512157.BO,,,,
INE124101010,,,SAMAY,213445,BSE,BSE/Yahoo Finance,213445.BO,,,,
INE124401014,,,AARADHYA,213636,BSE,BSE/Yahoo Finance,213636.BO,,,,
INE124B01018,,,COSMOFE,523100,BSE,BSE/Yahoo Finance,523100.BO,,,,
INE124M01015,,,SUNILTX,521232,BSE,BSE/Yahoo Finance,521232.BO,,,,
INE125D01011,,,ABCINDQ,520123,BSE,BSE/Yahoo Finance,520123.BO,,,,
INE125F01032,,,OIVL,530805,BSE,BSE/Yahoo Finance,530805.BO,,,,
INE125G01014,,,EDVENSWA,517170,BSE,BSE/Yahoo Finance,517170.BO,,,,
INE128G01018,,,VARDHANCFL,542931,BSE,BSE/Yahoo Finance,542931.BO,,,,
INE128R01023,,,KRETTOSYS,531328,BSE,BSE/Yahoo Finance,531328.BO,,,,
INE12E301017,,,GCHOTELS,212731,BSE,BSE/Yahoo Finance,212731.BO,,,,
INE12IB01015,,,INFONATIVE,544393,BSE,BSE/Yahoo Finance,544393.BO,,,,
INE12P101018,,,CHIRAHARIT,544561,BSE,BSE/Yahoo Finance,544561.BO,,,,
INE12P601017,,,GLOBTIER,544494,BSE,BSE/Yahoo Finance,544494.BO,,,,
INE12QA01010,,,LGLL,544341,BSE,BSE/Yahoo Finance,544341.BO,,,,
INE12Z301012,,,SOTEFIN,544832,BSE,BSE/Yahoo Finance,544832.BO,,,,
INE130701019,,,VALINDIA,544433,BSE,BSE/Yahoo Finance,544433.BO,,,,
INE130F01016,,,KEYCORP,507948,BSE,BSE/Yahoo Finance,507948.BO,,,,
INE130L01014,,,ENKEIWHEL,533477,BSE,BSE/Yahoo Finance,533477.BO,,,,
INE130N01010,,,UNIJOLL,503671,BSE,BSE/Yahoo Finance,503671.BO,,,,
INE131D01019,,,GKCONS,531758,BSE,BSE/Yahoo Finance,531758.BO,,,,
INE131H01028,,,INDIANVSH,501700,BSE,BSE/Yahoo Finance,501700.BO,,,,
INE131N01018,,,JOINTECAED,534659,BSE,BSE/Yahoo Finance,534659.BO,,,,
INE131O01024,,,SIGNGCL,507663,BSE,BSE/Yahoo Finance,507663.BO,,,,
INE131Q01011,,,ASIACAP,538777,BSE,BSE/Yahoo Finance,538777.BO,,,,
INE132201018,,,ACCORDTS,544710,BSE,BSE/Yahoo Finance,544710.BO,,,,
INE132901013,,,MGSL,213806,BSE,BSE/Yahoo Finance,213806.BO,,,,
INE132E01015,,,DECPO,531989,BSE,BSE/Yahoo Finance,531989.BO,,,,
INE132F01038,,,NCLRESE,530557,BSE,BSE/Yahoo Finance,530557.BO,,,,
INE132V01019,,,VINVANI,512517,BSE,BSE/Yahoo Finance,512517.BO,,,,
INE133B01027,,,KESARENT,507180,BSE,BSE/Yahoo Finance,507180.BO,,,,
INE133C01033,,,KESARPE,524174,BSE,BSE/Yahoo Finance,524174.BO,,,,
INE133D01023,,,ARTSON,522134,BSE,BSE/Yahoo Finance,522134.BO,,,,
INE134F01026,,,STURDY,530611,BSE,BSE/Yahoo Finance,530611.BO,,,,
INE134R01013,,,ANANDPROJ,501630,BSE,BSE/Yahoo Finance,501630.BO,,,,
INE135C01012,,,SAHARAHOUS,511533,BSE,BSE/Yahoo Finance,511533.BO,,,,
INE135H01029,,,TTGIL,512018,BSE,BSE/Yahoo Finance,512018.BO,,,,
INE136C01044,,,HPBL,526717,BSE,BSE/Yahoo Finance,526717.BO,,,,
INE136T01014,,,AHIMSA,206241,BSE,BSE/Yahoo Finance,206241.BO,,,,
INE137E01014,,,AMITSEC,531557,BSE,BSE/Yahoo Finance,531557.BO,,,,
INE137M01017,,,SAB,539112,BSE,BSE/Yahoo Finance,539112.BO,,,,
INE138B01018,,,DUROPACK,526355,BSE,BSE/Yahoo Finance,526355.BO,,,,
INE138O01029,,,INDRENEW,536709,BSE,BSE/Yahoo Finance,536709.BO,,,,
INE139D01020,,,YUVRAAJHPL,531663,BSE,BSE/Yahoo Finance,531663.BO,,,,
INE139E01028,,,NIVAKA,542206,BSE,BSE/Yahoo Finance,542206.BO,,,,
INE139J01019,,,SHYAM,512060,BSE,BSE/Yahoo Finance,512060.BO,,,,
INE13LA01027,,,PRIMAINNO,544855,BSE,BSE/Yahoo Finance,544855.BO,,,,
INE13VU01016,,,BEEZAASAN,544369,BSE,BSE/Yahoo Finance,544369.BO,,,,
INE13YH01017,,,SKM,544584,BSE,BSE/Yahoo Finance,544584.BO,,,,
INE13ZD01013,,,KAYTEX,213602,BSE,BSE/Yahoo Finance,213602.BO,,,,
INE13ZJ01010,,,ADVANCETL,544843,BSE,BSE/Yahoo Finance,544843.BO,,,,
INE140B01048,,,JTLDEFENCE,537254,BSE,BSE/Yahoo Finance,537254.BO,,,,
INE140C01012,,,SIDDHA,530439,BSE,BSE/Yahoo Finance,530439.BO,,,,
INE141C01036,,,NHCFOODS,517554,BSE,BSE/Yahoo Finance,517554.BO,,,,
INE142E01022,,,BEMHY,522650,BSE,BSE/Yahoo Finance,522650.BO,,,,
INE143C01024,,,PRECISIO,517258,BSE,BSE/Yahoo Finance,517258.BO,,,,
INE143I01013,,,PARMCOS-B,507970,BSE,BSE/Yahoo Finance,507970.BO,,,,
INE143K01019,,,YUNIKM,533149,BSE,BSE/Yahoo Finance,533149.BO,,,,
INE144C01014,,,JAGANLAM,530711,BSE,BSE/Yahoo Finance,530711.BO,,,,
INE145E01017,,,CRAVATEX,509472,BSE,BSE/Yahoo Finance,509472.BO,,,,
INE145J01032,,,GUJTLRM,513337,BSE,BSE/Yahoo Finance,513337.BO,,,,
INE145L01012,,,KEERTHI,518011,BSE,BSE/Yahoo Finance,518011.BO,,,,
INE145Y01023,,,SHISHIND,540693,BSE,BSE/Yahoo Finance,540693.BO,,,,
INE146C01019,,,WHITEORG,513713,BSE,BSE/Yahoo Finance,513713.BO,,,,
INE146E01015,,,CREATIVE,539527,BSE,BSE/Yahoo Finance,539527.BO,,,,
INE146H01018,,,INDCTST,532001,BSE,BSE/Yahoo Finance,532001.BO,,,,
INE146N01016,,,FAMILYCARE,516110,BSE,BSE/Yahoo Finance,516110.BO,,,,
INE147701010,,,SILL,544810,BSE,BSE/Yahoo Finance,544810.BO,,,,
INE147C01017,,,POOJAENT,532011,BSE,BSE/Yahoo Finance,532011.BO,,,,
INE147D01015,,,INDOCRED,526887,BSE,BSE/Yahoo Finance,526887.BO,,,,
INE147J01012,,,PUROHITCON,538993,BSE,BSE/Yahoo Finance,538993.BO,,,,
INE148B01033,,,MENAMANI,531127,BSE,BSE/Yahoo Finance,531127.BO,,,,
INE149B01015,,,KOIYAIN,530565,BSE,BSE/Yahoo Finance,530565.BO,,,,
INE149D01011,,,TACENT,531887,BSE,BSE/Yahoo Finance,531887.BO,,,,
INE149Q01021,,,KALYANCAP,538778,BSE,BSE/Yahoo Finance,538778.BO,,,,
INE14DW01018,,,SATTVAENGG,213705,BSE,BSE/Yahoo Finance,213705.BO,,,,
INE14GK01016,,,SMARTEN,213528,BSE,BSE/Yahoo Finance,213528.BO,,,,
INE14LM01012,,,PAJSON,544657,BSE,BSE/Yahoo Finance,544657.BO,,,,
INE14OX01013,,,TAKYON,544471,BSE,BSE/Yahoo Finance,544471.BO,,,,
INE14QA01016,,,AMEENJI,544555,BSE,BSE/Yahoo Finance,544555.BO,,,,
INE14VP01014,,,JDCABLES,544524,BSE,BSE/Yahoo Finance,544524.BO,,,,
INE14W901010,,,RTL,213481,BSE,BSE/Yahoo Finance,213481.BO,,,,
INE150C01029,,,TITANBIO,524717,BSE,BSE/Yahoo Finance,524717.BO,,,,
INE150D01027,,,MUL,539219,BSE,BSE/Yahoo Finance,539219.BO,,,,
INE150R01019,,,SWAGTAM,539406,BSE,BSE/Yahoo Finance,539406.BO,,,,
INE151B01011,,,B2BSOFT,531268,BSE,BSE/Yahoo Finance,531268.BO,,,,
INE151H01018,,,MILESTONE,531338,BSE,BSE/Yahoo Finance,531338.BO,,,,
INE152E01013,,,ELEFLOR,526473,BSE,BSE/Yahoo Finance,526473.BO,,,,
INE153C01015,,,VINTAGES,531051,BSE,BSE/Yahoo Finance,531051.BO,,,,
INE153K01018,,,MONGIPA,530167,BSE,BSE/Yahoo Finance,530167.BO,,,,
INE154801018,,,PUSHPA,213507,BSE,BSE/Yahoo Finance,213507.BO,,,,
INE154B01023,,,MOHITE,532140,BSE,BSE/Yahoo Finance,532140.BO,,,,
INE154G01022,,,VENMAX,531015,BSE,BSE/Yahoo Finance,531015.BO,,,,
INE154M01012,,,RAPIDIN,501351,BSE,BSE/Yahoo Finance,501351.BO,,,,
INE155D01018,,,SELECTRIC,544786,BSE,BSE/Yahoo Finance,544786.BO,,,,
INE155R01018,,,JETSOLAR,538794,BSE,BSE/Yahoo Finance,538794.BO,,,,
INE156901014,,,NEPTUNE,213376,BSE,BSE/Yahoo Finance,213376.BO,,,,
INE156E01014,,,JAIHIND,514312,BSE,BSE/Yahoo Finance,514312.BO,,,,
INE156M01017,,,YURANUS,536846,BSE,BSE/Yahoo Finance,536846.BO,,,,
INE158C01014,,,CITYONLINE,538674,BSE,BSE/Yahoo Finance,538674.BO,,,,
INE158F01017,,,ELFORGE,531144,BSE,BSE/Yahoo Finance,531144.BO,,,,
INE158G01015,,,REMIEDEL,513043,BSE,BSE/Yahoo Finance,513043.BO,,,,
INE158R01012,,,DML,540811,BSE,BSE/Yahoo Finance,540811.BO,,,,
INE159C01012,,,SALGUTI,526554,BSE,BSE/Yahoo Finance,526554.BO,,,,
INE159E01026,,,MMRUBBR-B,509196,BSE,BSE/Yahoo Finance,509196.BO,,,,
INE159L01013,,,SVGLOBAL,535621,BSE,BSE/Yahoo Finance,535621.BO,,,,
INE159O01033,,,MYSTICELE,535205,BSE,BSE/Yahoo Finance,535205.BO,,,,
INE15B101011,,,OPTIVALUE,213732,BSE,BSE/Yahoo Finance,213732.BO,,,,
INE15DO01012,,,KEN,212482,BSE,BSE/Yahoo Finance,212482.BO,,,,
INE15MX01014,,,ABRIL,544500,BSE,BSE/Yahoo Finance,544500.BO,,,,
INE15WN01014,,,REPONO,544463,BSE,BSE/Yahoo Finance,544463.BO,,,,
INE15XJ01010,,,APPL,544529,BSE,BSE/Yahoo Finance,544529.BO,,,,
INE160F01013,,,PHCAP,500143,BSE,BSE/Yahoo Finance,500143.BO,,,,
INE160H01019,,,PBAINFRA,532676,BSE,BSE/Yahoo Finance,532676.BO,,,,
INE160L01011,,,BINNYMILLS,535620,BSE,BSE/Yahoo Finance,535620.BO,,,,
INE160N01017,,,HEALINV,503689,BSE,BSE/Yahoo Finance,503689.BO,,,,
INE160O01031,,,MUKTA,535204,BSE,BSE/Yahoo Finance,535204.BO,,,,
INE161701011,,,PATELCHEM,544460,BSE,BSE/Yahoo Finance,544460.BO,,,,
INE161E01014,,,METALCO,531810,BSE,BSE/Yahoo Finance,531810.BO,,,,
INE161F01011,,,ANIRIT,530705,BSE,BSE/Yahoo Finance,530705.BO,,,,
INE161G01027,,,MORARJEE,532621,BSE,BSE/Yahoo Finance,532621.BO,,,,
INE162901016,,,METAINFO,544441,BSE,BSE/Yahoo Finance,544441.BO,,,,
INE162L01017,,,GANONPRO,512443,BSE,BSE/Yahoo Finance,512443.BO,,,,
INE163401016,,,KANISHK,544693,BSE,BSE/Yahoo Finance,544693.BO,,,,
INE163701019,,,KVSCASTING,544554,BSE,BSE/Yahoo Finance,544554.BO,,,,
INE164D01010,,,IKOMA,531997,BSE,BSE/Yahoo Finance,531997.BO,,,,
INE165F01020,,,GEMSPIN,521133,BSE,BSE/Yahoo Finance,521133.BO,,,,
INE165G01010,,,ASSAMENT,542911,BSE,BSE/Yahoo Finance,542911.BO,,,,
INE167B01025,,,ACIIN,517356,BSE,BSE/Yahoo Finance,517356.BO,,,,
INE167E01037,,,PANCM,500322,BSE,BSE/Yahoo Finance,500322.BO,,,,
INE167F01018,,,POPEES,531971,BSE,BSE/Yahoo Finance,531971.BO,,,,
INE167H01014,,,SIMPLXREA,503229,BSE,BSE/Yahoo Finance,503229.BO,,,,
INE168C01013,,,HILLTONE,544308,BSE,BSE/Yahoo Finance,544308.BO,,,,
INE168O01026,,,GCMSECU,535431,BSE,BSE/Yahoo Finance,535431.BO,,,,
INE169F01014,,,NMSGLOBAL,522289,BSE,BSE/Yahoo Finance,522289.BO,,,,
INE16IQ01014,,,SUPERIRON,544381,BSE,BSE/Yahoo Finance,544381.BO,,,,
INE16QA01011,,,STANBIK,544659,BSE,BSE/Yahoo Finance,544659.BO,,,,
INE16VK01010,,,TSC,213576,BSE,BSE/Yahoo Finance,213576.BO,,,,
INE16XA01017,,,INFINITY,544567,BSE,BSE/Yahoo Finance,544567.BO,,,,
INE170C01019,,,MODIPON,503776,BSE,BSE/Yahoo Finance,503776.BO,,,,
INE170D01025,,,APMIN,523537,BSE,BSE/Yahoo Finance,523537.BO,,,,
INE170U01011,,,SURJIND,526211,BSE,BSE/Yahoo Finance,526211.BO,,,,
INE172B01017,,,IECEDU,531840,BSE,BSE/Yahoo Finance,531840.BO,,,,
INE172D01021,,,CTL,538476,BSE,BSE/Yahoo Finance,538476.BO,,,,
INE172E01011,,,SMRUTHIORG,540686,BSE,BSE/Yahoo Finance,540686.BO,,,,
INE173E01019,,,TEJASSVI,531628,BSE,BSE/Yahoo Finance,531628.BO,,,,
INE173J01018,,,SRMENERGY,523222,BSE,BSE/Yahoo Finance,523222.BO,,,,
INE173M01012,,,ONIXSOLAR,513119,BSE,BSE/Yahoo Finance,513119.BO,,,,
INE173U01015,,,UMIYA,539798,BSE,BSE/Yahoo Finance,539798.BO,,,,
INE173V01013,,,GUJWIND,541627,BSE,BSE/Yahoo Finance,541627.BO,,,,
INE175C01018,,,SPENTA,526161,BSE,BSE/Yahoo Finance,526161.BO,,,,
INE175N01023,,,AERPACE,534733,BSE,BSE/Yahoo Finance,534733.BO,,,,
INE175Q01018,,,KUSUMEL,511048,BSE,BSE/Yahoo Finance,511048.BO,,,,
INE176E01012,,,TNSTLTU,513540,BSE,BSE/Yahoo Finance,513540.BO,,,,
INE176L01017,,,CRANEINFRA,538770,BSE,BSE/Yahoo Finance,538770.BO,,,,
INE176N01039,,,CASPIAN,534732,BSE,BSE/Yahoo Finance,534732.BO,,,,
INE176O01011,,,ESPIRE,532016,BSE,BSE/Yahoo Finance,532016.BO,,,,
INE176R01014,,,RAJKOTINV,539495,BSE,BSE/Yahoo Finance,539495.BO,,,,
INE177D01020,,,INTERDIGI,532072,BSE,BSE/Yahoo Finance,532072.BO,,,,
INE177E01010,,,SPVGLOBAL,512221,BSE,BSE/Yahoo Finance,512221.BO,,,,
INE177M01013,,,INTEGFD,519606,BSE,BSE/Yahoo Finance,519606.BO,,,,
INE178E01026,,,SKYLMILAR,505650,BSE,BSE/Yahoo Finance,505650.BO,,,,
INE178T01024,,,ADVIKCA,539773,BSE,BSE/Yahoo Finance,539773.BO,,,,
INE179O01031,,,SPRIGHT,531205,BSE,BSE/Yahoo Finance,531205.BO,,,,
INE17CQ01015,,,BAGDIGITAL,215182,BSE,BSE/Yahoo Finance,215182.BO,,,,
INE17D601016,,,SAFEENTP,213456,BSE,BSE/Yahoo Finance,213456.BO,,,,
INE17DP01015,,,HRHYGIENE,544848,BSE,BSE/Yahoo Finance,544848.BO,,,,
INE17GV01016,,,PATILAUTOM,213444,BSE,BSE/Yahoo Finance,213444.BO,,,,
INE17VO01028,,,STUDIOLSD,213670,BSE,BSE/Yahoo Finance,213670.BO,,,,
INE17WC01013,,,TEJASCARGO,212532,BSE,BSE/Yahoo Finance,212532.BO,,,,
INE180M01033,,,LONGSPUR,504340,BSE,BSE/Yahoo Finance,504340.BO,,,,
INE181D01014,,,PANIDPR,524055,BSE,BSE/Yahoo Finance,524055.BO,,,,
INE181U01018,,,CFL,540310,BSE,BSE/Yahoo Finance,540310.BO,,,,
INE182E01010,,,TMTIND-B1,522171,BSE,BSE/Yahoo Finance,522171.BO,,,,
INE183D01010,,,CYBELEIND,531472,BSE,BSE/Yahoo Finance,531472.BO,,,,
INE183Q01020,,,CSL,538868,BSE,BSE/Yahoo Finance,538868.BO,,,,
INE183R01010,,,DITCO,539405,BSE,BSE/Yahoo Finance,539405.BO,,,,
INE183U01022,,,PULSRIN,512591,BSE,BSE/Yahoo Finance,512591.BO,,,,
INE183W23014,,,IRBINVIT,540526,BSE,BSE/Yahoo Finance,540526.BO,,,,
INE184B01012,,,SAGARSOFT,540143,BSE,BSE/Yahoo Finance,540143.BO,,,,
INE184D01026,,,RAJSEC,526873,BSE,BSE/Yahoo Finance,526873.BO,,,,
INE184E01024,,,UTLINDS,500426,BSE,BSE/Yahoo Finance,500426.BO,,,,
INE184Q01010,,,FRASER,539032,BSE,BSE/Yahoo Finance,539032.BO,,,,
INE184U01012,,,ASYL,539982,BSE,BSE/Yahoo Finance,539982.BO,,,,
INE185D01015,,,LEXORAA,531944,BSE,BSE/Yahoo Finance,531944.BO,,,,
INE185K01036,,,ARNOLD,537069,BSE,BSE/Yahoo Finance,537069.BO,,,,
INE185U01035,,,KCDGROUP,540696,BSE,BSE/Yahoo Finance,540696.BO,,,,
INE186C01023,,,MEFCOMCAP,531176,BSE,BSE/Yahoo Finance,531176.BO,,,,
INE186E01011,,,VIKALPS,531334,BSE,BSE/Yahoo Finance,531334.BO,,,,
INE186R01013,,,OSIAJEE,540198,BSE,BSE/Yahoo Finance,540198.BO,,,,
INE187R01029,,,CCDL,539091,BSE,BSE/Yahoo Finance,539091.BO,,,,
INE187U01015,,,WMINIMT,504998,BSE,BSE/Yahoo Finance,504998.BO,,,,
INE188E01017,,,WILLIMFI,519214,BSE,BSE/Yahoo Finance,519214.BO,,,,
INE18HI01019,,,AFLTD,544767,BSE,BSE/Yahoo Finance,544767.BO,,,,
INE18PB01017,,,BHAVIK,544551,BSE,BSE/Yahoo Finance,544551.BO,,,,
INE190D01015,,,ARISE,531017,BSE,BSE/Yahoo Finance,531017.BO,,,,
INE190F01028,,,THAKRAL,509015,BSE,BSE/Yahoo Finance,509015.BO,,,,
INE191201016,,,LGT,544489,BSE,BSE/Yahoo Finance,544489.BO,,,,
INE191C01023,,,EASTINDIA,523874,BSE,BSE/Yahoo Finance,523874.BO,,,,
INE191N01012,,,ALEXANDER,511463,BSE,BSE/Yahoo Finance,511463.BO,,,,
INE191O01010,,,LAKHOTIA,535387,BSE,BSE/Yahoo Finance,535387.BO,,,,
INE191P01017,,,GCMCAPI,538319,BSE,BSE/Yahoo Finance,538319.BO,,,,
INE191V01015,,,SHIVAEXPO,540072,BSE,BSE/Yahoo Finance,540072.BO,,,,
INE192C01013,,,VASINFRA,531574,BSE,BSE/Yahoo Finance,531574.BO,,,,
INE193D01019,,,DRL,531553,BSE,BSE/Yahoo Finance,531553.BO,,,,
INE193R01019,,,SHESHAINDS,539111,BSE,BSE/Yahoo Finance,539111.BO,,,,
INE194E01015,,,GARGFUR,530615,BSE,BSE/Yahoo Finance,530615.BO,,,,
INE194N01016,,,CCME,514336,BSE,BSE/Yahoo Finance,514336.BO,,,,
INE194R01017,,,FREDUN,539730,BSE,BSE/Yahoo Finance,539730.BO,,,,
INE195E01020,,,DHANSAFAL,512048,BSE,BSE/Yahoo Finance,512048.BO,,,,
INE195I01013,,,ABIRAFN,511756,BSE,BSE/Yahoo Finance,511756.BO,,,,
INE197C01012,,,AXELPOLY,513642,BSE,BSE/Yahoo Finance,513642.BO,,,,
INE197R01010,,,AANANDALAK,539096,BSE,BSE/Yahoo Finance,539096.BO,,,,
INE198C01010,,,CAMEXLTD,524440,BSE,BSE/Yahoo Finance,524440.BO,,,,
INE198N01017,,,CDG,534796,BSE,BSE/Yahoo Finance,534796.BO,,,,
INE199D01016,,,MARBU,523566,BSE,BSE/Yahoo Finance,523566.BO,,,,
INE199E01014,,,SUNSHIEL,530845,BSE,BSE/Yahoo Finance,530845.BO,,,,
INE19I001020,,,EXIMROUTES,215458,BSE,BSE/Yahoo Finance,215458.BO,,,,
INE19QH01010,,,SPUNWEB,213552,BSE,BSE/Yahoo Finance,213552.BO,,,,
INE19RO25013,,,PSPLATINA,544295,BSE,BSE/Yahoo Finance,544295.BO,,,,
INE19RO25021,,,PSTITANIA,544462,BSE,BSE/Yahoo Finance,544462.BO,,,,
INE19RO25039,,,PSCELESTIA,544752,BSE,BSE/Yahoo Finance,544752.BO,,,,
INE1A6Q01010,,,ASHWINI,215457,BSE,BSE/Yahoo Finance,215457.BO,,,,
INE1A8F01035,,,EARKART,544549,BSE,BSE/Yahoo Finance,544549.BO,,,,
INE1ABX01018,,,UNIFIED,544406,BSE,BSE/Yahoo Finance,544406.BO,,,,
INE1AE401014,,,JAYESH,215267,BSE,BSE/Yahoo Finance,215267.BO,,,,
INE1AII01014,,,IWARE,213268,BSE,BSE/Yahoo Finance,213268.BO,,,,
INE1ARD01016,,,SACHEEROME,213425,BSE,BSE/Yahoo Finance,213425.BO,,,,
INE1B3501014,,,ZELIO,544563,BSE,BSE/Yahoo Finance,544563.BO,,,,
INE1B4801017,,,CHTR,544546,BSE,BSE/Yahoo Finance,544546.BO,,,,
INE1BA901016,,,LOGICIEL,544625,BSE,BSE/Yahoo Finance,544625.BO,,,,
INE1BKA01015,,,BMLL,216286,BSE,BSE/Yahoo Finance,216286.BO,,,,
INE1BZN01016,,,CURIS,215295,BSE,BSE/Yahoo Finance,215295.BO,,,,
INE1C3F01018,,,KIAASA,544711,BSE,BSE/Yahoo Finance,544711.BO,,,,
INE1CCX01012,,,GURUNANAK,215150,BSE,BSE/Yahoo Finance,215150.BO,,,,
INE1CEJ01017,,,E2ERAIL,215521,BSE,BSE/Yahoo Finance,215521.BO,,,,
INE1CJB01013,,,LUXURY,544635,BSE,BSE/Yahoo Finance,544635.BO,,,,
INE1CLW01015,,,GLPL,544759,BSE,BSE/Yahoo Finance,544759.BO,,,,
INE1CRP01016,,,SHYAMDHANI,215512,BSE,BSE/Yahoo Finance,215512.BO,,,,
INE1CRQ01014,,,CURRENT,213704,BSE,BSE/Yahoo Finance,213704.BO,,,,
INE1CW901027,,,SPEB,215418,BSE,BSE/Yahoo Finance,215418.BO,,,,
INE1D8001016,,,ARITAS,544683,BSE,BSE/Yahoo Finance,544683.BO,,,,
INE1DKT01011,,,RDEL,544640,BSE,BSE/Yahoo Finance,544640.BO,,,,
INE1DLF01018,,,SHIVASHRIT,213681,BSE,BSE/Yahoo Finance,213681.BO,,,,
INE1DM601016,,,VIGOR,213737,BSE,BSE/Yahoo Finance,213737.BO,,,,
INE1DRH01011,,,CITYSQUARE,544514,BSE,BSE/Yahoo Finance,544514.BO,,,,
INE1DV401010,,,MONOLITH,213434,BSE,BSE/Yahoo Finance,213434.BO,,,,
INE1E1V01017,,,HRS,544656,BSE,BSE/Yahoo Finance,544656.BO,,,,
INE1E4401010,,,EXATO,544626,BSE,BSE/Yahoo Finance,544626.BO,,,,
INE1E7Y01018,,,VALUE360,216250,BSE,BSE/Yahoo Finance,216250.BO,,,,
INE1EF801010,,,CSSL,215419,BSE,BSE/Yahoo Finance,215419.BO,,,,
INE1EJ401023,,,SSPRL,544840,BSE,BSE/Yahoo Finance,544840.BO,,,,
INE1ERK01013,,,MANILAM,215795,BSE,BSE/Yahoo Finance,215795.BO,,,,
INE1EUB01016,,,SHLOKKA,544582,BSE,BSE/Yahoo Finance,544582.BO,,,,
INE1EVO01017,,,SEEMAX,544813,BSE,BSE/Yahoo Finance,544813.BO,,,,
INE1F9M01018,,,DACHEPALLI,544667,BSE,BSE/Yahoo Finance,544667.BO,,,,
INE1FEW01013,,,ELFIN,544724,BSE,BSE/Yahoo Finance,544724.BO,,,,
INE1FFX01018,,,PROPSHOP,216481,BSE,BSE/Yahoo Finance,216481.BO,,,,
INE1FHV01026,,,UNISEM,544648,BSE,BSE/Yahoo Finance,544648.BO,,,,
INE1FJE01010,,,HELLOJI,544630,BSE,BSE/Yahoo Finance,544630.BO,,,,
INE1FL101016,,,SHETHJI,215284,BSE,BSE/Yahoo Finance,215284.BO,,,,
INE1G2W01011,,,QLINE,216287,BSE,BSE/Yahoo Finance,216287.BO,,,,
INE1GFG01011,,,HAPPY,216431,BSE,BSE/Yahoo Finance,216431.BO,,,,
INE1GM501015,,,RFIL,544771,BSE,BSE/Yahoo Finance,544771.BO,,,,
INE1GUJ01014,,,TRADEUNO,544594,BSE,BSE/Yahoo Finance,544594.BO,,,,
INE1GYP01013,,,AAKAAR,213454,BSE,BSE/Yahoo Finance,213454.BO,,,,
INE1H1501013,,,GTIL,544675,BSE,BSE/Yahoo Finance,544675.BO,,,,
INE1H7V01011,,,PARTH,213639,BSE,BSE/Yahoo Finance,213639.BO,,,,
INE1HK501016,,,MDRC,544673,BSE,BSE/Yahoo Finance,544673.BO,,,,
INE1HX301016,,,DHAVAL,544854,BSE,BSE/Yahoo Finance,544854.BO,,,,
INE1I1301016,,,WORKMATES,544610,BSE,BSE/Yahoo Finance,544610.BO,,,,
INE1IBY01019,,,ESSEX,544475,BSE,BSE/Yahoo Finance,544475.BO,,,,
INE1IE301018,,,KVTOYS,544641,BSE,BSE/Yahoo Finance,544641.BO,,,,
INE1II801013,,,METALIC,216463,BSE,BSE/Yahoo Finance,216463.BO,,,,
INE1IIQ01028,,,SOLVEX,544539,BSE,BSE/Yahoo Finance,544539.BO,,,,
INE1IJQ01026,,,BAIKAKAJI,544670,BSE,BSE/Yahoo Finance,544670.BO,,,,
INE1ITY01011,,,GLOBALLOG,544665,BSE,BSE/Yahoo Finance,544665.BO,,,,
INE1J5V01013,,,ANAWIL,216509,BSE,BSE/Yahoo Finance,216509.BO,,,,
INE1J6M01010,,,ACETEC,215870,BSE,BSE/Yahoo Finance,215870.BO,,,,
INE1JAR25012,,,KRT,544481,BSE,BSE/Yahoo Finance,544481.BO,,,,
INE1K0V01011,,,MTL,544751,BSE,BSE/Yahoo Finance,544751.BO,,,,
INE1K4J01018,,,SIMCA,216256,BSE,BSE/Yahoo Finance,216256.BO,,,,
INE1K8Y01018,,,MUNISH,215183,BSE,BSE/Yahoo Finance,215183.BO,,,,
INE1KEC01023,,,EPWINDIA,215511,BSE,BSE/Yahoo Finance,215511.BO,,,,
INE1KH601014,,,MEHUL,544472,BSE,BSE/Yahoo Finance,544472.BO,,,,
INE1KI801019,,,HIGHNESS,544741,BSE,BSE/Yahoo Finance,544741.BO,,,,
INE1KLZ01011,,,SYSTEMATIC,544541,BSE,BSE/Yahoo Finance,544541.BO,,,,
INE1KU201016,,,AVANA,215615,BSE,BSE/Yahoo Finance,215615.BO,,,,
INE1KVL01010,,,AUREATE,544772,BSE,BSE/Yahoo Finance,544772.BO,,,,
INE1KVQ01019,,,ANL,544694,BSE,BSE/Yahoo Finance,544694.BO,,,,
INE1L0M01019,,,KRATIKAL,544811,BSE,BSE/Yahoo Finance,544811.BO,,,,
INE1L3801017,,,VPAL,544765,BSE,BSE/Yahoo Finance,544765.BO,,,,
INE1LDV01015,,,TRUECOLORS,544531,BSE,BSE/Yahoo Finance,544531.BO,,,,
INE1LJ801017,,,BDI,544468,BSE,BSE/Yahoo Finance,544468.BO,,,,
INE1LMA01010,,,KLASSROOM,544856,BSE,BSE/Yahoo Finance,544856.BO,,,,
INE1M3T01017,,,JYOTIGLOBL,213638,BSE,BSE/Yahoo Finance,213638.BO,,,,
INE1MF401019,,,WOSAL,544636,BSE,BSE/Yahoo Finance,544636.BO,,,,
INE1MTV01019,,,KRMAYURVED,215641,BSE,BSE/Yahoo Finance,215641.BO,,,,
INE1N3Y01016,,,MALA,544835,BSE,BSE/Yahoo Finance,544835.BO,,,,
INE1N9E01015,,,PANHR,544698,BSE,BSE/Yahoo Finance,544698.BO,,,,
INE1NQ501012,,,NEPLOG,544663,BSE,BSE/Yahoo Finance,544663.BO,,,,
INE1O6P01016,,,YASHHTEJ,544708,BSE,BSE/Yahoo Finance,544708.BO,,,,
INE1O7201010,,,ANUBHAV,544800,BSE,BSE/Yahoo Finance,544800.BO,,,,
INE1OIC01018,,,SNEHAA,213708,BSE,BSE/Yahoo Finance,213708.BO,,,,
INE1OOT01028,,,DIGILOGIC,544684,BSE,BSE/Yahoo Finance,544684.BO,,,,
INE1OSI01014,,,DIKSHA,544798,BSE,BSE/Yahoo Finance,544798.BO,,,,
INE1OSW01015,,,EMIAC,544747,BSE,BSE/Yahoo Finance,544747.BO,,,,
INE1P1A01018,,,UML,544464,BSE,BSE/Yahoo Finance,544464.BO,,,,
INE1PJP01015,,,MPKSTEELS,544553,BSE,BSE/Yahoo Finance,544553.BO,,,,
INE1QGM01024,,,CLAYCRAFT,216360,BSE,BSE/Yahoo Finance,216360.BO,,,,
INE1RQS01010,,,MRTX,544773,BSE,BSE/Yahoo Finance,544773.BO,,,,
INE1SEO01013,,,HORIZON,544794,BSE,BSE/Yahoo Finance,544794.BO,,,,
INE1SME01017,,,ADON,544809,BSE,BSE/Yahoo Finance,544809.BO,,,,
INE1SRC01010,,,MILLWORKS,544826,BSE,BSE/Yahoo Finance,544826.BO,,,,
INE1T6L01010,,,YAASHVI,544770,BSE,BSE/Yahoo Finance,544770.BO,,,,
INE1TFS01019,,,NOVUS,544735,BSE,BSE/Yahoo Finance,544735.BO,,,,
INE1TY801010,,,GJL,215720,BSE,BSE/Yahoo Finance,215720.BO,,,,
INE1U2R01013,,,SSMD,544621,BSE,BSE/Yahoo Finance,544621.BO,,,,
INE1U6D01014,,,TIPCO,544740,BSE,BSE/Yahoo Finance,544740.BO,,,,
INE1UA823019,,,ANANTAM,544579,BSE,BSE/Yahoo Finance,544579.BO,,,,
INE1UYW01010,,,HARIKANTA,544769,BSE,BSE/Yahoo Finance,544769.BO,,,,
INE1V1R01014,,,UTKAL,216342,BSE,BSE/Yahoo Finance,216342.BO,,,,
INE1V4601019,,,SHRIKANHA,215422,BSE,BSE/Yahoo Finance,215422.BO,,,,
INE1W0N01014,,,GENXAI,216329,BSE,BSE/Yahoo Finance,216329.BO,,,,
INE1W3Q01011,,,FIL,544707,BSE,BSE/Yahoo Finance,544707.BO,,,,
INE1WDC01012,,,GULFLLOYDS,544834,BSE,BSE/Yahoo Finance,544834.BO,,,,
INE1XWN01017,,,STRIDERS,215841,BSE,BSE/Yahoo Finance,215841.BO,,,,
INE1YNB01019,,,MOBILISE,215828,BSE,BSE/Yahoo Finance,215828.BO,,,,
INE200P01016,,,GCMCOMM,535917,BSE,BSE/Yahoo Finance,535917.BO,,,,
INE201C01012,,,RFSL,539435,BSE,BSE/Yahoo Finance,539435.BO,,,,
INE201F01015,,,SHRINIWAS,538897,BSE,BSE/Yahoo Finance,538897.BO,,,,
INE201J01017,,,LGBFORGE,533007,BSE,BSE/Yahoo Finance,533007.BO,,,,
INE201N01019,,,BHATEXT,531029,BSE,BSE/Yahoo Finance,531029.BO,,,,
INE202R01026,,,ARCFIN,540135,BSE,BSE/Yahoo Finance,540135.BO,,,,
INE203D01016,,,VICTMILL,503349,BSE,BSE/Yahoo Finance,503349.BO,,,,
INE203N01015,,,SHYMINV,505515,BSE,BSE/Yahoo Finance,505515.BO,,,,
INE203Q01026,,,NOBPOL,539200,BSE,BSE/Yahoo Finance,539200.BO,,,,
INE203T01012,,,UNIAUTO,539314,BSE,BSE/Yahoo Finance,539314.BO,,,,
INE204C01024,,,SHRIDINE,503804,BSE,BSE/Yahoo Finance,503804.BO,,,,
INE204D01022,,,VENLONENT,524038,BSE,BSE/Yahoo Finance,524038.BO,,,,
INE204N01013,,,LOOKS,534422,BSE,BSE/Yahoo Finance,534422.BO,,,,
INE204S01012,,,LELAVOIR,539814,BSE,BSE/Yahoo Finance,539814.BO,,,,
INE204Y01010,,,SBRANDS,540782,BSE,BSE/Yahoo Finance,540782.BO,,,,
INE205F01016,,,STLSTRINF,513173,BSE,BSE/Yahoo Finance,513173.BO,,,,
INE206C01029,,,PRATIK,526490,BSE,BSE/Yahoo Finance,526490.BO,,,,
INE206I01026,,,DIAMANT,508860,BSE,BSE/Yahoo Finance,508860.BO,,,,
INE206Z01020,,,SUNRETAIL,542025,BSE,BSE/Yahoo Finance,542025.BO,,,,
INE207B01011,,,SHARP,523449,BSE,BSE/Yahoo Finance,523449.BO,,,,
INE207C01019,,,ADINATH,514113,BSE,BSE/Yahoo Finance,514113.BO,,,,
INE208H01016,,,MEEIND,544831,BSE,BSE/Yahoo Finance,544831.BO,,,,
INE208U01019,,,OCTAWARE,540416,BSE,BSE/Yahoo Finance,540416.BO,,,,
INE209C01015,,,ALFATRAN,517546,BSE,BSE/Yahoo Finance,517546.BO,,,,
INE20PL01012,,,ADISOFT,216223,BSE,BSE/Yahoo Finance,216223.BO,,,,
INE210F01016,,,SWATIPRO,543914,BSE,BSE/Yahoo Finance,543914.BO,,,,
INE210P01015,,,UNISHIRE,537582,BSE,BSE/Yahoo Finance,537582.BO,,,,
INE211D01027,,,ALFL,538952,BSE,BSE/Yahoo Finance,538952.BO,,,,
INE212B01011,,,LIBORDFIN,511593,BSE,BSE/Yahoo Finance,511593.BO,,,,
INE212P01011,,,CHEMTECH,537326,BSE,BSE/Yahoo Finance,537326.BO,,,,
INE212Q01019,,,PBFL,539352,BSE,BSE/Yahoo Finance,539352.BO,,,,
INE213B01019,,,ODYSSEY,530175,BSE,BSE/Yahoo Finance,530175.BO,,,,
INE213P01027,,,TRANSFD,519367,BSE,BSE/Yahoo Finance,519367.BO,,,,
INE213U01019,,,LAHL,540026,BSE,BSE/Yahoo Finance,540026.BO,,,,
INE214B01017,,,INNOCORP,531929,BSE,BSE/Yahoo Finance,531929.BO,,,,
INE214D01021,,,KARNAWATI,531671,BSE,BSE/Yahoo Finance,531671.BO,,,,
INE216B01012,,,YASHMGM,511601,BSE,BSE/Yahoo Finance,511601.BO,,,,
INE216C01010,,,CALCOM,517236,BSE,BSE/Yahoo Finance,517236.BO,,,,
INE216H01027,,,EDUCOMP,532696,BSE,BSE/Yahoo Finance,532696.BO,,,,
INE216I01017,,,NEOINFRA,514332,BSE,BSE/Yahoo Finance,514332.BO,,,,
INE216Q01010,,,MNIL,539767,BSE,BSE/Yahoo Finance,539767.BO,,,,
INE217E01014,,,BAZELINTER,539946,BSE,BSE/Yahoo Finance,539946.BO,,,,
INE217S01014,,,APOORVA,539545,BSE,BSE/Yahoo Finance,539545.BO,,,,
INE218A01028,,,KLIFESTYL,514221,BSE,BSE/Yahoo Finance,514221.BO,,,,
INE218N01021,,,ZR2,506640,BSE,BSE/Yahoo Finance,506640.BO,,,,
INE218P01018,,,ACFSL,536737,BSE,BSE/Yahoo Finance,536737.BO,,,,
INE218T01010,,,CRAFTROOT,526349,BSE,BSE/Yahoo Finance,526349.BO,,,,
INE219D01012,,,HVL,506024,BSE,BSE/Yahoo Finance,506024.BO,,,,
INE219M01021,,,ATVOENT,532090,BSE,BSE/Yahoo Finance,532090.BO,,,,
INE219W01012,,,MODINSU,515008,BSE,BSE/Yahoo Finance,515008.BO,,,,
INE219X23014,,,INDIGRID,540565,BSE,BSE/Yahoo Finance,540565.BO,,,,
INE21UM01018,,,NEOCHEM,215421,BSE,BSE/Yahoo Finance,215421.BO,,,,
INE220C01012,,,DHANROTO,521216,BSE,BSE/Yahoo Finance,521216.BO,,,,
INE220J01025,,,FCONSUMER,533400,BSE,BSE/Yahoo Finance,533400.BO,,,,
INE222B01028,,,CEMAINFRA,538596,BSE,BSE/Yahoo Finance,538596.BO,,,,
INE222F01029,,,VTMLTD,532893,BSE,BSE/Yahoo Finance,532893.BO,,,,
INE222U01010,,,GOLDENCREST,540062,BSE,BSE/Yahoo Finance,540062.BO,,,,
INE223R01014,,,NAPL,538926,BSE,BSE/Yahoo Finance,538926.BO,,,,
INE224C01014,,,INANISEC,531672,BSE,BSE/Yahoo Finance,531672.BO,,,,
INE224D01012,,,SUNILAGR,530953,BSE,BSE/Yahoo Finance,530953.BO,,,,
INE224M01013,,,BGLOBAL,533499,BSE,BSE/Yahoo Finance,533499.BO,,,,
INE225G01012,,,GOWRALE,530709,BSE,BSE/Yahoo Finance,530709.BO,,,,
INE226801012,,,ATHARVA,544812,BSE,BSE/Yahoo Finance,544812.BO,,,,
INE227B01019,,,HINDALUMI,531979,BSE,BSE/Yahoo Finance,531979.BO,,,,
INE227F01010,,,MKEXIM,538890,BSE,BSE/Yahoo Finance,538890.BO,,,,
INE228B01017,,,BARONINF,532336,BSE,BSE/Yahoo Finance,532336.BO,,,,
INE229D01011,,,RRFIN,511626,BSE,BSE/Yahoo Finance,511626.BO,,,,
INE229E01019,,,COARO,520131,BSE,BSE/Yahoo Finance,520131.BO,,,,
INE229G01022,,,KACL,531780,BSE,BSE/Yahoo Finance,531780.BO,,,,
INE229N01010,,,NEWTRAC,514060,BSE,BSE/Yahoo Finance,514060.BO,,,,
INE229R01011,,,ARYACAPM,538716,BSE,BSE/Yahoo Finance,538716.BO,,,,
INE230F01014,,,RAINBOWF,531694,BSE,BSE/Yahoo Finance,531694.BO,,,,
INE230I01018,,,HAWAENG,539176,BSE,BSE/Yahoo Finance,539176.BO,,,,
INE232L01018,,,MYMONEY,538862,BSE,BSE/Yahoo Finance,538862.BO,,,,
INE233C01023,,,PRIMEPRO,530695,BSE,BSE/Yahoo Finance,530695.BO,,,,
INE233D01013,,,NATPLAS,526616,BSE,BSE/Yahoo Finance,526616.BO,,,,
INE233P01017,,,SPTRSHI,519238,BSE,BSE/Yahoo Finance,519238.BO,,,,
INE234B01023,,,CRANESSOFT,512093,BSE,BSE/Yahoo Finance,512093.BO,,,,
INE234E01027,,,DJSSS,511636,BSE,BSE/Yahoo Finance,511636.BO,,,,
INE234G01022,,,TRIOMERC,534755,BSE,BSE/Yahoo Finance,534755.BO,,,,
INE234J01018,,,ANSINDUS,531406,BSE,BSE/Yahoo Finance,531406.BO,,,,
INE235U01012,,,SIZEMASTER,513496,BSE,BSE/Yahoo Finance,513496.BO,,,,
INE236W01016,,,ANG,540694,BSE,BSE/Yahoo Finance,540694.BO,,,,
INE237B01018,,,JSTL,538837,BSE,BSE/Yahoo Finance,538837.BO,,,,
INE237C01016,,,KATIPATANG,531126,BSE,BSE/Yahoo Finance,531126.BO,,,,
INE238C01022,,,TRISHAKT,531279,BSE,BSE/Yahoo Finance,531279.BO,,,,
INE238Y01018,,,TIRUPATI,203793,BSE,BSE/Yahoo Finance,203793.BO,,,,
INE239B01014,,,RFL,511740,BSE,BSE/Yahoo Finance,511740.BO,,,,
INE239F01015,,,ZDHJERK,531043,BSE,BSE/Yahoo Finance,531043.BO,,,,
INE239L01013,,,PALCO,539121,BSE,BSE/Yahoo Finance,539121.BO,,,,
INE239T01016,,,KKVAPOW,205638,BSE,BSE/Yahoo Finance,205638.BO,,,,
INE240B01012,,,MEHIF,511377,BSE,BSE/Yahoo Finance,511377.BO,,,,
INE240T01014,,,PARMAX,540359,BSE,BSE/Yahoo Finance,540359.BO,,,,
INE241B01010,,,MEHSECU,511738,BSE,BSE/Yahoo Finance,511738.BO,,,,
INE241F01011,,,FUTSOL,534063,BSE,BSE/Yahoo Finance,534063.BO,,,,
INE241V01018,,,SHRIGANG,523309,BSE,BSE/Yahoo Finance,523309.BO,,,,
INE241X01014,,,VOLERCAR,212508,BSE,BSE/Yahoo Finance,212508.BO,,,,
INE242B01018,,,NIRAVCOM,512425,BSE,BSE/Yahoo Finance,512425.BO,,,,
INE242Q01016,,,JMJFIN,538834,BSE,BSE/Yahoo Finance,538834.BO,,,,
INE243B01016,,,PADMALAYAT,532350,BSE,BSE/Yahoo Finance,532350.BO,,,,
INE243E01010,,,GALADAFIN,538881,BSE,BSE/Yahoo Finance,538881.BO,,,,
INE243N01029,,,SWADPOL,503816,BSE,BSE/Yahoo Finance,503816.BO,,,,
INE244C01020,,,MFLINDIA,526622,BSE,BSE/Yahoo Finance,526622.BO,,,,
INE244W01010,,,VGIL,543241,BSE,BSE/Yahoo Finance,543241.BO,,,,
INE245B01011,,,PHOENXINTL,526481,BSE,BSE/Yahoo Finance,526481.BO,,,,
INE245H01018,,,MTPL,540254,BSE,BSE/Yahoo Finance,540254.BO,,,,
INE245L01028,,,RDBIPL,533285,BSE,BSE/Yahoo Finance,533285.BO,,,,
INE246D01015,,,JAYATMA,539005,BSE,BSE/Yahoo Finance,539005.BO,,,,
INE247C01023,,,VIRTUALG,534741,BSE,BSE/Yahoo Finance,534741.BO,,,,
INE247F01018,,,ORIBEVER,507690,BSE,BSE/Yahoo Finance,507690.BO,,,,
INE248B01023,,,SAWACA,531893,BSE,BSE/Yahoo Finance,531893.BO,,,,
INE249D01019,,,RIDDHI,524480,BSE,BSE/Yahoo Finance,524480.BO,,,,
INE249U01013,,,SUERYAAKNI,540318,BSE,BSE/Yahoo Finance,540318.BO,,,,
INE24H301028,,,VIVIDEL,216132,BSE,BSE/Yahoo Finance,216132.BO,,,,
INE250C01027,,,JAIMATAG,523467,BSE,BSE/Yahoo Finance,523467.BO,,,,
INE250D01017,,,JAYIND,531323,BSE,BSE/Yahoo Finance,531323.BO,,,,
INE250G01010,,,UNICK,541503,BSE,BSE/Yahoo Finance,541503.BO,,,,
INE250S01015,,,MEAPL,539762,BSE,BSE/Yahoo Finance,539762.BO,,,,
INE252A01019,,,SPELS,517166,BSE,BSE/Yahoo Finance,517166.BO,,,,
INE252C01023,,,KANELIND,500236,BSE,BSE/Yahoo Finance,500236.BO,,,,
INE253A01025,,,HINDMOTORS,500500,BSE,BSE/Yahoo Finance,500500.BO,,,,
INE255C01026,,,GALADA,504697,BSE,BSE/Yahoo Finance,504697.BO,,,,
INE255E01030,,,VEERENRGY,503657,BSE,BSE/Yahoo Finance,503657.BO,,,,
INE256D01014,,,GENUSPRIME,532425,BSE,BSE/Yahoo Finance,532425.BO,,,,
INE256G01033,,,VIJAYTX,530151,BSE,BSE/Yahoo Finance,530151.BO,,,,
INE256S01012,,,NAKSH,539402,BSE,BSE/Yahoo Finance,539402.BO,,,,
INE257C01014,,,ADTECH,544185,BSE,BSE/Yahoo Finance,544185.BO,,,,
INE257F01017,,,MAHALXSE,513460,BSE,BSE/Yahoo Finance,513460.BO,,,,
INE258C01038,,,ACCEL,517494,BSE,BSE/Yahoo Finance,517494.BO,,,,
INE258M01011,,,FERVENTSYN,533896,BSE,BSE/Yahoo Finance,533896.BO,,,,
INE258R01028,,,PANORAMA,539469,BSE,BSE/Yahoo Finance,539469.BO,,,,
INE258Z01013,,,HIRAUTO,531743,BSE,BSE/Yahoo Finance,531743.BO,,,,
INE260E01014,,,SKCIL,530977,BSE,BSE/Yahoo Finance,530977.BO,,,,
INE260R01016,,,DHABRIYA,538715,BSE,BSE/Yahoo Finance,538715.BO,,,,
INE262B01016,,,ITHL,500213,BSE,BSE/Yahoo Finance,500213.BO,,,,
INE262C01014,,,POLYCON,531397,BSE,BSE/Yahoo Finance,531397.BO,,,,
INE262S01010,,,SHAIVAL,204337,BSE,BSE/Yahoo Finance,204337.BO,,,,
INE262W01012,,,MAYURFL,531221,BSE,BSE/Yahoo Finance,531221.BO,,,,
INE263B01022,,,JAYSYNTH,524592,BSE,BSE/Yahoo Finance,524592.BO,,,,
INE263R01010,,,GEETANJ,539486,BSE,BSE/Yahoo Finance,539486.BO,,,,
INE264N01017,,,HRMNYCP,530055,BSE,BSE/Yahoo Finance,530055.BO,,,,
INE265C01025,,,PRABHATAM,531647,BSE,BSE/Yahoo Finance,531647.BO,,,,
INE265D01015,,,GKB,533212,BSE,BSE/Yahoo Finance,533212.BO,,,,
INE266B01017,,,KINETICENG,500240,BSE,BSE/Yahoo Finance,500240.BO,,,,
INE266C01023,,,SGNTE,531812,BSE,BSE/Yahoo Finance,531812.BO,,,,
INE266H01014,,,CELLA,532701,BSE,BSE/Yahoo Finance,532701.BO,,,,
INE266P01017,,,WESTLEIRES,538382,BSE,BSE/Yahoo Finance,538382.BO,,,,
INE266S01011,,,SMEL,541799,BSE,BSE/Yahoo Finance,541799.BO,,,,
INE267C01013,,,AMBIT,526439,BSE,BSE/Yahoo Finance,526439.BO,,,,
INE267E01019,,,LIBORD,531027,BSE,BSE/Yahoo Finance,531027.BO,,,,
INE268T01015,,,SUPRAPFSL,540168,BSE,BSE/Yahoo Finance,540168.BO,,,,
INE268X01017,,,STRAEXPO,541633,BSE,BSE/Yahoo Finance,541633.BO,,,,
INE270D01015,,,REVAMEDIA,524504,BSE,BSE/Yahoo Finance,524504.BO,,,,
INE271D01013,,,SUNGOLD,531433,BSE,BSE/Yahoo Finance,531433.BO,,,,
INE272C01013,,,DEEPAKSP,514030,BSE,BSE/Yahoo Finance,514030.BO,,,,
INE272E01027,,,MAHACORP,505523,BSE,BSE/Yahoo Finance,505523.BO,,,,
INE272G01014,,,PARLEIND,532911,BSE,BSE/Yahoo Finance,532911.BO,,,,
INE273A01015,,,APLAB,517096,BSE,BSE/Yahoo Finance,517096.BO,,,,
INE273F01022,,,ALANSCOTT,539115,BSE,BSE/Yahoo Finance,539115.BO,,,,
INE274E01015,,,INDIAHOME,530979,BSE,BSE/Yahoo Finance,530979.BO,,,,
INE274M01026,,,COMFINCAP,535267,BSE,BSE/Yahoo Finance,535267.BO,,,,
INE275F01019,,,UNIVAFOODS,526683,BSE,BSE/Yahoo Finance,526683.BO,,,,
INE276D01012,,,ARCEEIN,520121,BSE,BSE/Yahoo Finance,520121.BO,,,,
INE276H01013,,,NIDHGRN,512103,BSE,BSE/Yahoo Finance,512103.BO,,,,
INE276I01011,,,GUJCONT,513507,BSE,BSE/Yahoo Finance,513507.BO,,,,
INE276N01011,,,TULASEEBIOE,524514,BSE,BSE/Yahoo Finance,524514.BO,,,,
INE276T01018,,,ADLINE,524604,BSE,BSE/Yahoo Finance,524604.BO,,,,
INE277E01026,,,MSCTC,513544,BSE,BSE/Yahoo Finance,513544.BO,,,,
INE278C01010,,,SHETR,526137,BSE,BSE/Yahoo Finance,526137.BO,,,,
INE278D01018,,,BDH,524828,BSE,BSE/Yahoo Finance,524828.BO,,,,
INE278O01015,,,GANGAPA,531813,BSE,BSE/Yahoo Finance,531813.BO,,,,
INE279D01016,,,EMAINDIA,522027,BSE,BSE/Yahoo Finance,522027.BO,,,,
INE27V201011,,,VMOBILE,216402,BSE,BSE/Yahoo Finance,216402.BO,,,,
INE280E01038,,,SATTVASUKU,539519,BSE,BSE/Yahoo Finance,539519.BO,,,,
INE280F01019,,,JAINEX,505212,BSE,BSE/Yahoo Finance,505212.BO,,,,
INE281E01028,,,MINID,523373,BSE,BSE/Yahoo Finance,523373.BO,,,,
INE281M01013,,,LWSKNIT,531402,BSE,BSE/Yahoo Finance,531402.BO,,,,
INE281P01016,,,ABHIINFRA,539544,BSE,BSE/Yahoo Finance,539544.BO,,,,
INE282Y01016,,,KAARYAFSL,540756,BSE,BSE/Yahoo Finance,540756.BO,,,,
INE283D01018,,,ANJANIFIN,531878,BSE,BSE/Yahoo Finance,531878.BO,,,,
INE284B01028,,,TGVSL,507753,BSE,BSE/Yahoo Finance,507753.BO,,,,
INE284C01018,,,LAKSELEC,504258,BSE,BSE/Yahoo Finance,504258.BO,,,,
INE285B01017,,,SPICEJET,500285,BSE,BSE/Yahoo Finance,500285.BO,,,,
INE285C01015,,,VOITHPAPR,522122,BSE,BSE/Yahoo Finance,522122.BO,,,,
INE285U01025,,,KIMIABL,530313,BSE,BSE/Yahoo Finance,530313.BO,,,,
INE286E01019,,,OLYOI,507609,BSE,BSE/Yahoo Finance,507609.BO,,,,
INE286N01028,,,PRISMX,501314,BSE,BSE/Yahoo Finance,501314.BO,,,,
INE288301026,,,PPEL,544844,BSE,BSE/Yahoo Finance,544844.BO,,,,
INE289D01015,,,JAYUSH,513252,BSE,BSE/Yahoo Finance,513252.BO,,,,
INE289M01016,,,JOLYPLS,507968,BSE,BSE/Yahoo Finance,507968.BO,,,,
INE290E01011,,,YOGI,511702,BSE,BSE/Yahoo Finance,511702.BO,,,,
INE291R01011,,,ATHCON,539099,BSE,BSE/Yahoo Finance,539099.BO,,,,
INE292C01011,,,AUROLAB,530233,BSE,BSE/Yahoo Finance,530233.BO,,,,
INE292D01019,,,KANDAGIRI,521242,BSE,BSE/Yahoo Finance,521242.BO,,,,
INE293601014,,,AMBAAUTO,216238,BSE,BSE/Yahoo Finance,216238.BO,,,,
INE293C01019,,,ASHRAM,526187,BSE,BSE/Yahoo Finance,526187.BO,,,,
INE293D01017,,,KIRANSY-B,530443,BSE,BSE/Yahoo Finance,530443.BO,,,,
INE293E01031,,,CROPSTER,523105,BSE,BSE/Yahoo Finance,523105.BO,,,,
INE293N01016,,,CRSTCHM,526269,BSE,BSE/Yahoo Finance,526269.BO,,,,
INE295B01016,,,SWOJAS,530217,BSE,BSE/Yahoo Finance,530217.BO,,,,
INE295C01014,,,VIRATCRA,519457,BSE,BSE/Yahoo Finance,519457.BO,,,,
INE295Z01015,,,PARVATI,541347,BSE,BSE/Yahoo Finance,541347.BO,,,,
INE296D01010,,,NOL,507813,BSE,BSE/Yahoo Finance,507813.BO,,,,
INE297D01018,,,PRIMAGR,519262,BSE,BSE/Yahoo Finance,519262.BO,,,,
INE297J01023,,,TIRSARJ,531814,BSE,BSE/Yahoo Finance,531814.BO,,,,
INE298B01010,,,SOUTHERNIN,540174,BSE,BSE/Yahoo Finance,540174.BO,,,,
INE298E01022,,,RESTILE,515085,BSE,BSE/Yahoo Finance,515085.BO,,,,
INE298W01016,,,CHEMCRUX,540395,BSE,BSE/Yahoo Finance,540395.BO,,,,
INE299D01022,,,HAMPTON,526407,BSE,BSE/Yahoo Finance,526407.BO,,,,
INE299W01022,,,VIVANTA,541735,BSE,BSE/Yahoo Finance,541735.BO,,,,
INE2B5L01011,,,MSAFE,544695,BSE,BSE/Yahoo Finance,544695.BO,,,,
INE2B6701015,,,RECODE,544755,BSE,BSE/Yahoo Finance,544755.BO,,,,
INE2HJL01019,,,DHARARAIL,215516,BSE,BSE/Yahoo Finance,215516.BO,,,,
INE2KRP01017,,,DEVSON,544823,BSE,BSE/Yahoo Finance,544823.BO,,,,
INE2L0V01019,,,SUSAN,544793,BSE,BSE/Yahoo Finance,544793.BO,,,,
INE2L3M01012,,,TYPHOON,512307,BSE,BSE/Yahoo Finance,512307.BO,,,,
INE2OL601013,,,TEAMTECH,216281,BSE,BSE/Yahoo Finance,216281.BO,,,,
INE2OVN25015,,,BAGMANE,544758,BSE,BSE/Yahoo Finance,544758.BO,,,,
INE2PB023011,,,RIIT,544734,BSE,BSE/Yahoo Finance,544734.BO,,,,
INE2Q7823014,,,CITIUSINVT,544753,BSE,BSE/Yahoo Finance,544753.BO,,,,
INE300A01016,,,GOODRICKE,500166,BSE,BSE/Yahoo Finance,500166.BO,,,,
INE300B01022,,,INDINFO,509051,BSE,BSE/Yahoo Finance,509051.BO,,,,
INE301C01028,,,KKALPANAIND,526409,BSE,BSE/Yahoo Finance,526409.BO,,,,
INE301O01023,,,NSDL,544467,BSE,BSE/Yahoo Finance,544467.BO,,,,
INE302C01018,,,KREONFIN,530139,BSE,BSE/Yahoo Finance,530139.BO,,,,
INE302E01014,,,SAKTHIFIN,511066,BSE,BSE/Yahoo Finance,511066.BO,,,,
INE302F01011,,,LINKPH,524748,BSE,BSE/Yahoo Finance,524748.BO,,,,
INE302H01017,,,GTNTEX,532744,BSE,BSE/Yahoo Finance,532744.BO,,,,
INE302R01024,,,HIKLASS,542332,BSE,BSE/Yahoo Finance,542332.BO,,,,
INE304D01012,,,SAMBANDAM,521240,BSE,BSE/Yahoo Finance,521240.BO,,,,
INE304E01010,,,MANTRA,511577,BSE,BSE/Yahoo Finance,511577.BO,,,,
INE305D01019,,,SARUPINDUS,514412,BSE,BSE/Yahoo Finance,514412.BO,,,,
INE306D01017,,,SRMCL,521178,BSE,BSE/Yahoo Finance,521178.BO,,,,
INE307D01015,,,STDSFAC,526231,BSE,BSE/Yahoo Finance,526231.BO,,,,
INE307N01014,,,ASTALLTD,512600,BSE,BSE/Yahoo Finance,512600.BO,,,,
INE308B01017,,,ERPSOFT,530909,BSE,BSE/Yahoo Finance,530909.BO,,,,
INE308N01012,,,SOUTHMG,513498,BSE,BSE/Yahoo Finance,513498.BO,,,,
INE309B01023,,,HITKITGLO,532359,BSE,BSE/Yahoo Finance,532359.BO,,,,
INE309D01011,,,SUGALDAM,511654,BSE,BSE/Yahoo Finance,511654.BO,,,,
INE309H01038,,,VISAGAR,531025,BSE,BSE/Yahoo Finance,531025.BO,,,,
INE310B01013,,,DANLAW,532329,BSE,BSE/Yahoo Finance,532329.BO,,,,
INE311D01017,,,SWITCHTE,517201,BSE,BSE/Yahoo Finance,517201.BO,,,,
INE311H01018,,,ELAND,532820,BSE,BSE/Yahoo Finance,532820.BO,,,,
INE311M01018,,,SHRADDHA,531771,BSE,BSE/Yahoo Finance,531771.BO,,,,
INE311N01016,,,GUJJUBHAI,532070,BSE,BSE/Yahoo Finance,532070.BO,,,,
INE312B01027,,,SJCORP,504398,BSE,BSE/Yahoo Finance,504398.BO,,,,
INE312J01012,,,COROENGG,533167,BSE,BSE/Yahoo Finance,533167.BO,,,,
INE312M01024,,,JOJO,531910,BSE,BSE/Yahoo Finance,531910.BO,,,,
INE313G01016,,,DHOOTIN,526971,BSE,BSE/Yahoo Finance,526971.BO,,,,
INE313M01030,,,EVEXIA,524444,BSE,BSE/Yahoo Finance,524444.BO,,,,
INE314D01011,,,TIRUSTA,524582,BSE,BSE/Yahoo Finance,524582.BO,,,,
INE314I01036,,,NOVELIX,536565,BSE,BSE/Yahoo Finance,536565.BO,,,,
INE314N01028,,,APOLLOIN,503639,BSE,BSE/Yahoo Finance,503639.BO,,,,
INE315F01013,,,ECSTSTL,520081,BSE,BSE/Yahoo Finance,520081.BO,,,,
INE315N01017,,,SALSAIN,503635,BSE,BSE/Yahoo Finance,503635.BO,,,,
INE316A01038,,,ECORECO,530643,BSE,BSE/Yahoo Finance,530643.BO,,,,
INE316D01024,,,VERTEX,531950,BSE,BSE/Yahoo Finance,531950.BO,,,,
INE316G01019,,,PANCHSHEEL,531726,BSE,BSE/Yahoo Finance,531726.BO,,,,
INE316O01021,,,APIL,523896,BSE,BSE/Yahoo Finance,523896.BO,,,,
INE317B01042,,,NOUVEAU,531465,BSE,BSE/Yahoo Finance,531465.BO,,,,
INE317D01014,,,MEGAMONT,523888,BSE,BSE/Yahoo Finance,523888.BO,,,,
INE317V01016,,,MITSU,540078,BSE,BSE/Yahoo Finance,540078.BO,,,,
INE317W01030,,,COLAB,542866,BSE,BSE/Yahoo Finance,542866.BO,,,,
INE318K01025,,,SPSL,533110,BSE,BSE/Yahoo Finance,533110.BO,,,,
INE318N01011,,,METSL,538401,BSE,BSE/Yahoo Finance,538401.BO,,,,
INE318P01016,,,CRIMSON,526977,BSE,BSE/Yahoo Finance,526977.BO,,,,
INE318U01016,,,FLORACORP,540267,BSE,BSE/Yahoo Finance,540267.BO,,,,
INE319M01011,,,TUSALDAH,531301,BSE,BSE/Yahoo Finance,531301.BO,,,,
INE319N01019,,,INDOEURO,524458,BSE,BSE/Yahoo Finance,524458.BO,,,,
INE319Q01012,,,BRPL,538546,BSE,BSE/Yahoo Finance,538546.BO,,,,
INE319T01016,,,MERCTRD,512415,BSE,BSE/Yahoo Finance,512415.BO,,,,
INE319U01022,,,CONTAINER,540597,BSE,BSE/Yahoo Finance,540597.BO,,,,
INE320I01017,,,BRAHMINFRA,535693,BSE,BSE/Yahoo Finance,535693.BO,,,,
INE320M01019,,,STARSOURCE,506365,BSE,BSE/Yahoo Finance,506365.BO,,,,
INE321D01016,,,AGVENTURES,506579,BSE,BSE/Yahoo Finance,506579.BO,,,,
INE322R01022,,,AANCHALISP,538812,BSE,BSE/Yahoo Finance,538812.BO,,,,
INE323D01020,,,POLYLINK,531454,BSE,BSE/Yahoo Finance,531454.BO,,,,
INE323K01017,,,KABRADG,524322,BSE,BSE/Yahoo Finance,524322.BO,,,,
INE325G01010,,,AVAILFC,531310,BSE,BSE/Yahoo Finance,531310.BO,,,,
INE325P01011,,,STELLAR,536738,BSE,BSE/Yahoo Finance,536738.BO,,,,
INE325X01015,,,RIDDHICORP,540590,BSE,BSE/Yahoo Finance,540590.BO,,,,
INE326C01017,,,ACKNIT,530043,BSE,BSE/Yahoo Finance,530043.BO,,,,
INE326P01019,,,SRGFFL,536710,BSE,BSE/Yahoo Finance,536710.BO,,,,
INE327D01013,,,KARANWO,526115,BSE,BSE/Yahoo Finance,526115.BO,,,,
INE327G01032,,,SAYAJIIND,540728,BSE,BSE/Yahoo Finance,540728.BO,,,,
INE328D01011,,,PEETISEC,531352,BSE,BSE/Yahoo Finance,531352.BO,,,,
INE328F01016,,,ESHAMEDIA,531259,BSE,BSE/Yahoo Finance,531259.BO,,,,
INE330E01023,,,TRANSCOR,532410,BSE,BSE/Yahoo Finance,532410.BO,,,,
INE331C01025,,,WELCURE,524661,BSE,BSE/Yahoo Finance,524661.BO,,,,
INE331E01013,,,TRIPR,512101,BSE,BSE/Yahoo Finance,512101.BO,,,,
INE331F01028,,,SESHACHAL,531794,BSE,BSE/Yahoo Finance,531794.BO,,,,
INE331L01026,,,MSRINDIA,508922,BSE,BSE/Yahoo Finance,508922.BO,,,,
INE332F01018,,,REFEXRENEW,531260,BSE,BSE/Yahoo Finance,531260.BO,,,,
INE332Q01023,,,KAPILRAJ,539679,BSE,BSE/Yahoo Finance,539679.BO,,,,
INE332S01011,,,EMKAYTOOLS,203139,BSE,BSE/Yahoo Finance,203139.BO,,,,
INE333C01013,,,INDLEASE,500202,BSE,BSE/Yahoo Finance,500202.BO,,,,
INE333E01019,,,UNIQUEO,530997,BSE,BSE/Yahoo Finance,530997.BO,,,,
INE333I01044,,,NEUEON,532887,BSE,BSE/Yahoo Finance,532887.BO,,,,
INE333Y01017,,,MRCAGRO,540809,BSE,BSE/Yahoo Finance,540809.BO,,,,
INE334C01029,,,EVERESTO,524790,BSE,BSE/Yahoo Finance,524790.BO,,,,
INE334E01017,,,VBIND,539123,BSE,BSE/Yahoo Finance,539123.BO,,,,
INE334N01018,,,ADVPETR-B,506947,BSE,BSE/Yahoo Finance,506947.BO,,,,
INE335G01019,,,EXPLICITFIN,530571,BSE,BSE/Yahoo Finance,530571.BO,,,,
INE335N01015,,,RCCEMEN,531825,BSE,BSE/Yahoo Finance,531825.BO,,,,
INE335Q01026,,,RNITAI,517286,BSE,BSE/Yahoo Finance,517286.BO,,,,
INE335X01014,,,PULZ,201344,BSE,BSE/Yahoo Finance,201344.BO,,,,
INE336C01016,,,RATHIST,504903,BSE,BSE/Yahoo Finance,504903.BO,,,,
INE336D01014,,,ANNAINFRA,530799,BSE,BSE/Yahoo Finance,530799.BO,,,,
INE336Q01016,,,BHANDERI,538576,BSE,BSE/Yahoo Finance,538576.BO,,,,
INE337E01010,,,VIKRAMTH,530477,BSE,BSE/Yahoo Finance,530477.BO,,,,
INE338C01012,,,ASHSI,526847,BSE,BSE/Yahoo Finance,526847.BO,,,,
INE338N01019,,,UNQTYMI,526799,BSE,BSE/Yahoo Finance,526799.BO,,,,
INE338P01014,,,MIVENMACH,522036,BSE,BSE/Yahoo Finance,522036.BO,,,,
INE338Y01016,,,OMFURN,203162,BSE,BSE/Yahoo Finance,203162.BO,,,,
INE339D01034,,,EVERFIN,514358,BSE,BSE/Yahoo Finance,514358.BO,,,,
INE339F01021,,,POLSON,507645,BSE,BSE/Yahoo Finance,507645.BO,,,,
INE339Z01011,,,ANGEL,541006,BSE,BSE/Yahoo Finance,541006.BO,,,,
INE340D01016,,,GARWSYN,514400,BSE,BSE/Yahoo Finance,514400.BO,,,,
INE340F01011,,,DUNCANENG,504908,BSE,BSE/Yahoo Finance,504908.BO,,,,
INE340O01021,,,MMLF,535910,BSE,BSE/Yahoo Finance,535910.BO,,,,
INE340U01010,,,AUTOINT,512277,BSE,BSE/Yahoo Finance,512277.BO,,,,
INE340Z01019,,,CONTI,203459,BSE,BSE/Yahoo Finance,203459.BO,,,,
INE341H01023,,,LKPSEC,540192,BSE,BSE/Yahoo Finance,540192.BO,,,,
INE341Z01025,,,BHATIA,540956,BSE,BSE/Yahoo Finance,540956.BO,,,,
INE342D01012,,,INDGELA,531253,BSE,BSE/Yahoo Finance,531253.BO,,,,
INE342U01016,,,AIHL,542524,BSE,BSE/Yahoo Finance,542524.BO,,,,
INE343A01016,,,MPL,526143,BSE,BSE/Yahoo Finance,526143.BO,,,,
INE343C01012,,,GROVY,539522,BSE,BSE/Yahoo Finance,539522.BO,,,,
INE343X01026,,,MEERA,540519,BSE,BSE/Yahoo Finance,540519.BO,,,,
INE344D01018,,,KAMANWALA,511131,BSE,BSE/Yahoo Finance,511131.BO,,,,
INE344E01016,,,SHUKJEW,523790,BSE,BSE/Yahoo Finance,523790.BO,,,,
INE344I01017,,,SONALAD,526901,BSE,BSE/Yahoo Finance,526901.BO,,,,
INE344X01016,,,CHOTHANI,540681,BSE,BSE/Yahoo Finance,540681.BO,,,,
INE345Q01017,,,HCKKVENTURE,539224,BSE,BSE/Yahoo Finance,539224.BO,,,,
INE345U01019,,,AMS,540066,BSE,BSE/Yahoo Finance,540066.BO,,,,
INE346R01013,,,NCML,544510,BSE,BSE/Yahoo Finance,544510.BO,,,,
INE347C01013,,,RUNGTAIR,530449,BSE,BSE/Yahoo Finance,530449.BO,,,,
INE347D01011,,,LERTHAI,502250,BSE,BSE/Yahoo Finance,502250.BO,,,,
INE347H01012,,,INDICAP,532745,BSE,BSE/Yahoo Finance,532745.BO,,,,
INE347I01010,,,STARCOM,531616,BSE,BSE/Yahoo Finance,531616.BO,,,,
INE347L01022,,,VLL,539167,BSE,BSE/Yahoo Finance,539167.BO,,,,
INE348D01019,,,MUNOTHFI,531821,BSE,BSE/Yahoo Finance,531821.BO,,,,
INE348I01018,,,BERVINL,531340,BSE,BSE/Yahoo Finance,531340.BO,,,,
INE348N01042,,,MANBRO,512595,BSE,BSE/Yahoo Finance,512595.BO,,,,
INE349X01015,,,JALAN,200738,BSE,BSE/Yahoo Finance,200738.BO,,,,
INE350D01015,,,RAPICUT,500360,BSE,BSE/Yahoo Finance,500360.BO,,,,
INE351D01013,,,RISHYRN,514177,BSE,BSE/Yahoo Finance,514177.BO,,,,
INE351L01016,,,SEATV,533268,BSE,BSE/Yahoo Finance,533268.BO,,,,
INE354A01013,,,JENBURPH,524731,BSE,BSE/Yahoo Finance,524731.BO,,,,
INE354D01017,,,SIMRAN,519566,BSE,BSE/Yahoo Finance,519566.BO,,,,
INE354E01031,,,ATHARVENT,530187,BSE,BSE/Yahoo Finance,530187.BO,,,,
INE355C01016,,,BNRUDY,530809,BSE,BSE/Yahoo Finance,530809.BO,,,,
INE355H01015,,,EFORU,531190,BSE,BSE/Yahoo Finance,531190.BO,,,,
INE356C01022,,,BKV,519500,BSE,BSE/Yahoo Finance,519500.BO,,,,
INE356F01017,,,JINDCAP,530405,BSE,BSE/Yahoo Finance,530405.BO,,,,
INE357B01022,,,RAMINFO,530951,BSE,BSE/Yahoo Finance,530951.BO,,,,
INE357P01014,,,UNTTEMI,507808,BSE,BSE/Yahoo Finance,507808.BO,,,,
INE358C01010,,,CEEJAY,530789,BSE,BSE/Yahoo Finance,530789.BO,,,,
INE358D01018,,,TAIIND,519483,BSE,BSE/Yahoo Finance,519483.BO,,,,
INE358F01013,,,DESIFARMS,507984,BSE,BSE/Yahoo Finance,507984.BO,,,,
INE359A01012,,,INVIGO,511716,BSE,BSE/Yahoo Finance,511716.BO,,,,
INE359B01010,,,VEDAVAAG,533056,BSE,BSE/Yahoo Finance,533056.BO,,,,
INE359D01024,,,INLCM,504746,BSE,BSE/Yahoo Finance,504746.BO,,,,
INE359U01028,,,LANCER,539841,BSE,BSE/Yahoo Finance,539841.BO,,,,
INE360D01014,,,TRANSFRE,513063,BSE,BSE/Yahoo Finance,513063.BO,,,,
INE360J01011,,,SURYAAMBA,533101,BSE,BSE/Yahoo Finance,533101.BO,,,,
INE360S01012,,,ECOFINITY,539455,BSE,BSE/Yahoo Finance,539455.BO,,,,
INE361D01012,,,UNIABEXAL,504605,BSE,BSE/Yahoo Finance,504605.BO,,,,
INE362C01012,,,GODAVARI,530317,BSE,BSE/Yahoo Finance,530317.BO,,,,
INE362D01010,,,VIJSOLX,531069,BSE,BSE/Yahoo Finance,531069.BO,,,,
INE363D01018,,,SBFL,521131,BSE,BSE/Yahoo Finance,521131.BO,,,,
INE363L01045,,,BELDING,513307,BSE,BSE/Yahoo Finance,513307.BO,,,,
INE364D01032,,,ANJANI,531223,BSE,BSE/Yahoo Finance,531223.BO,,,,
INE364S01014,,,RGIL,539922,BSE,BSE/Yahoo Finance,539922.BO,,,,
INE364T01012,,,NAVIGANT,539521,BSE,BSE/Yahoo Finance,539521.BO,,,,
INE365H01014,,,FUNDVISER,530197,BSE,BSE/Yahoo Finance,530197.BO,,,,
INE365S01045,,,THINKINK,539310,BSE,BSE/Yahoo Finance,539310.BO,,,,
INE365Y01019,,,BPLPHARMA,541096,BSE,BSE/Yahoo Finance,541096.BO,,,,
INE366G01022,,,SUCROSA,530883,BSE,BSE/Yahoo Finance,530883.BO,,,,
INE366H01012,,,INTCAPL,531314,BSE,BSE/Yahoo Finance,531314.BO,,,,
INE367A01015,,,MORARKFI,511549,BSE,BSE/Yahoo Finance,511549.BO,,,,
INE367E01033,,,SEL,509423,BSE,BSE/Yahoo Finance,509423.BO,,,,
INE367U01013,,,RSTL,540082,BSE,BSE/Yahoo Finance,540082.BO,,,,
INE368C01019,,,MGIL,531319,BSE,BSE/Yahoo Finance,531319.BO,,,,
INE368D01025,,,CHANDRAP,530309,BSE,BSE/Yahoo Finance,530309.BO,,,,
INE368E01023,,,BCLENTERPR,539621,BSE,BSE/Yahoo Finance,539621.BO,,,,
INE369B01019,,,OMNIAX,532340,BSE,BSE/Yahoo Finance,532340.BO,,,,
INE369D01023,,,CONTPTR,523232,BSE,BSE/Yahoo Finance,523232.BO,,,,
INE369Q01017,,,GANVERSE,539041,BSE,BSE/Yahoo Finance,539041.BO,,,,
INE370A01019,,,MODRNSH,509760,BSE,BSE/Yahoo Finance,509760.BO,,,,
INE370C01015,,,POPULARES,531870,BSE,BSE/Yahoo Finance,531870.BO,,,,
INE370Q01015,,,NEXUSSURGL,538874,BSE,BSE/Yahoo Finance,538874.BO,,,,
INE371F01024,,,CHANDRIMA,540829,BSE,BSE/Yahoo Finance,540829.BO,,,,
INE371U01015,,,SUNRINV,501110,BSE,BSE/Yahoo Finance,501110.BO,,,,
INE372D01019,,,GUJCRAFT,526965,BSE,BSE/Yahoo Finance,526965.BO,,,,
INE372I01018,,,ASHNOOR,507872,BSE,BSE/Yahoo Finance,507872.BO,,,,
INE372M01010,,,ARCL,543993,BSE,BSE/Yahoo Finance,543993.BO,,,,
INE373C01019,,,QUANTDIA,530281,BSE,BSE/Yahoo Finance,530281.BO,,,,
INE373D01017,,,GUJINV,531341,BSE,BSE/Yahoo Finance,531341.BO,,,,
INE373E01015,,,BLOIN,513422,BSE,BSE/Yahoo Finance,513422.BO,,,,
INE373T01047,,,BLUECLOUDS,539607,BSE,BSE/Yahoo Finance,539607.BO,,,,
INE374C01017,,,RAJSPTR,506975,BSE,BSE/Yahoo Finance,506975.BO,,,,
INE374E01021,,,BMW,542669,BSE,BSE/Yahoo Finance,542669.BO,,,,
INE374J01020,,,WOODSVILA,526959,BSE,BSE/Yahoo Finance,526959.BO,,,,
INE375C01022,,,SAMPRE,530617,BSE,BSE/Yahoo Finance,530617.BO,,,,
INE375D01012,,,KAIRA,504840,BSE,BSE/Yahoo Finance,504840.BO,,,,
INE376A01032,,,PANINDIAC,511525,BSE,BSE/Yahoo Finance,511525.BO,,,,
INE376L01013,,,RAJKSYN,514028,BSE,BSE/Yahoo Finance,514028.BO,,,,
INE376Y01016,,,MILTON,200558,BSE,BSE/Yahoo Finance,200558.BO,,,,
INE377C01010,,,SRECR,514248,BSE,BSE/Yahoo Finance,514248.BO,,,,
INE377D01026,,,KALIND,526935,BSE,BSE/Yahoo Finance,526935.BO,,,,
INE377M01043,,,GBLINFRA,531463,BSE,BSE/Yahoo Finance,531463.BO,,,,
INE378P01036,,,PIPAN,538537,BSE,BSE/Yahoo Finance,538537.BO,,,,
INE379J01029,,,VERITAS,512229,BSE,BSE/Yahoo Finance,512229.BO,,,,
INE380C01014,,,VAMSHIRU,530369,BSE,BSE/Yahoo Finance,530369.BO,,,,
INE380D01012,,,MODWOOL,503772,BSE,BSE/Yahoo Finance,503772.BO,,,,
INE380G01015,,,ZWELCAST,504988,BSE,BSE/Yahoo Finance,504988.BO,,,,
INE380K01017,,,VIVOBIOT,511509,BSE,BSE/Yahoo Finance,511509.BO,,,,
INE380Z01015,,,ACTIVE,541144,BSE,BSE/Yahoo Finance,541144.BO,,,,
INE381G01013,,,TELECANOR,530595,BSE,BSE/Yahoo Finance,530595.BO,,,,
INE381N01019,,,RAJVI,511185,BSE,BSE/Yahoo Finance,511185.BO,,,,
INE382B01012,,,TRIUMPIN,532131,BSE,BSE/Yahoo Finance,532131.BO,,,,
INE383L01019,,,PARNAXLAB,506128,BSE,BSE/Yahoo Finance,506128.BO,,,,
INE384D01022,,,SANPA,516096,BSE,BSE/Yahoo Finance,516096.BO,,,,
INE385D01029,,,TAHMARENT,516032,BSE,BSE/Yahoo Finance,516032.BO,,,,
INE385M01012,,,SHRDAIS,513548,BSE,BSE/Yahoo Finance,513548.BO,,,,
INE386I01018,,,PORWAL,532933,BSE,BSE/Yahoo Finance,532933.BO,,,,
INE387D01025,,,SSWRL,513488,BSE,BSE/Yahoo Finance,513488.BO,,,,
INE388C01017,,,MOHITPPR,530169,BSE,BSE/Yahoo Finance,530169.BO,,,,
INE389D01013,,,TCFCFINQ,532284,BSE,BSE/Yahoo Finance,532284.BO,,,,
INE390D01011,,,TERAI,530533,BSE,BSE/Yahoo Finance,530533.BO,,,,
INE391C01011,,,WINSOMBR,526471,BSE,BSE/Yahoo Finance,526471.BO,,,,
INE391G01012,,,SANCTRN,523116,BSE,BSE/Yahoo Finance,523116.BO,,,,
INE392G01028,,,MAINFRA,531540,BSE,BSE/Yahoo Finance,531540.BO,,,,
INE392H01026,,,KETOMOTORS,537392,BSE,BSE/Yahoo Finance,537392.BO,,,,
INE393D01015,,,SCANPRO,531797,BSE,BSE/Yahoo Finance,531797.BO,,,,
INE393F01010,,,MAXHEIGHTS,534338,BSE,BSE/Yahoo Finance,534338.BO,,,,
INE393H01016,,,SKYBIOTECH,512036,BSE,BSE/Yahoo Finance,512036.BO,,,,
INE394C01023,,,LANDMARC,532275,BSE,BSE/Yahoo Finance,532275.BO,,,,
INE395A01016,,,BSELALGO,532123,BSE,BSE/Yahoo Finance,532123.BO,,,,
INE395B01048,,,GVFILM,523277,BSE,BSE/Yahoo Finance,523277.BO,,,,
INE395E01018,,,KENFIN,530547,BSE,BSE/Yahoo Finance,530547.BO,,,,
INE395F01023,,,STELLANT,526071,BSE,BSE/Yahoo Finance,526071.BO,,,,
INE396C01010,,,NEIL,539016,BSE,BSE/Yahoo Finance,539016.BO,,,,
INE396H01019,,,CENTUPLE,531099,BSE,BSE/Yahoo Finance,531099.BO,,,,
INE397C01026,,,SHREESEC,538975,BSE,BSE/Yahoo Finance,538975.BO,,,,
INE397G01019,,,DUKEOFS,531471,BSE,BSE/Yahoo Finance,531471.BO,,,,
INE398C01016,,,PHOSPHATE,542123,BSE,BSE/Yahoo Finance,542123.BO,,,,
INE398F01019,,,STRGRENWO,526500,BSE,BSE/Yahoo Finance,526500.BO,,,,
INE398H01015,,,TRUSTEDGE,532056,BSE,BSE/Yahoo Finance,532056.BO,,,,
INE398L01017,,,KANCOTEA,541005,BSE,BSE/Yahoo Finance,541005.BO,,,,
INE399S01010,,,FRANKLIN,539839,BSE,BSE/Yahoo Finance,539839.BO,,,,
INE400A01014,,,TUTIALKA,506808,BSE,BSE/Yahoo Finance,506808.BO,,,,
INE400B01020,,,VIRGOGLOB,532354,BSE,BSE/Yahoo Finance,532354.BO,,,,
INE400G01011,,,HRYNSHP,526931,BSE,BSE/Yahoo Finance,526931.BO,,,,
INE400N01017,,,SHGANEL,530797,BSE,BSE/Yahoo Finance,530797.BO,,,,
INE400R01018,,,SIIL,540132,BSE,BSE/Yahoo Finance,540132.BO,,,,
INE401B01010,,,RESPONSINF,538273,BSE,BSE/Yahoo Finance,538273.BO,,,,
INE401C01018,,,MIDINDIA,500277,BSE,BSE/Yahoo Finance,500277.BO,,,,
INE401Q01018,,,JSHL,538765,BSE,BSE/Yahoo Finance,538765.BO,,,,
INE401Z01019,,,FRATELLI,541741,BSE,BSE/Yahoo Finance,541741.BO,,,,
INE402Y01028,,,STL,540738,BSE,BSE/Yahoo Finance,540738.BO,,,,
INE403B01016,,,GSLTD,506186,BSE,BSE/Yahoo Finance,506186.BO,,,,
INE403C01014,,,INTLCOMBQ,505737,BSE,BSE/Yahoo Finance,505737.BO,,,,
INE403L01015,,,SIDH,539983,BSE,BSE/Yahoo Finance,539983.BO,,,,
INE404B01022,,,LASTMILE,526961,BSE,BSE/Yahoo Finance,526961.BO,,,,
INE404F01031,,,TTIENT,538597,BSE,BSE/Yahoo Finance,538597.BO,,,,
INE404L01039,,,ESARIND,531502,BSE,BSE/Yahoo Finance,531502.BO,,,,
INE404N01019,,,ZSVTRADI,503622,BSE,BSE/Yahoo Finance,503622.BO,,,,
INE405H01018,,,CSURGSU,531380,BSE,BSE/Yahoo Finance,531380.BO,,,,
INE405Y01021,,,GOLDSTAR,209403,BSE,BSE/Yahoo Finance,209403.BO,,,,
INE406F01010,,,VRL,538634,BSE,BSE/Yahoo Finance,538634.BO,,,,
INE406N01014,,,ZSVARAJT,503624,BSE,BSE/Yahoo Finance,503624.BO,,,,
INE407E01029,,,MONIND,532078,BSE,BSE/Yahoo Finance,532078.BO,,,,
INE407F01018,,,EASYFIN,511074,BSE,BSE/Yahoo Finance,511074.BO,,,,
INE407P01017,,,ICL,538838,BSE,BSE/Yahoo Finance,538838.BO,,,,
INE408F01024,,,SHANTAI,512297,BSE,BSE/Yahoo Finance,512297.BO,,,,
INE410A01013,,,SOLIMAC,522152,BSE,BSE/Yahoo Finance,522152.BO,,,,
INE410D01017,,,RAMGOPOLY,514223,BSE,BSE/Yahoo Finance,514223.BO,,,,
INE410E01015,,,MCLTD,511401,BSE,BSE/Yahoo Finance,511401.BO,,,,
INE410G01010,,,DIVSHKT,526315,BSE,BSE/Yahoo Finance,526315.BO,,,,
INE410M01018,,,SOUTLAT,514454,BSE,BSE/Yahoo Finance,514454.BO,,,,
INE411Y01011,,,DIL,201461,BSE,BSE/Yahoo Finance,201461.BO,,,,
INE412D01013,,,APOLLOFI,512437,BSE,BSE/Yahoo Finance,512437.BO,,,,
INE412E01011,,,ORGCOAT,531157,BSE,BSE/Yahoo Finance,531157.BO,,,,
INE412J01010,,,SAMRATFORG,543229,BSE,BSE/Yahoo Finance,543229.BO,,,,
INE413C01013,,,SIPL,526839,BSE,BSE/Yahoo Finance,526839.BO,,,,
INE413F01016,,,DEL,542679,BSE,BSE/Yahoo Finance,542679.BO,,,,
INE413X01035,,,7NR,540615,BSE,BSE/Yahoo Finance,540615.BO,,,,
INE414C01045,,,GREENCREST,531737,BSE,BSE/Yahoo Finance,531737.BO,,,,
INE414Y01015,,,SGRL,540737,BSE,BSE/Yahoo Finance,540737.BO,,,,
INE415H01017,,,BERLDRG,524606,BSE,BSE/Yahoo Finance,524606.BO,,,,
INE416N01013,,,NILACHAL,502294,BSE,BSE/Yahoo Finance,502294.BO,,,,
INE416X01012,,,WHITHAL,512431,BSE,BSE/Yahoo Finance,512431.BO,,,,
INE417E01010,,,PCCOSMA,524136,BSE,BSE/Yahoo Finance,524136.BO,,,,
INE417F01017,,,SICAPIT,530907,BSE,BSE/Yahoo Finance,530907.BO,,,,
INE417F20017,,,SICAPI-RE,751128,BSE,BSE/Yahoo Finance,751128.BO,,,,
INE417N01011,,,CHMBBRW,512301,BSE,BSE/Yahoo Finance,512301.BO,,,,
INE418B01048,,,VAARAD,532320,BSE,BSE/Yahoo Finance,532320.BO,,,,
INE418C01012,,,QUESTCAP,500069,BSE,BSE/Yahoo Finance,500069.BO,,,,
INE418D01010,,,CEENIK,531119,BSE,BSE/Yahoo Finance,531119.BO,,,,
INE418E01018,,,PERMAGN,504132,BSE,BSE/Yahoo Finance,504132.BO,,,,
INE418K01015,,,SHRAJOI,530295,BSE,BSE/Yahoo Finance,530295.BO,,,,
INE419E01024,,,PRIMEURB,521149,BSE,BSE/Yahoo Finance,521149.BO,,,,
INE419H01019,,,RELIABVEN,532124,BSE,BSE/Yahoo Finance,532124.BO,,,,
INE421E01012,,,PROGREXV,531265,BSE,BSE/Yahoo Finance,531265.BO,,,,
INE422D01012,,,DSINVEST,501148,BSE,BSE/Yahoo Finance,501148.BO,,,,
INE422G01015,,,HEMORGANIC,524590,BSE,BSE/Yahoo Finance,524590.BO,,,,
INE423D01010,,,ECOPLAST,526703,BSE,BSE/Yahoo Finance,526703.BO,,,,
INE423K01015,,,CONTCHM,506935,BSE,BSE/Yahoo Finance,506935.BO,,,,
INE424Z01011,,,MILEFUR,541337,BSE,BSE/Yahoo Finance,541337.BO,,,,
INE425C01017,,,SRUSTEELS,540914,BSE,BSE/Yahoo Finance,540914.BO,,,,
INE425D01015,,,FUTURSEC,523113,BSE,BSE/Yahoo Finance,523113.BO,,,,
INE425E01013,,,RAMAPPR-B,500357,BSE,BSE/Yahoo Finance,500357.BO,,,,
INE425F01028,,,BEFOUNDMOL,511585,BSE,BSE/Yahoo Finance,511585.BO,,,,
INE425H01016,,,GDIL,512091,BSE,BSE/Yahoo Finance,512091.BO,,,,
INE426H01014,,,PRERINFRA,531802,BSE,BSE/Yahoo Finance,531802.BO,,,,
INE427C01021,,,VISTAPH,524711,BSE,BSE/Yahoo Finance,524711.BO,,,,
INE427D01011,,,GOLECHA,531360,BSE,BSE/Yahoo Finance,531360.BO,,,,
INE427E01027,,,RALEGRA,526095,BSE,BSE/Yahoo Finance,526095.BO,,,,
INE427T01025,,,VKAL,539761,BSE,BSE/Yahoo Finance,539761.BO,,,,
INE427V01013,,,ACML,540146,BSE,BSE/Yahoo Finance,540146.BO,,,,
INE428B01021,,,PVVINFRA,536659,BSE,BSE/Yahoo Finance,536659.BO,,,,
INE428D01019,,,HINDTIN,530315,BSE,BSE/Yahoo Finance,530315.BO,,,,
INE428P01013,,,PRABHHANS,530361,BSE,BSE/Yahoo Finance,530361.BO,,,,
INE429B01011,,,YOGISUNG,522209,BSE,BSE/Yahoo Finance,522209.BO,,,,
INE429D01017,,,INDCEMCAP,511355,BSE,BSE/Yahoo Finance,511355.BO,,,,
INE429F01012,,,SKIL,539861,BSE,BSE/Yahoo Finance,539861.BO,,,,
INE429Q01019,,,PRISMFN,531735,BSE,BSE/Yahoo Finance,531735.BO,,,,
INE429R01017,,,SHIVKAMAL,539683,BSE,BSE/Yahoo Finance,539683.BO,,,,
INE430F01010,,,KUWERIN,530421,BSE,BSE/Yahoo Finance,530421.BO,,,,
INE430R01023,,,AAYUSH,539528,BSE,BSE/Yahoo Finance,539528.BO,,,,
INE431C01023,,,SURYVANSP,514140,BSE,BSE/Yahoo Finance,514140.BO,,,,
INE432F01032,,,EBIX,531035,BSE,BSE/Yahoo Finance,531035.BO,,,,
INE432N01010,,,BHUDEVI,526488,BSE,BSE/Yahoo Finance,526488.BO,,,,
INE433G01020,,,SACHEMT,531869,BSE,BSE/Yahoo Finance,531869.BO,,,,
INE433O01024,,,AIRLTD,508929,BSE,BSE/Yahoo Finance,508929.BO,,,,
INE433T01015,,,ENCOMPAS,215425,BSE,BSE/Yahoo Finance,215425.BO,,,,
INE434B01029,,,WEPSOLN,532373,BSE,BSE/Yahoo Finance,532373.BO,,,,
INE434C01027,,,KAJARIR,513693,BSE,BSE/Yahoo Finance,513693.BO,,,,
INE435E01020,,,SHALPRO,512499,BSE,BSE/Yahoo Finance,512499.BO,,,,
INE436C01014,,,BHILSPIN,514272,BSE,BSE/Yahoo Finance,514272.BO,,,,
INE436N01029,,,AMTL,534612,BSE,BSE/Yahoo Finance,534612.BO,,,,
INE436U01016,,,TWIROST,512117,BSE,BSE/Yahoo Finance,512117.BO,,,,
INE437C01012,,,INCAP,517370,BSE,BSE/Yahoo Finance,517370.BO,,,,
INE437D01010,,,MAGNAELQ,517449,BSE,BSE/Yahoo Finance,517449.BO,,,,
INE438C01010,,,PROCLB,540703,BSE,BSE/Yahoo Finance,540703.BO,,,,
INE439G01019,,,ENTRINT,526574,BSE,BSE/Yahoo Finance,526574.BO,,,,
INE439N01031,,,BPAGRI,514440,BSE,BSE/Yahoo Finance,514440.BO,,,,
INE440C01016,,,SABOOSOD,530461,BSE,BSE/Yahoo Finance,530461.BO,,,,
INE440E01012,,,SMCREDT,532138,BSE,BSE/Yahoo Finance,532138.BO,,,,
INE440G01017,,,TRITONV,505978,BSE,BSE/Yahoo Finance,505978.BO,,,,
INE441C01014,,,SIBARAUT,520141,BSE,BSE/Yahoo Finance,520141.BO,,,,
INE441L01015,,,STANROS,506105,BSE,BSE/Yahoo Finance,506105.BO,,,,
INE442D01010,,,MEDICAPQ,523144,BSE,BSE/Yahoo Finance,523144.BO,,,,
INE442U01014,,,VARUNME,512511,BSE,BSE/Yahoo Finance,512511.BO,,,,
INE442V01012,,,PRIMEFRESH,540404,BSE,BSE/Yahoo Finance,540404.BO,,,,
INE443A01030,,,ASIIL,502015,BSE,BSE/Yahoo Finance,502015.BO,,,,
INE443B01012,,,TYCHE,532384,BSE,BSE/Yahoo Finance,532384.BO,,,,
INE443C01010,,,ROOPAIND,530991,BSE,BSE/Yahoo Finance,530991.BO,,,,
INE443D01018,,,BGIL,511664,BSE,BSE/Yahoo Finance,511664.BO,,,,
INE443E01016,,,SRINACHA,521234,BSE,BSE/Yahoo Finance,521234.BO,,,,
INE443P01038,,,PERVASIVE,517172,BSE,BSE/Yahoo Finance,517172.BO,,,,
INE444D01016,,,NATRAJPR,530119,BSE,BSE/Yahoo Finance,530119.BO,,,,
INE444X01014,,,MOUNT,542864,BSE,BSE/Yahoo Finance,542864.BO,,,,
INE446C01013,,,GARWAOFFS,501848,BSE,BSE/Yahoo Finance,501848.BO,,,,
INE446D01011,,,NPRFIN,530127,BSE,BSE/Yahoo Finance,530127.BO,,,,
INE446E01019,,,SURYAINDIA,539253,BSE,BSE/Yahoo Finance,539253.BO,,,,
INE447A01015,,,ATVPR,500028,BSE,BSE/Yahoo Finance,500028.BO,,,,
INE448B01029,,,PICTUREHS,532355,BSE,BSE/Yahoo Finance,532355.BO,,,,
INE448D01025,,,PADAMCO,531395,BSE,BSE/Yahoo Finance,531395.BO,,,,
INE448F01012,,,UPROTECH,540189,BSE,BSE/Yahoo Finance,540189.BO,,,,
INE448V01019,,,ALCODIS,201707,BSE,BSE/Yahoo Finance,201707.BO,,,,
INE449C01025,,,ANDREWYU,526173,BSE,BSE/Yahoo Finance,526173.BO,,,,
INE450S01011,,,MHHL,205578,BSE,BSE/Yahoo Finance,205578.BO,,,,
INE451C01013,,,ACGL,505036,BSE,BSE/Yahoo Finance,505036.BO,,,,
INE451S01027,,,GROWINGTON,539222,BSE,BSE/Yahoo Finance,539222.BO,,,,
INE452B01013,,,RELICTEC,511712,BSE,BSE/Yahoo Finance,511712.BO,,,,
INE452S01025,,,SCTL,539526,BSE,BSE/Yahoo Finance,539526.BO,,,,
INE452W01019,,,DECCAN,542248,BSE,BSE/Yahoo Finance,542248.BO,,,,
INE452Z01012,,,SHREESHAY,541112,BSE,BSE/Yahoo Finance,541112.BO,,,,
INE453S01015,,,KANUNGO,540515,BSE,BSE/Yahoo Finance,540515.BO,,,,
INE454E01013,,,ABATEAS,531658,BSE,BSE/Yahoo Finance,531658.BO,,,,
INE454F01010,,,7SEASL,540874,BSE,BSE/Yahoo Finance,540874.BO,,,,
INE454M01024,,,NAGAFERT,539917,BSE,BSE/Yahoo Finance,539917.BO,,,,
INE455C01014,,,DEVINE,531585,BSE,BSE/Yahoo Finance,531585.BO,,,,
INE455D01012,,,SHAHFOOD,519031,BSE,BSE/Yahoo Finance,519031.BO,,,,
INE455H01021,,,FYNX,507962,BSE,BSE/Yahoo Finance,507962.BO,,,,
INE456B01014,,,INDOCITY,532100,BSE,BSE/Yahoo Finance,532100.BO,,,,
INE456D01010,,,SLSTLQ,521161,BSE,BSE/Yahoo Finance,521161.BO,,,,
INE456H01029,,,SIMPLXPAP,533019,BSE,BSE/Yahoo Finance,533019.BO,,,,
INE456N01019,,,COMCL,534691,BSE,BSE/Yahoo Finance,534691.BO,,,,
INE457C01010,,,DYNAMIND,524818,BSE,BSE/Yahoo Finance,524818.BO,,,,
INE457D01018,,,STANPACK,530931,BSE,BSE/Yahoo Finance,530931.BO,,,,
INE457E01016,,,VALLABHSQ,513397,BSE,BSE/Yahoo Finance,513397.BO,,,,
INE457G01029,,,ORIRAIL,531859,BSE,BSE/Yahoo Finance,531859.BO,,,,
INE457H01027,,,SIMPLXMIL,533018,BSE,BSE/Yahoo Finance,533018.BO,,,,
INE457N01025,,,YAMNINV,511012,BSE,BSE/Yahoo Finance,511012.BO,,,,
INE457P01020,,,TOYAMSL,538607,BSE,BSE/Yahoo Finance,538607.BO,,,,
INE459C01016,,,FLUIDOM,522017,BSE,BSE/Yahoo Finance,522017.BO,,,,
INE459D01014,,,SUNRAJDI,523425,BSE,BSE/Yahoo Finance,523425.BO,,,,
INE459E01012,,,IDREAM,504375,BSE,BSE/Yahoo Finance,504375.BO,,,,
INE459U01018,,,SKL,540269,BSE,BSE/Yahoo Finance,540269.BO,,,,
INE459Z01017,,,TRL,541228,BSE,BSE/Yahoo Finance,541228.BO,,,,
INE460D01038,,,SUPTANERY,523842,BSE,BSE/Yahoo Finance,523842.BO,,,,
INE460Q01014,,,SCML,210698,BSE,BSE/Yahoo Finance,210698.BO,,,,
INE461A01024,,,BARODARY,500270,BSE,BSE/Yahoo Finance,500270.BO,,,,
INE461H01011,,,AVIVA,512109,BSE,BSE/Yahoo Finance,512109.BO,,,,
INE462D01034,,,JAMSHRI,502901,BSE,BSE/Yahoo Finance,502901.BO,,,,
INE463B01036,,,INFRONICS,537985,BSE,BSE/Yahoo Finance,537985.BO,,,,
INE463D01016,,,TULSYAN,513629,BSE,BSE/Yahoo Finance,513629.BO,,,,
INE464B01018,,,UNIVARTS,532378,BSE,BSE/Yahoo Finance,532378.BO,,,,
INE464D01014,,,VAPIENTER,502589,BSE,BSE/Yahoo Finance,502589.BO,,,,
INE464Z01017,,,INFLAME,541083,BSE,BSE/Yahoo Finance,541083.BO,,,,
INE465H01012,,,SHARMEH,524548,BSE,BSE/Yahoo Finance,524548.BO,,,,
INE465K01016,,,KKPLASTICK,523652,BSE,BSE/Yahoo Finance,523652.BO,,,,
INE466D01019,,,VJLAXMIE,522267,BSE,BSE/Yahoo Finance,522267.BO,,,,
INE467D01017,,,VIRAT,530521,BSE,BSE/Yahoo Finance,530521.BO,,,,
INE467X01023,,,SCBL,506906,BSE,BSE/Yahoo Finance,506906.BO,,,,
INE468C01017,,,MPAGI,506543,BSE,BSE/Yahoo Finance,506543.BO,,,,
INE468F01010,,,IPOWER,512405,BSE,BSE/Yahoo Finance,512405.BO,,,,
INE469C01023,,,MADHUDIN,515059,BSE,BSE/Yahoo Finance,515059.BO,,,,
INE469D01013,,,WIREFABR,507817,BSE,BSE/Yahoo Finance,507817.BO,,,,
INE469F01026,,,KCLINFRA,531784,BSE,BSE/Yahoo Finance,531784.BO,,,,
INE470N01010,,,CAPRO,507486,BSE,BSE/Yahoo Finance,507486.BO,,,,
INE471D01019,,,AVONMERC,512265,BSE,BSE/Yahoo Finance,512265.BO,,,,
INE471R01019,,,NPFL,544269,BSE,BSE/Yahoo Finance,544269.BO,,,,
INE472C01027,,,SHRISTI,511411,BSE,BSE/Yahoo Finance,511411.BO,,,,
INE472D01017,,,BLUECHIPT,506981,BSE,BSE/Yahoo Finance,506981.BO,,,,
INE473C01025,,,STRATMONT,530495,BSE,BSE/Yahoo Finance,530495.BO,,,,
INE473E01021,,,BASANTGL,524687,BSE,BSE/Yahoo Finance,524687.BO,,,,
INE473F01010,,,OSCARGLO,530173,BSE,BSE/Yahoo Finance,530173.BO,,,,
INE473L01018,,,CITIZEN,538786,BSE,BSE/Yahoo Finance,538786.BO,,,,
INE473T01011,,,PJL,539401,BSE,BSE/Yahoo Finance,539401.BO,,,,
INE474D01013,,,SAFFRON,531436,BSE,BSE/Yahoo Finance,531436.BO,,,,
INE474H01014,,,RRSECUR,530917,BSE,BSE/Yahoo Finance,530917.BO,,,,
INE474O01010,,,IFINSEC,535667,BSE,BSE/Yahoo Finance,535667.BO,,,,
INE475C01012,,,ROSELABS,531324,BSE,BSE/Yahoo Finance,531324.BO,,,,
INE475D01010,,,SANGAMFIN,538714,BSE,BSE/Yahoo Finance,538714.BO,,,,
INE475V01012,,,SHRENTI,503696,BSE,BSE/Yahoo Finance,503696.BO,,,,
INE478D01014,,,ITL,522183,BSE,BSE/Yahoo Finance,522183.BO,,,,
INE479A01018,,,CAPRIHANS,509486,BSE,BSE/Yahoo Finance,509486.BO,,,,
INE480D01010,,,NIYOGIN,538772,BSE,BSE/Yahoo Finance,538772.BO,,,,
INE480H01011,,,AREXMIS,526851,BSE,BSE/Yahoo Finance,526851.BO,,,,
INE480S01026,,,GGPL,539228,BSE,BSE/Yahoo Finance,539228.BO,,,,
INE482O01021,,,OLYMPTX,521105,BSE,BSE/Yahoo Finance,521105.BO,,,,
INE483D01014,,,RAP,531583,BSE,BSE/Yahoo Finance,531583.BO,,,,
INE484D01012,,,AMARJOTHI,521097,BSE,BSE/Yahoo Finance,521097.BO,,,,
INE484S01010,,,PECOS,539273,BSE,BSE/Yahoo Finance,539273.BO,,,,
INE485D01043,,,MAXGROW,521167,BSE,BSE/Yahoo Finance,521167.BO,,,,
INE485K01022,,,ABVL,530881,BSE,BSE/Yahoo Finance,530881.BO,,,,
INE486D01017,,,RESONANCE,524218,BSE,BSE/Yahoo Finance,524218.BO,,,,
INE486F01012,,,ZENOTECH,532039,BSE,BSE/Yahoo Finance,532039.BO,,,,
INE486I01016,,,PHRMASI,523620,BSE,BSE/Yahoo Finance,523620.BO,,,,
INE487B01019,,,NATHUEC,531834,BSE,BSE/Yahoo Finance,531834.BO,,,,
INE487G01018,,,GYANDEV,530141,BSE,BSE/Yahoo Finance,530141.BO,,,,
INE488C01015,,,SHRYDUS,511493,BSE,BSE/Yahoo Finance,511493.BO,,,,
INE489B01031,,,SHRAAITECH,543976,BSE,BSE/Yahoo Finance,543976.BO,,,,
INE489F01016,,,VSDCONF,531696,BSE,BSE/Yahoo Finance,531696.BO,,,,
INE490A01015,,,CHOWGULSTM,501833,BSE,BSE/Yahoo Finance,501833.BO,,,,
INE490Z01012,,,ANUROOP,542865,BSE,BSE/Yahoo Finance,542865.BO,,,,
INE491C01027,,,MUDUNURU,538743,BSE,BSE/Yahoo Finance,538743.BO,,,,
INE491D01017,,,ARVAYA,524723,BSE,BSE/Yahoo Finance,524723.BO,,,,
INE491N01016,,,RAJABAH,503127,BSE,BSE/Yahoo Finance,503127.BO,,,,
INE492N01022,,,AMALGAM,501622,BSE,BSE/Yahoo Finance,501622.BO,,,,
INE492Y01011,,,INNOVATIVE,541983,BSE,BSE/Yahoo Finance,541983.BO,,,,
INE492Z01018,,,GOBLIN,542850,BSE,BSE/Yahoo Finance,542850.BO,,,,
INE493B01017,,,GGAUTO,531399,BSE,BSE/Yahoo Finance,531399.BO,,,,
INE493D01013,,,CHOKSILA,526546,BSE,BSE/Yahoo Finance,526546.BO,,,,
INE493H01014,,,MPDL,532723,BSE,BSE/Yahoo Finance,532723.BO,,,,
INE493N01012,,,HARIAAPL,538081,BSE,BSE/Yahoo Finance,538081.BO,,,,
INE494B04019,,,TVSMNCRPS,717506,BSE,BSE/Yahoo Finance,717506.BO,,,,
INE494D01011,,,CITIPOR,531235,BSE,BSE/Yahoo Finance,531235.BO,,,,
INE495D01018,,,CORAGRO,507543,BSE,BSE/Yahoo Finance,507543.BO,,,,
INE495M01019,,,ZSHERAPR,512367,BSE,BSE/Yahoo Finance,512367.BO,,,,
INE495Z01011,,,BENARA,541178,BSE,BSE/Yahoo Finance,541178.BO,,,,
INE496M01017,,,BENTCOM,512195,BSE,BSE/Yahoo Finance,512195.BO,,,,
INE497C01016,,,NATPLY,516062,BSE,BSE/Yahoo Finance,516062.BO,,,,
INE497E01020,,,RAJTUBE,530253,BSE,BSE/Yahoo Finance,530253.BO,,,,
INE497M01015,,,ZSPEEDCO,512291,BSE,BSE/Yahoo Finance,512291.BO,,,,
INE498D01012,,,SATANIBRG,505703,BSE,BSE/Yahoo Finance,505703.BO,,,,
INE498G01015,,,KATRSPG,502933,BSE,BSE/Yahoo Finance,502933.BO,,,,
INE499G01013,,,GUJTERC,524314,BSE,BSE/Yahoo Finance,524314.BO,,,,
INE499Q01012,,,SOFCOM,538923,BSE,BSE/Yahoo Finance,538923.BO,,,,
INE500C01017,,,ASPIRA,540788,BSE,BSE/Yahoo Finance,540788.BO,,,,
INE500D01015,,,EASTRED,531346,BSE,BSE/Yahoo Finance,531346.BO,,,,
INE501C01015,,,OMKARPH,532167,BSE,BSE/Yahoo Finance,532167.BO,,,,
INE501D01013,,,FORINTL,530213,BSE,BSE/Yahoo Finance,530213.BO,,,,
INE501F01018,,,PBMPOLY,514087,BSE,BSE/Yahoo Finance,514087.BO,,,,
INE501L01024,,,MAITRI,513430,BSE,BSE/Yahoo Finance,513430.BO,,,,
INE501N01020,,,LATIMMETAL,505693,BSE,BSE/Yahoo Finance,505693.BO,,,,
INE502C01039,,,STDBAT,504180,BSE,BSE/Yahoo Finance,504180.BO,,,,
INE502D01011,,,TIHIL,523752,BSE,BSE/Yahoo Finance,523752.BO,,,,
INE503D01027,,,GEMSI,531137,BSE,BSE/Yahoo Finance,531137.BO,,,,
INE507D01010,,,INCON,531594,BSE,BSE/Yahoo Finance,531594.BO,,,,
INE508J01015,,,BERYLSE,531582,BSE,BSE/Yahoo Finance,531582.BO,,,,
INE508N01025,,,JACKSON,538422,BSE,BSE/Yahoo Finance,538422.BO,,,,
INE508R01018,,,SHASHANK,540221,BSE,BSE/Yahoo Finance,540221.BO,,,,
INE508W01018,,,ASUTENT,512433,BSE,BSE/Yahoo Finance,512433.BO,,,,
INE509C01026,,,GENNEX,531739,BSE,BSE/Yahoo Finance,531739.BO,,,,
INE510B01018,,,AGARWAL,530765,BSE,BSE/Yahoo Finance,530765.BO,,,,
INE510H01015,,,ROYALIND,512047,BSE,BSE/Yahoo Finance,512047.BO,,,,
INE510P01018,,,ARMAN,538556,BSE,BSE/Yahoo Finance,538556.BO,,,,
INE510U01018,,,PESB,544141,BSE,BSE/Yahoo Finance,544141.BO,,,,
INE511D01012,,,JYOTI,504076,BSE,BSE/Yahoo Finance,504076.BO,,,,
INE512A01016,,,FGP,500142,BSE,BSE/Yahoo Finance,500142.BO,,,,
INE512D01028,,,GOURMET,506134,BSE,BSE/Yahoo Finance,506134.BO,,,,
INE512R01010,,,AARSHYAM,542377,BSE,BSE/Yahoo Finance,542377.BO,,,,
INE513C01010,,,OCTAL,538894,BSE,BSE/Yahoo Finance,538894.BO,,,,
INE513E01024,,,RODIUM,531822,BSE,BSE/Yahoo Finance,531822.BO,,,,
INE513R01026,,,CAPPIPES,538817,BSE,BSE/Yahoo Finance,538817.BO,,,,
INE514C01026,,,MINOLTAF,532164,BSE,BSE/Yahoo Finance,532164.BO,,,,
INE514C20018,,,MINOLT-RE,751127,BSE,BSE/Yahoo Finance,751127.BO,,,,
INE515B01025,,,VISIONCINE,526441,BSE,BSE/Yahoo Finance,526441.BO,,,,
INE515H01014,,,EMPIND,509525,BSE,BSE/Yahoo Finance,509525.BO,,,,
INE516D01011,,,KIRANPR,531413,BSE,BSE/Yahoo Finance,531413.BO,,,,
INE516E01019,,,PANABYTE,538742,BSE,BSE/Yahoo Finance,538742.BO,,,,
INE516F01016,,,ABHICAP,532057,BSE,BSE/Yahoo Finance,532057.BO,,,,
INE516P01015,,,RAAMA,538540,BSE,BSE/Yahoo Finance,538540.BO,,,,
INE517D01019,,,KONARKSY,514128,BSE,BSE/Yahoo Finance,514128.BO,,,,
INE517M01028,,,POLYSIL,211144,BSE,BSE/Yahoo Finance,211144.BO,,,,
INE518A01013,,,FORBESCO,502865,BSE,BSE/Yahoo Finance,502865.BO,,,,
INE518X01015,,,CBAZAAR,210874,BSE,BSE/Yahoo Finance,210874.BO,,,,
INE519D01015,,,LADDERUP,530577,BSE,BSE/Yahoo Finance,530577.BO,,,,
INE519N01014,,,REMAGNET,526570,BSE,BSE/Yahoo Finance,526570.BO,,,,
INE520G01024,,,AXISOL,511144,BSE,BSE/Yahoo Finance,511144.BO,,,,
INE521L01030,,,BANASFN,509053,BSE,BSE/Yahoo Finance,509053.BO,,,,
INE522V01011,,,AVSL,205279,BSE,BSE/Yahoo Finance,205279.BO,,,,
INE523D01017,,,MASCH,506867,BSE,BSE/Yahoo Finance,506867.BO,,,,
INE523I01016,,,PWASML,531437,BSE,BSE/Yahoo Finance,531437.BO,,,,
INE523K01012,,,RAUNAQ,537840,BSE,BSE/Yahoo Finance,537840.BO,,,,
INE523W01017,,,BENGALS,512404,BSE,BSE/Yahoo Finance,512404.BO,,,,
INE524D01015,,,MEGFI,532105,BSE,BSE/Yahoo Finance,532105.BO,,,,
INE524N01014,,,JUPITERIN,534623,BSE,BSE/Yahoo Finance,534623.BO,,,,
INE524U01019,,,KARTKIN,501151,BSE,BSE/Yahoo Finance,501151.BO,,,,
INE525B01016,,,HATHWAYB,509073,BSE,BSE/Yahoo Finance,509073.BO,,,,
INE526C01012,,,NIKKIGL,531272,BSE,BSE/Yahoo Finance,531272.BO,,,,
INE526H01011,,,VINYOFL,530401,BSE,BSE/Yahoo Finance,530401.BO,,,,
INE526R01028,,,STARHFL,539017,BSE,BSE/Yahoo Finance,539017.BO,,,,
INE527B01020,,,QUADRANT,511116,BSE,BSE/Yahoo Finance,511116.BO,,,,
INE527C01010,,,PASUFIN,511734,BSE,BSE/Yahoo Finance,511734.BO,,,,
INE528C01018,,,UVS,531652,BSE,BSE/Yahoo Finance,531652.BO,,,,
INE530D01012,,,VELLORA,531257,BSE,BSE/Yahoo Finance,531257.BO,,,,
INE531D01010,,,LEADFIN,531288,BSE,BSE/Yahoo Finance,531288.BO,,,,
INE531R01010,,,MEGATHERM,211095,BSE,BSE/Yahoo Finance,211095.BO,,,,
INE531X01018,,,SAICAPI,531931,BSE,BSE/Yahoo Finance,531931.BO,,,,
INE532B01020,,,ISTRNETWK,524622,BSE,BSE/Yahoo Finance,524622.BO,,,,
INE532U01012,,,ZSOUTGAS,509910,BSE,BSE/Yahoo Finance,509910.BO,,,,
INE533B01028,,,SUPRATRE,511539,BSE,BSE/Yahoo Finance,511539.BO,,,,
INE533C01018,,,KJMCFIN,530235,BSE,BSE/Yahoo Finance,530235.BO,,,,
INE534A01028,,,GFSTEELS,513343,BSE,BSE/Yahoo Finance,513343.BO,,,,
INE534D01014,,,RITESHIN,519097,BSE,BSE/Yahoo Finance,519097.BO,,,,
INE534E01020,,,KEIL,539620,BSE,BSE/Yahoo Finance,539620.BO,,,,
INE535C01013,,,KAMADGIRI,514322,BSE,BSE/Yahoo Finance,514322.BO,,,,
INE535P01015,,,RRPDEFENSE,530929,BSE,BSE/Yahoo Finance,530929.BO,,,,
INE536C01029,,,NUTRICIRCLE,530219,BSE,BSE/Yahoo Finance,530219.BO,,,,
INE537A01013,,,GTNINDS,500170,BSE,BSE/Yahoo Finance,500170.BO,,,,
INE537B01011,,,CONSTRONIC,523844,BSE,BSE/Yahoo Finance,523844.BO,,,,
INE537C01019,,,ADVIKLA,531686,BSE,BSE/Yahoo Finance,531686.BO,,,,
INE537L01010,,,KRISHNA,504392,BSE,BSE/Yahoo Finance,504392.BO,,,,
INE537U01037,,,SPRAYKING,540079,BSE,BSE/Yahoo Finance,540079.BO,,,,
INE538C01017,,,SAMTELIN,500371,BSE,BSE/Yahoo Finance,500371.BO,,,,
INE538D01015,,,SHKARTP,516106,BSE,BSE/Yahoo Finance,516106.BO,,,,
INE538G01018,,,GOTHIPL,531111,BSE,BSE/Yahoo Finance,531111.BO,,,,
INE540S01019,,,MISHKA,539220,BSE,BSE/Yahoo Finance,539220.BO,,,,
INE541C01037,,,TSPIRITUAL,532444,BSE,BSE/Yahoo Finance,532444.BO,,,,
INE541F01022,,,GUJARATPOLY,517288,BSE,BSE/Yahoo Finance,517288.BO,,,,
INE541K01014,,,STARDELTA,539255,BSE,BSE/Yahoo Finance,539255.BO,,,,
INE541R01019,,,FILTRA,539098,BSE,BSE/Yahoo Finance,539098.BO,,,,
INE543F01028,,,PRIMIND,519299,BSE,BSE/Yahoo Finance,519299.BO,,,,
INE544C01023,,,PICCASUG,507498,BSE,BSE/Yahoo Finance,507498.BO,,,,
INE544W01021,,,MAXIMUS,540401,BSE,BSE/Yahoo Finance,540401.BO,,,,
INE545B01022,,,CONTICON,531460,BSE,BSE/Yahoo Finance,531460.BO,,,,
INE545E01018,,,GDLLEAS,530855,BSE,BSE/Yahoo Finance,530855.BO,,,,
INE545N01019,,,SHAQUAK,531925,BSE,BSE/Yahoo Finance,531925.BO,,,,
INE546D01018,,,TOKYOFIN,531644,BSE,BSE/Yahoo Finance,531644.BO,,,,
INE546F01013,,,ZENLABS,530697,BSE,BSE/Yahoo Finance,530697.BO,,,,
INE546I01025,,,LADDU,537707,BSE,BSE/Yahoo Finance,537707.BO,,,,
INE547C01018,,,SPECFOOD,531982,BSE,BSE/Yahoo Finance,531982.BO,,,,
INE548B01018,,,GINISILK,531744,BSE,BSE/Yahoo Finance,531744.BO,,,,
INE548D01014,,,VELHO,526755,BSE,BSE/Yahoo Finance,526755.BO,,,,
INE548H01015,,,RAAJMEDI,524502,BSE,BSE/Yahoo Finance,524502.BO,,,,
INE549B01016,,,HBLEAS,508956,BSE,BSE/Yahoo Finance,508956.BO,,,,
INE549D01012,,,WSFX,511147,BSE,BSE/Yahoo Finance,511147.BO,,,,
INE549S01036,,,SUPHA,539561,BSE,BSE/Yahoo Finance,539561.BO,,,,
INE550D01010,,,WWALUM,526525,BSE,BSE/Yahoo Finance,526525.BO,,,,
INE550F01049,,,HAZOOR,532467,BSE,BSE/Yahoo Finance,532467.BO,,,,
INE550L01013,,,OLPCL,534190,BSE,BSE/Yahoo Finance,534190.BO,,,,
INE551B01012,,,UDAYJEW,539518,BSE,BSE/Yahoo Finance,539518.BO,,,,
INE551C01044,,,SHUKRAPHAR,524632,BSE,BSE/Yahoo Finance,524632.BO,,,,
INE551Q01028,,,VSCL,201000,BSE,BSE/Yahoo Finance,201000.BO,,,,
INE552B01010,,,HFIL,526899,BSE,BSE/Yahoo Finance,526899.BO,,,,
INE552F01011,,,ZNIVITRD,512245,BSE,BSE/Yahoo Finance,512245.BO,,,,
INE552H01017,,,TASHIND,512271,BSE,BSE/Yahoo Finance,512271.BO,,,,
INE552N01023,,,RKDAGRRTL,511169,BSE,BSE/Yahoo Finance,511169.BO,,,,
INE552Q01018,,,ENCASH,538684,BSE,BSE/Yahoo Finance,538684.BO,,,,
INE553F01035,,,BESTEAST,508664,BSE,BSE/Yahoo Finance,508664.BO,,,,
INE553H01015,,,BAJGLOB,512261,BSE,BSE/Yahoo Finance,512261.BO,,,,
INE554H01021,,,EMROCK,531676,BSE,BSE/Yahoo Finance,531676.BO,,,,
INE554R01020,,,KARNAVATI,538928,BSE,BSE/Yahoo Finance,538928.BO,,,,
INE555C01029,,,SHIVACEM,532323,BSE,BSE/Yahoo Finance,532323.BO,,,,
INE555D01019,,,PREMCAPM,511660,BSE,BSE/Yahoo Finance,511660.BO,,,,
INE556D01017,,,ADMANUM,511359,BSE,BSE/Yahoo Finance,511359.BO,,,,
INE556Z01010,,,UHZAVERI,541338,BSE,BSE/Yahoo Finance,541338.BO,,,,
INE557C01017,,,INDSUCR,500319,BSE,BSE/Yahoo Finance,500319.BO,,,,
INE557D01015,,,CJGEL,507515,BSE,BSE/Yahoo Finance,507515.BO,,,,
INE558A01019,,,IPRINGLTD,523638,BSE,BSE/Yahoo Finance,523638.BO,,,,
INE558F01026,,,CHLOGIST,531977,BSE,BSE/Yahoo Finance,531977.BO,,,,
INE560D01027,,,TUNITEX,531411,BSE,BSE/Yahoo Finance,531411.BO,,,,
INE560F01022,,,JOHNPHARMA,532154,BSE,BSE/Yahoo Finance,532154.BO,,,,
INE560T01015,,,VEL,542803,BSE,BSE/Yahoo Finance,542803.BO,,,,
INE561D01025,,,EXPOEAPL,526614,BSE,BSE/Yahoo Finance,526614.BO,,,,
INE561E01015,,,SKRABUL,531506,BSE,BSE/Yahoo Finance,531506.BO,,,,
INE562E01021,,,SOFTRAKV,531529,BSE,BSE/Yahoo Finance,531529.BO,,,,
INE563C01015,,,SAUMYA,539218,BSE,BSE/Yahoo Finance,539218.BO,,,,
INE563D01013,,,AADIIND,530027,BSE,BSE/Yahoo Finance,530027.BO,,,,
INE564B01015,,,SENINFO,531980,BSE,BSE/Yahoo Finance,531980.BO,,,,
INE564C01013,,,YARNSYN,514378,BSE,BSE/Yahoo Finance,514378.BO,,,,
INE564J01026,,,SHRJAGP,512453,BSE,BSE/Yahoo Finance,512453.BO,,,,
INE564S01019,,,KAMATS,539659,BSE,BSE/Yahoo Finance,539659.BO,,,,
INE564T01017,,,JETKNIT,200428,BSE,BSE/Yahoo Finance,200428.BO,,,,
INE564V01013,,,BINDALEXPO,540148,BSE,BSE/Yahoo Finance,540148.BO,,,,
INE565E01016,,,SURFI,519604,BSE,BSE/Yahoo Finance,519604.BO,,,,
INE565V03016,,,VALIANTOCPS,710057,BSE,BSE/Yahoo Finance,710057.BO,,,,
INE566M01017,,,AZADIND,504731,BSE,BSE/Yahoo Finance,504731.BO,,,,
INE567L01025,,,LORDSMARK,501261,BSE,BSE/Yahoo Finance,501261.BO,,,,
INE568F01017,,,SNL,505827,BSE,BSE/Yahoo Finance,505827.BO,,,,
INE569B01022,,,ISLCONSUL,511609,BSE,BSE/Yahoo Finance,511609.BO,,,,
INE570B01012,,,ADITYA,513513,BSE,BSE/Yahoo Finance,513513.BO,,,,
INE570N01025,,,MILLENNIUM,511187,BSE,BSE/Yahoo Finance,511187.BO,,,,
INE571U01010,,,YASHCHEM,539939,BSE,BSE/Yahoo Finance,539939.BO,,,,
INE572Z01017,,,AMINTAN,541771,BSE,BSE/Yahoo Finance,541771.BO,,,,
INE573B01016,,,PRIMAPLA,530589,BSE,BSE/Yahoo Finance,530589.BO,,,,
INE574A01016,,,JAGAJITIND,507155,BSE,BSE/Yahoo Finance,507155.BO,,,,
INE574D01010,,,GVBL,539206,BSE,BSE/Yahoo Finance,539206.BO,,,,
INE574G01013,,,VASUPRADA,538092,BSE,BSE/Yahoo Finance,538092.BO,,,,
INE574R01028,,,SUPERIOR,539835,BSE,BSE/Yahoo Finance,539835.BO,,,,
INE575D01041,,,DANUBE,540361,BSE,BSE/Yahoo Finance,540361.BO,,,,
INE575I01016,,,RATHIBAR,532918,BSE,BSE/Yahoo Finance,532918.BO,,,,
INE575Z01010,,,MDL,203071,BSE,BSE/Yahoo Finance,203071.BO,,,,
INE576B01019,,,ATHENAGLO,517429,BSE,BSE/Yahoo Finance,517429.BO,,,,
INE576D01015,,,UNJHAFOR,531762,BSE,BSE/Yahoo Finance,531762.BO,,,,
INE576N01014,,,RADIXIND,531412,BSE,BSE/Yahoo Finance,531412.BO,,,,
INE576P01019,,,KCSL,537784,BSE,BSE/Yahoo Finance,537784.BO,,,,
INE577D01013,,,JYOTIRES,514448,BSE,BSE/Yahoo Finance,514448.BO,,,,
INE578B01015,,,ACCEDERE,531533,BSE,BSE/Yahoo Finance,531533.BO,,,,
INE578C01021,,,TPINDIA,500421,BSE,BSE/Yahoo Finance,500421.BO,,,,
INE578L01014,,,ADHBHUTIN,539189,BSE,BSE/Yahoo Finance,539189.BO,,,,
INE578R01011,,,GRAMEVA,539120,BSE,BSE/Yahoo Finance,539120.BO,,,,
INE578V01013,,,GUJHYSPIN,540938,BSE,BSE/Yahoo Finance,540938.BO,,,,
INE579D01019,,,SITAENT,512589,BSE,BSE/Yahoo Finance,512589.BO,,,,
INE579N01018,,,SAMSRITA,539267,BSE,BSE/Yahoo Finance,539267.BO,,,,
INE580C01019,,,STARLOG,520155,BSE,BSE/Yahoo Finance,520155.BO,,,,
INE580D01017,,,GLANCE,531199,BSE,BSE/Yahoo Finance,531199.BO,,,,
INE580H01026,,,KMFBLDR,531578,BSE,BSE/Yahoo Finance,531578.BO,,,,
INE581D01015,,,NEELKANTH,512565,BSE,BSE/Yahoo Finance,512565.BO,,,,
INE581L01018,,,JSLINDL,504080,BSE,BSE/Yahoo Finance,504080.BO,,,,
INE581M01016,,,VINAYAKPOL,534639,BSE,BSE/Yahoo Finance,534639.BO,,,,
INE582C01015,,,JAGSONSER,530601,BSE,BSE/Yahoo Finance,530601.BO,,,,
INE582D01013,,,RISHIROOP,526492,BSE,BSE/Yahoo Finance,526492.BO,,,,
INE582K01018,,,ZHINUDYP,513039,BSE,BSE/Yahoo Finance,513039.BO,,,,
INE582V01015,,,ZNILKENG,512004,BSE,BSE/Yahoo Finance,512004.BO,,,,
INE583M01012,,,BMAL,535279,BSE,BSE/Yahoo Finance,535279.BO,,,,
INE584B01013,,,SAINIK,530265,BSE,BSE/Yahoo Finance,530265.BO,,,,
INE584C01011,,,JJFINCOR,523062,BSE,BSE/Yahoo Finance,523062.BO,,,,
INE584D01019,,,SUNCITYSY,530795,BSE,BSE/Yahoo Finance,530795.BO,,,,
INE584G01012,,,SOLIDSTON,513699,BSE,BSE/Yahoo Finance,513699.BO,,,,
INE585A01020,,,NAPEROL,500298,BSE,BSE/Yahoo Finance,500298.BO,,,,
INE586D01014,,,ADHHATA,531286,BSE,BSE/Yahoo Finance,531286.BO,,,,
INE586O01011,,,DEEM,211181,BSE,BSE/Yahoo Finance,211181.BO,,,,
INE587J01027,,,CROISSANCE,531909,BSE,BSE/Yahoo Finance,531909.BO,,,,
INE588E01026,,,ARISINT,531677,BSE,BSE/Yahoo Finance,531677.BO,,,,
INE588G01021,,,MLKFOOD,507621,BSE,BSE/Yahoo Finance,507621.BO,,,,
INE589D01018,,,DHINDIA,517514,BSE,BSE/Yahoo Finance,517514.BO,,,,
INE589J01015,,,SANTETX,514280,BSE,BSE/Yahoo Finance,514280.BO,,,,
INE589N01017,,,FILTRON,531191,BSE,BSE/Yahoo Finance,531191.BO,,,,
INE590B01010,,,GARNETINT,512493,BSE,BSE/Yahoo Finance,512493.BO,,,,
INE590D01016,,,DHPIND,531306,BSE,BSE/Yahoo Finance,531306.BO,,,,
INE593B01030,,,KHYATI,531692,BSE,BSE/Yahoo Finance,531692.BO,,,,
INE593O01017,,,JAUSPOL,526001,BSE,BSE/Yahoo Finance,526001.BO,,,,
INE594D01018,,,ELANGO,513452,BSE,BSE/Yahoo Finance,513452.BO,,,,
INE594R01018,,,KUBERJI,539408,BSE,BSE/Yahoo Finance,539408.BO,,,,
INE594V01028,,,TEXELIN,526638,BSE,BSE/Yahoo Finance,526638.BO,,,,
INE594W01042,,,STARLENT,540492,BSE,BSE/Yahoo Finance,540492.BO,,,,
INE595D01015,,,GOLCA,531928,BSE,BSE/Yahoo Finance,531928.BO,,,,
INE595G01018,,,SWRNASE,531003,BSE,BSE/Yahoo Finance,531003.BO,,,,
INE595R01023,,,EASTWEST,540006,BSE,BSE/Yahoo Finance,540006.BO,,,,
INE596B01017,,,MUKESHB,530341,BSE,BSE/Yahoo Finance,530341.BO,,,,
INE597C01021,,,HINDBIO,532041,BSE,BSE/Yahoo Finance,532041.BO,,,,
INE597Z01014,,,COMMITTED,210710,BSE,BSE/Yahoo Finance,210710.BO,,,,
INE598F01014,,,ZGOLDINV,501111,BSE,BSE/Yahoo Finance,501111.BO,,,,
INE599F01020,,,FOSECOC,523160,BSE,BSE/Yahoo Finance,523160.BO,,,,
INE600B01033,,,FILME,531486,BSE,BSE/Yahoo Finance,531486.BO,,,,
INE600F01018,,,PFLINFOTC,531769,BSE,BSE/Yahoo Finance,531769.BO,,,,
INE601A01017,,,TEAM24,500458,BSE,BSE/Yahoo Finance,500458.BO,,,,
INE601B01023,,,AJANTSOY,519216,BSE,BSE/Yahoo Finance,519216.BO,,,,
INE601C01013,,,ENVAIREL,500246,BSE,BSE/Yahoo Finance,500246.BO,,,,
INE601F01016,,,EPSOMPRO,531155,BSE,BSE/Yahoo Finance,531155.BO,,,,
INE601N01010,,,RGRL,519191,BSE,BSE/Yahoo Finance,519191.BO,,,,
INE602C01011,,,KJMCCORP,532304,BSE,BSE/Yahoo Finance,532304.BO,,,,
INE602D01027,,,SANBLUE,521222,BSE,BSE/Yahoo Finance,521222.BO,,,,
INE602H01010,,,UNRYLMA,526113,BSE,BSE/Yahoo Finance,526113.BO,,,,
INE603D01017,,,VEGA,512026,BSE,BSE/Yahoo Finance,512026.BO,,,,
INE603F01012,,,NARPROP,531416,BSE,BSE/Yahoo Finance,531416.BO,,,,
INE604F01010,,,PASARI,521080,BSE,BSE/Yahoo Finance,521080.BO,,,,
INE606C01012,,,NLFL,531212,BSE,BSE/Yahoo Finance,531212.BO,,,,
INE606K01049,,,SRESTHA,539217,BSE,BSE/Yahoo Finance,539217.BO,,,,
INE607B01012,,,COMPUPN,507833,BSE,BSE/Yahoo Finance,507833.BO,,,,
INE607G01011,,,SAMYAKINT,530025,BSE,BSE/Yahoo Finance,530025.BO,,,,
INE607V01028,,,VSL,540252,BSE,BSE/Yahoo Finance,540252.BO,,,,
INE608B01010,,,CRANEX,522001,BSE,BSE/Yahoo Finance,522001.BO,,,,
INE608C01026,,,NOVIS,513566,BSE,BSE/Yahoo Finance,513566.BO,,,,
INE609A01010,,,PUNJCOMMU,500346,BSE,BSE/Yahoo Finance,500346.BO,,,,
INE609B01018,,,1STCUS,511122,BSE,BSE/Yahoo Finance,511122.BO,,,,
INE609D01014,,,RAMSONS,530925,BSE,BSE/Yahoo Finance,530925.BO,,,,
INE611C01020,,,IMEC,513295,BSE,BSE/Yahoo Finance,513295.BO,,,,
INE612D01018,,,SANTOSHF,530035,BSE,BSE/Yahoo Finance,530035.BO,,,,
INE614F01019,,,MFSINTRCRP,513721,BSE,BSE/Yahoo Finance,513721.BO,,,,
INE614R01014,,,TAPARIA,505685,BSE,BSE/Yahoo Finance,505685.BO,,,,
INE614Z01017,,,GIRIRAJ,204207,BSE,BSE/Yahoo Finance,204207.BO,,,,
INE615A01025,,,RAVALSUGAR,507300,BSE,BSE/Yahoo Finance,507300.BO,,,,
INE615T01017,,,GANGAPHARM,539680,BSE,BSE/Yahoo Finance,539680.BO,,,,
INE615W01011,,,PBGLOBAL,506580,BSE,BSE/Yahoo Finance,506580.BO,,,,
INE617B01011,,,MODAIRY,519287,BSE,BSE/Yahoo Finance,519287.BO,,,,
INE617C01027,,,FFPL,513579,BSE,BSE/Yahoo Finance,513579.BO,,,,
INE617I01024,,,AVATAR,206195,BSE,BSE/Yahoo Finance,206195.BO,,,,
INE618A01011,,,ROYALCU,526193,BSE,BSE/Yahoo Finance,526193.BO,,,,
INE618D01015,,,SUDAI,506003,BSE,BSE/Yahoo Finance,506003.BO,,,,
INE618F01010,,,SPARKLEGR,530037,BSE,BSE/Yahoo Finance,530037.BO,,,,
INE621B01021,,,PRITHVIEXCH,531688,BSE,BSE/Yahoo Finance,531688.BO,,,,
INE621C01011,,,GUJHOTE,507960,BSE,BSE/Yahoo Finance,507960.BO,,,,
INE621I01042,,,COLORCHIPS,540023,BSE,BSE/Yahoo Finance,540023.BO,,,,
INE622E01023,,,GAYATRI,532183,BSE,BSE/Yahoo Finance,532183.BO,,,,
INE622Q01027,,,MOBAVENUE,539682,BSE,BSE/Yahoo Finance,539682.BO,,,,
INE623D01015,,,STEP2COR,531509,BSE,BSE/Yahoo Finance,531509.BO,,,,
INE623Y01011,,,WTICAB,211146,BSE,BSE/Yahoo Finance,211146.BO,,,,
INE624M01014,,,LYKISLTD,530689,BSE,BSE/Yahoo Finance,530689.BO,,,,
INE625D01028,,,STANCAP,511700,BSE,BSE/Yahoo Finance,511700.BO,,,,
INE626H01019,,,ZBINTXPP,523054,BSE,BSE/Yahoo Finance,523054.BO,,,,
INE627D01016,,,ADARSHPL,526711,BSE,BSE/Yahoo Finance,526711.BO,,,,
INE627F01011,,,CENLUB,522251,BSE,BSE/Yahoo Finance,522251.BO,,,,
INE628B01034,,,OROSMITHS,531626,BSE,BSE/Yahoo Finance,531626.BO,,,,
INE628D01014,,,THRIVE,523120,BSE,BSE/Yahoo Finance,523120.BO,,,,
INE628F01019,,,INDERGR,531505,BSE,BSE/Yahoo Finance,531505.BO,,,,
INE629B01032,,,STEELCO,500399,BSE,BSE/Yahoo Finance,500399.BO,,,,
INE629C01014,,,RLF,512618,BSE,BSE/Yahoo Finance,512618.BO,,,,
INE629F01025,,,KALLAM,530201,BSE,BSE/Yahoo Finance,530201.BO,,,,
INE630C01012,,,JPTSEC,530985,BSE,BSE/Yahoo Finance,530985.BO,,,,
INE630D01010,,,BRIGHTBR,526731,BSE,BSE/Yahoo Finance,526731.BO,,,,
INE630N01019,,,NCCBLUE,519506,BSE,BSE/Yahoo Finance,519506.BO,,,,
INE630U01014,,,PADALPO,531779,BSE,BSE/Yahoo Finance,531779.BO,,,,
INE631D01026,,,GGDPROP,505250,BSE,BSE/Yahoo Finance,505250.BO,,,,
INE631E01024,,,SPICELOUNG,539895,BSE,BSE/Yahoo Finance,539895.BO,,,,
INE632A01012,,,SHRMFGC,503863,BSE,BSE/Yahoo Finance,503863.BO,,,,
INE632Q01018,,,MRIL,213654,BSE,BSE/Yahoo Finance,213654.BO,,,,
INE632W01016,,,GSTL,540654,BSE,BSE/Yahoo Finance,540654.BO,,,,
INE634B01016,,,EMMESSA,524768,BSE,BSE/Yahoo Finance,524768.BO,,,,
INE634D01038,,,GTEIT,532139,BSE,BSE/Yahoo Finance,532139.BO,,,,
INE634J01027,,,GOLDCOINHF,538542,BSE,BSE/Yahoo Finance,538542.BO,,,,
INE635D01027,,,INANI,531129,BSE,BSE/Yahoo Finance,531129.BO,,,,
INE635I01018,,,PARSHWANA,511176,BSE,BSE/Yahoo Finance,511176.BO,,,,
INE635Y01015,,,AISL,200742,BSE,BSE/Yahoo Finance,200742.BO,,,,
INE636B01011,,,ACME,539391,BSE,BSE/Yahoo Finance,539391.BO,,,,
INE636D01041,,,JOSTS,505750,BSE,BSE/Yahoo Finance,505750.BO,,,,
INE636P01011,,,GUJPETR,506858,BSE,BSE/Yahoo Finance,506858.BO,,,,
INE637N01014,,,PATIDAR,524031,BSE,BSE/Yahoo Finance,524031.BO,,,,
INE638B01025,,,HBPOR,532333,BSE,BSE/Yahoo Finance,532333.BO,,,,
INE638D01021,,,KUNSTOFF,523594,BSE,BSE/Yahoo Finance,523594.BO,,,,
INE638N01012,,,ECOHOTELS,514402,BSE,BSE/Yahoo Finance,514402.BO,,,,
INE639B01023,,,TANFACIND,506854,BSE,BSE/Yahoo Finance,506854.BO,,,,
INE639C01013,,,RAJPACK,530111,BSE,BSE/Yahoo Finance,530111.BO,,,,
INE639K01016,,,SATCH,533202,BSE,BSE/Yahoo Finance,533202.BO,,,,
INE639X01027,,,BEACON,211633,BSE,BSE/Yahoo Finance,211633.BO,,,,
INE641A01013,,,NEXOME,508905,BSE,BSE/Yahoo Finance,508905.BO,,,,
INE641B01011,,,SHIKHAR,526883,BSE,BSE/Yahoo Finance,526883.BO,,,,
INE641H01018,,,CASTORA,531913,BSE,BSE/Yahoo Finance,531913.BO,,,,
INE641Q01019,,,ZINEMA,538579,BSE,BSE/Yahoo Finance,538579.BO,,,,
INE642I01014,,,GOKAKTEX,532957,BSE,BSE/Yahoo Finance,532957.BO,,,,
INE642P01019,,,DIDL,539900,BSE,BSE/Yahoo Finance,539900.BO,,,,
INE643C01015,,,NATFIT,531289,BSE,BSE/Yahoo Finance,531289.BO,,,,
INE643D01013,,,NDMETAL,512024,BSE,BSE/Yahoo Finance,512024.BO,,,,
INE643N01012,,,DECIPHER,524752,BSE,BSE/Yahoo Finance,524752.BO,,,,
INE644K01016,,,BMBMUMG,531420,BSE,BSE/Yahoo Finance,531420.BO,,,,
INE644U01015,,,PEOPLIN,501144,BSE,BSE/Yahoo Finance,501144.BO,,,,
INE645C01010,,,KABSON,524675,BSE,BSE/Yahoo Finance,524675.BO,,,,
INE647W01014,,,SHARPLINE,543341,BSE,BSE/Yahoo Finance,543341.BO,,,,
INE647Z01025,,,VIVIDM,542046,BSE,BSE/Yahoo Finance,542046.BO,,,,
INE648E01010,,,PANELEC,517397,BSE,BSE/Yahoo Finance,517397.BO,,,,
INE649C01012,,,ROSEMER,512115,BSE,BSE/Yahoo Finance,512115.BO,,,,
INE649R01010,,,IDM,517044,BSE,BSE/Yahoo Finance,517044.BO,,,,
INE650C01036,,,DILIGENT,531153,BSE,BSE/Yahoo Finance,531153.BO,,,,
INE651D01016,,,RASRESOR,507966,BSE,BSE/Yahoo Finance,507966.BO,,,,
INE652D01014,,,RICHUNV,530271,BSE,BSE/Yahoo Finance,530271.BO,,,,
INE653C01022,,,NICCOPAR,526721,BSE,BSE/Yahoo Finance,526721.BO,,,,
INE653D01012,,,SAMINDUS,532005,BSE,BSE/Yahoo Finance,532005.BO,,,,
INE653R01012,,,SYMBIOX,539278,BSE,BSE/Yahoo Finance,539278.BO,,,,
INE653S01028,,,GARMNTMNTR,539216,BSE,BSE/Yahoo Finance,539216.BO,,,,
INE654B01014,,,BALTE,520127,BSE,BSE/Yahoo Finance,520127.BO,,,,
INE654D01010,,,SANCF,511563,BSE,BSE/Yahoo Finance,511563.BO,,,,
INE654H01011,,,NATGENI,531651,BSE,BSE/Yahoo Finance,531651.BO,,,,
INE655D01025,,,SHALIWIR,532455,BSE,BSE/Yahoo Finance,532455.BO,,,,
INE655I01032,,,BIRLACOT,533006,BSE,BSE/Yahoo Finance,533006.BO,,,,
INE655P01029,,,PANAFIC,538860,BSE,BSE/Yahoo Finance,538860.BO,,,,
INE657D01021,,,SIMMOND,507998,BSE,BSE/Yahoo Finance,507998.BO,,,,
INE658D01029,,,SIMPLEXCAS,513472,BSE,BSE/Yahoo Finance,513472.BO,,,,
INE659F01022,,,GUJINJEC,524238,BSE,BSE/Yahoo Finance,524238.BO,,,,
INE660B01011,,,CATVISION,531158,BSE,BSE/Yahoo Finance,531158.BO,,,,
INE660D01017,,,VIPPYSP,514302,BSE,BSE/Yahoo Finance,514302.BO,,,,
INE661D01015,,,VISIONCO,531668,BSE,BSE/Yahoo Finance,531668.BO,,,,
INE661F01010,,,BRIPORT,539434,BSE,BSE/Yahoo Finance,539434.BO,,,,
INE661K01010,,,VIRYA,512479,BSE,BSE/Yahoo Finance,512479.BO,,,,
INE661M01016,,,INTRGLB,511391,BSE,BSE/Yahoo Finance,511391.BO,,,,
INE661Q01017,,,VANICOM,538918,BSE,BSE/Yahoo Finance,538918.BO,,,,
INE662D01013,,,WELTI,526431,BSE,BSE/Yahoo Finance,526431.BO,,,,
INE663P01015,,,AFEL,538351,BSE,BSE/Yahoo Finance,538351.BO,,,,
INE664D01019,,,BENARAS,509438,BSE,BSE/Yahoo Finance,509438.BO,,,,
INE664N01018,,,MAGANTR,512377,BSE,BSE/Yahoo Finance,512377.BO,,,,
INE664X01025,,,TTLEL,514236,BSE,BSE/Yahoo Finance,514236.BO,,,,
INE665D01016,,,BENGALT,532230,BSE,BSE/Yahoo Finance,532230.BO,,,,
INE666Q01016,,,EIKO,540204,BSE,BSE/Yahoo Finance,540204.BO,,,,
INE666Y01010,,,DOLFIN,542013,BSE,BSE/Yahoo Finance,542013.BO,,,,
INE668L01013,,,EMERGENT,506180,BSE,BSE/Yahoo Finance,506180.BO,,,,
INE669W01018,,,CHADPAP,531946,BSE,BSE/Yahoo Finance,531946.BO,,,,
INE669Y01022,,,SHARIKA,540786,BSE,BSE/Yahoo Finance,540786.BO,,,,
INE670C01026,,,IIRM,526530,BSE,BSE/Yahoo Finance,526530.BO,,,,
INE670H01017,,,OSWAYRN,514460,BSE,BSE/Yahoo Finance,514460.BO,,,,
INE670O01013,,,ONEGLOBAL,514330,BSE,BSE/Yahoo Finance,514330.BO,,,,
INE671C01016,,,SUNLOC,537253,BSE,BSE/Yahoo Finance,537253.BO,,,,
INE671D01014,,,HASTIFIN,531387,BSE,BSE/Yahoo Finance,531387.BO,,,,
INE671K01027,,,SUNRAKSHAK,539300,BSE,BSE/Yahoo Finance,539300.BO,,,,
INE671T01028,,,DARSHANORNA,539884,BSE,BSE/Yahoo Finance,539884.BO,,,,
INE672K01025,,,TRUEGREEN,533407,BSE,BSE/Yahoo Finance,533407.BO,,,,
INE673C01020,,,AMERISE,531681,BSE,BSE/Yahoo Finance,531681.BO,,,,
INE673E01018,,,SMTEL,538563,BSE,BSE/Yahoo Finance,538563.BO,,,,
INE673M01029,,,SULABEN,508969,BSE,BSE/Yahoo Finance,508969.BO,,,,
INE673U01014,,,DATIWARE,519413,BSE,BSE/Yahoo Finance,519413.BO,,,,
INE674M01019,,,KINETRU,531274,BSE,BSE/Yahoo Finance,531274.BO,,,,
INE676G01024,,,MKPMOB,521244,BSE,BSE/Yahoo Finance,521244.BO,,,,
INE678B01039,,,IBINFO,519463,BSE,BSE/Yahoo Finance,519463.BO,,,,
INE678F01014,,,MULTIBASE,526169,BSE,BSE/Yahoo Finance,526169.BO,,,,
INE679C01027,,,SOURCENTRL,531398,BSE,BSE/Yahoo Finance,531398.BO,,,,
INE679E01015,,,AGRIBIO,539546,BSE,BSE/Yahoo Finance,539546.BO,,,,
INE679T01013,,,ZMILGFIN,511018,BSE,BSE/Yahoo Finance,511018.BO,,,,
INE680B01019,,,MARGOFIN,500206,BSE,BSE/Yahoo Finance,500206.BO,,,,
INE680D01015,,,OMKAR,531496,BSE,BSE/Yahoo Finance,531496.BO,,,,
INE681D01039,,,ORIENTTR,531512,BSE,BSE/Yahoo Finance,531512.BO,,,,
INE681F01018,,,HARLETH,524080,BSE,BSE/Yahoo Finance,524080.BO,,,,
INE681K01026,,,MIZVEN,531537,BSE,BSE/Yahoo Finance,531537.BO,,,,
INE681Q01015,,,DELTA,539596,BSE,BSE/Yahoo Finance,539596.BO,,,,
INE682B01023,,,ICSL,539149,BSE,BSE/Yahoo Finance,539149.BO,,,,
INE682D01011,,,RASANDIK,522207,BSE,BSE/Yahoo Finance,522207.BO,,,,
INE683B01047,,,FIRSTFIN,532379,BSE,BSE/Yahoo Finance,532379.BO,,,,
INE683E01017,,,CORALAB,524506,BSE,BSE/Yahoo Finance,524506.BO,,,,
INE684B01029,,,ISTLTD,508807,BSE,BSE/Yahoo Finance,508807.BO,,,,
INE684D01025,,,RGF,539669,BSE,BSE/Yahoo Finance,539669.BO,,,,
INE684U01011,,,IGLFXPL-B,506945,BSE,BSE/Yahoo Finance,506945.BO,,,,
INE685D01022,,,VAMA,512175,BSE,BSE/Yahoo Finance,512175.BO,,,,
INE685Z01033,,,RAJNISH,541601,BSE,BSE/Yahoo Finance,541601.BO,,,,
INE686C01014,,,PRIYALT,524580,BSE,BSE/Yahoo Finance,524580.BO,,,,
INE687C01012,,,REXNORD,531888,BSE,BSE/Yahoo Finance,531888.BO,,,,
INE687W01010,,,ZKHANDEN,519064,BSE,BSE/Yahoo Finance,519064.BO,,,,
INE688E01024,,,HERCULES,505720,BSE,BSE/Yahoo Finance,505720.BO,,,,
INE689E01014,,,HISARSP,521068,BSE,BSE/Yahoo Finance,521068.BO,,,,
INE689J01013,,,LORDSHOTL,530065,BSE,BSE/Yahoo Finance,530065.BO,,,,
INE689M01025,,,PQIF,540717,BSE,BSE/Yahoo Finance,540717.BO,,,,
INE689V01018,,,SBECSYS,517360,BSE,BSE/Yahoo Finance,517360.BO,,,,
INE690D01014,,,SUBSM,530231,BSE,BSE/Yahoo Finance,530231.BO,,,,
INE690J01011,,,INOVSYNTH,533315,BSE,BSE/Yahoo Finance,533315.BO,,,,
INE690O01011,,,JKAGRI,536493,BSE,BSE/Yahoo Finance,536493.BO,,,,
INE691C01022,,,SWASTIKA,530585,BSE,BSE/Yahoo Finance,530585.BO,,,,
INE691D01012,,,SUDTIND-B,521113,BSE,BSE/Yahoo Finance,521113.BO,,,,
INE691J01019,,,HCLTD,538652,BSE,BSE/Yahoo Finance,538652.BO,,,,
INE691K01017,,,BOMBCYC,501430,BSE,BSE/Yahoo Finance,501430.BO,,,,
INE692C01020,,,TANAA,522229,BSE,BSE/Yahoo Finance,522229.BO,,,,
INE693D01018,,,VADILENT,519152,BSE,BSE/Yahoo Finance,519152.BO,,,,
INE693E01016,,,JAYCH,506520,BSE,BSE/Yahoo Finance,506520.BO,,,,
INE694W01024,,,ASHNI,541702,BSE,BSE/Yahoo Finance,541702.BO,,,,
INE695C01015,,,SOURCEIND,521036,BSE,BSE/Yahoo Finance,521036.BO,,,,
INE695D01021,,,WALCHPF,501370,BSE,BSE/Yahoo Finance,501370.BO,,,,
INE695X01011,,,VANTABIO,540729,BSE,BSE/Yahoo Finance,540729.BO,,,,
INE697C01011,,,USHAKIRA,511507,BSE,BSE/Yahoo Finance,511507.BO,,,,
INE698B01011,,,PANKAJPO,531280,BSE,BSE/Yahoo Finance,531280.BO,,,,
INE699D01015,,,JUMBO,516078,BSE,BSE/Yahoo Finance,516078.BO,,,,
INE700F01024,,,CFEL,539991,BSE,BSE/Yahoo Finance,539991.BO,,,,
INE700V01021,,,SHASHIJIT,540147,BSE,BSE/Yahoo Finance,540147.BO,,,,
INE702E01015,,,PNTKYOR,524210,BSE,BSE/Yahoo Finance,524210.BO,,,,
INE702H01018,,,JAGJANANI,532825,BSE,BSE/Yahoo Finance,532825.BO,,,,
INE702Y01013,,,SMVD,200223,BSE,BSE/Yahoo Finance,200223.BO,,,,
INE703D01023,,,BIOGEN,531752,BSE,BSE/Yahoo Finance,531752.BO,,,,
INE704F01018,,,PETPLST,524046,BSE,BSE/Yahoo Finance,524046.BO,,,,
INE704V01015,,,DIRL,200454,BSE,BSE/Yahoo Finance,200454.BO,,,,
INE705G01021,,,HIMTEK,505712,BSE,BSE/Yahoo Finance,505712.BO,,,,
INE706A01022,,,VIKASWSP,519307,BSE,BSE/Yahoo Finance,519307.BO,,,,
INE706B01012,,,SAMKRG,520075,BSE,BSE/Yahoo Finance,520075.BO,,,,
INE706C01028,,,AUTOPINS,531994,BSE,BSE/Yahoo Finance,531994.BO,,,,
INE706D01018,,,UNITEDINT,502893,BSE,BSE/Yahoo Finance,502893.BO,,,,
INE706F01021,,,SYLPH,511447,BSE,BSE/Yahoo Finance,511447.BO,,,,
INE706N01017,,,EASTBUILD,507917,BSE,BSE/Yahoo Finance,507917.BO,,,,
INE707B01010,,,SEASONST,514264,BSE,BSE/Yahoo Finance,514264.BO,,,,
INE709B01016,,,SKPSEC,531169,BSE,BSE/Yahoo Finance,531169.BO,,,,
INE709D01012,,,ASHAI,519174,BSE,BSE/Yahoo Finance,519174.BO,,,,
INE709Z01015,,,VERA,202708,BSE,BSE/Yahoo Finance,202708.BO,,,,
INE710D01028,,,BNRSEC,523019,BSE,BSE/Yahoo Finance,523019.BO,,,,
INE711C01028,,,JASCH,500220,BSE,BSE/Yahoo Finance,500220.BO,,,,
INE711D01018,,,BACPHAR,524516,BSE,BSE/Yahoo Finance,524516.BO,,,,
INE711V01010,,,OCEANIC,540405,BSE,BSE/Yahoo Finance,540405.BO,,,,
INE712A01012,,,WARRENTEA,508494,BSE,BSE/Yahoo Finance,508494.BO,,,,
INE712Z01019,,,RJSHAH,509845,BSE,BSE/Yahoo Finance,509845.BO,,,,
INE713D01055,,,CANDOUR,522292,BSE,BSE/Yahoo Finance,522292.BO,,,,
INE713N01013,,,RRP,504346,BSE,BSE/Yahoo Finance,504346.BO,,,,
INE714B01016,,,ANDHRAPET,500012,BSE,BSE/Yahoo Finance,500012.BO,,,,
INE714D01020,,,CONART,522231,BSE,BSE/Yahoo Finance,522231.BO,,,,
INE714Q01014,,,CALLISTA,539335,BSE,BSE/Yahoo Finance,539335.BO,,,,
INE714U01024,,,IFL,540377,BSE,BSE/Yahoo Finance,540377.BO,,,,
INE715D01019,,,CORNE,530755,BSE,BSE/Yahoo Finance,530755.BO,,,,
INE715F01014,,,ACEEDU,530093,BSE,BSE/Yahoo Finance,530093.BO,,,,
INE715Q01029,,,LLFICL,540360,BSE,BSE/Yahoo Finance,540360.BO,,,,
INE715T01031,,,DHATRE,540080,BSE,BSE/Yahoo Finance,540080.BO,,,,
INE716D01033,,,CRSL,512379,BSE,BSE/Yahoo Finance,512379.BO,,,,
INE716F01012,,,INDOKEM,504092,BSE,BSE/Yahoo Finance,504092.BO,,,,
INE716K01020,,,SFPIL,526532,BSE,BSE/Yahoo Finance,526532.BO,,,,
INE716M01034,,,SWADEIN,506863,BSE,BSE/Yahoo Finance,506863.BO,,,,
INE717C01025,,,MANGIND,537800,BSE,BSE/Yahoo Finance,537800.BO,,,,
INE717D01023,,,CUBIFIN,511710,BSE,BSE/Yahoo Finance,511710.BO,,,,
INE717E01013,,,TALBROSENG,538987,BSE,BSE/Yahoo Finance,538987.BO,,,,
INE717F01028,,,VARIMAN,540570,BSE,BSE/Yahoo Finance,540570.BO,,,,
INE718B01017,,,USGTECH,532402,BSE,BSE/Yahoo Finance,532402.BO,,,,
INE718M01022,,,LAKSHMIEW,505302,BSE,BSE/Yahoo Finance,505302.BO,,,,
INE718P01017,,,JAMESWARREN,538564,BSE,BSE/Yahoo Finance,538564.BO,,,,
INE721C01019,,,GARBIFIN,539492,BSE,BSE/Yahoo Finance,539492.BO,,,,
INE721D01017,,,GSLSEC,530469,BSE,BSE/Yahoo Finance,530469.BO,,,,
INE721U01011,,,ZHEMHOLD,505520,BSE,BSE/Yahoo Finance,505520.BO,,,,
INE721V01019,,,MEENST,512505,BSE,BSE/Yahoo Finance,512505.BO,,,,
INE721X01023,,,GEL,540613,BSE,BSE/Yahoo Finance,540613.BO,,,,
INE722D01015,,,HARDCAS,509597,BSE,BSE/Yahoo Finance,509597.BO,,,,
INE722N01014,,,JATTAINDUS,514318,BSE,BSE/Yahoo Finance,514318.BO,,,,
INE723C01015,,,ABHIFIN,538935,BSE,BSE/Yahoo Finance,538935.BO,,,,
INE723D01021,,,RUDRAECO,514010,BSE,BSE/Yahoo Finance,514010.BO,,,,
INE723K01018,,,ASHUTPM,531568,BSE,BSE/Yahoo Finance,531568.BO,,,,
INE723N01012,,,PRIMAIN,531246,BSE,BSE/Yahoo Finance,531246.BO,,,,
INE724D01011,,,HINDHARD,505893,BSE,BSE/Yahoo Finance,505893.BO,,,,
INE724G01014,,,SALAUTO,539353,BSE,BSE/Yahoo Finance,539353.BO,,,,
INE725P01012,,,WAAREE,539337,BSE,BSE/Yahoo Finance,539337.BO,,,,
INE726D01016,,,JINDHOT,507981,BSE,BSE/Yahoo Finance,507981.BO,,,,
INE726E01014,,,UPHOT,509960,BSE,BSE/Yahoo Finance,509960.BO,,,,
INE726X01014,,,SPACAPS,542376,BSE,BSE/Yahoo Finance,542376.BO,,,,
INE727C01024,,,AMPL,539598,BSE,BSE/Yahoo Finance,539598.BO,,,,
INE727E01012,,,UNITEDTE,521188,BSE,BSE/Yahoo Finance,521188.BO,,,,
INE728B01032,,,SMFIL,513418,BSE,BSE/Yahoo Finance,513418.BO,,,,
INE728J01019,,,UNIWSEC,512408,BSE,BSE/Yahoo Finance,512408.BO,,,,
INE728Q01014,,,SHIVA,539593,BSE,BSE/Yahoo Finance,539593.BO,,,,
INE729C01020,,,PURSHOTTAM,538647,BSE,BSE/Yahoo Finance,538647.BO,,,,
INE730E01016,,,PRISMMEDI,512217,BSE,BSE/Yahoo Finance,512217.BO,,,,
INE730R01042,,,SNIM,539911,BSE,BSE/Yahoo Finance,539911.BO,,,,
INE731B01010,,,HOTLSILV,532145,BSE,BSE/Yahoo Finance,532145.BO,,,,
INE731D01024,,,KPT,505299,BSE,BSE/Yahoo Finance,505299.BO,,,,
INE731G01027,,,KHOOBSURAT,535730,BSE,BSE/Yahoo Finance,535730.BO,,,,
INE732D01014,,,LYNMC,505320,BSE,BSE/Yahoo Finance,505320.BO,,,,
INE732K01027,,,PROFINC,511557,BSE,BSE/Yahoo Finance,511557.BO,,,,
INE733N01011,,,MANGLAM,503626,BSE,BSE/Yahoo Finance,503626.BO,,,,
INE734D01010,,,LAKESHORE,519612,BSE,BSE/Yahoo Finance,519612.BO,,,,
INE735C01027,,,AMRAAGRI,531991,BSE,BSE/Yahoo Finance,531991.BO,,,,
INE735D01041,,,MAHANIN,531515,BSE,BSE/Yahoo Finance,531515.BO,,,,
INE735U01011,,,ZKOVALIN,505585,BSE,BSE/Yahoo Finance,505585.BO,,,,
INE736H01024,,,GSAUTO,513059,BSE,BSE/Yahoo Finance,513059.BO,,,,
INE736P01019,,,NORTHLINK,539110,BSE,BSE/Yahoo Finance,539110.BO,,,,
INE737C01023,,,VIVIDIND,524576,BSE,BSE/Yahoo Finance,524576.BO,,,,
INE737E01011,,,KSSMART,516038,BSE,BSE/Yahoo Finance,516038.BO,,,,
INE737G01016,,,HARAFIN,530927,BSE,BSE/Yahoo Finance,530927.BO,,,,
INE738D01029,,,MRUTR,512065,BSE,BSE/Yahoo Finance,512065.BO,,,,
INE738P01015,,,HELPAGE,539174,BSE,BSE/Yahoo Finance,539174.BO,,,,
INE739B01039,,,4THGEN,532403,BSE,BSE/Yahoo Finance,532403.BO,,,,
INE741A01011,,,MYSORPETRO,506734,BSE,BSE/Yahoo Finance,506734.BO,,,,
INE741B01027,,,GLITTEKG,513528,BSE,BSE/Yahoo Finance,513528.BO,,,,
INE741C01017,,,CRESANTO,531207,BSE,BSE/Yahoo Finance,531207.BO,,,,
INE741D01015,,,NEELKAN,531049,BSE,BSE/Yahoo Finance,531049.BO,,,,
INE743D01011,,,PADMAIND,526905,BSE,BSE/Yahoo Finance,526905.BO,,,,
INE744C01029,,,NORRIS,524414,BSE,BSE/Yahoo Finance,524414.BO,,,,
INE744D01019,,,PANJON,526345,BSE,BSE/Yahoo Finance,526345.BO,,,,
INE745A01012,,,LEXGLOBAL,512345,BSE,BSE/Yahoo Finance,512345.BO,,,,
INE745F01011,,,JMGCORP,523712,BSE,BSE/Yahoo Finance,523712.BO,,,,
INE745P01010,,,AMARSEC,538465,BSE,BSE/Yahoo Finance,538465.BO,,,,
INE745R01024,,,REGIS,543208,BSE,BSE/Yahoo Finance,543208.BO,,,,
INE746V01016,,,DRA,540144,BSE,BSE/Yahoo Finance,540144.BO,,,,
INE747D01012,,,PITHP,530683,BSE,BSE/Yahoo Finance,530683.BO,,,,
INE747V01014,,,TVOLCON,511096,BSE,BSE/Yahoo Finance,511096.BO,,,,
INE748D01010,,,PRIMECAPM,535514,BSE,BSE/Yahoo Finance,535514.BO,,,,
INE749Y01014,,,PARAMPARA,200184,BSE,BSE/Yahoo Finance,200184.BO,,,,
INE750B01010,,,PARKERAC,524628,BSE,BSE/Yahoo Finance,524628.BO,,,,
INE750G01019,,,EY,512099,BSE,BSE/Yahoo Finance,512099.BO,,,,
INE751D01014,,,SANDUPHQ,524703,BSE,BSE/Yahoo Finance,524703.BO,,,,
INE751R01014,,,RAJPUTANA,539090,BSE,BSE/Yahoo Finance,539090.BO,,,,
INE752B01024,,,POLYCHEM,506605,BSE,BSE/Yahoo Finance,506605.BO,,,,
INE753B01014,,,RAGHUNAT,526813,BSE,BSE/Yahoo Finance,526813.BO,,,,
INE753D01010,,,SHRICON,508961,BSE,BSE/Yahoo Finance,508961.BO,,,,
INE754B01012,,,RAGHUTOB,531552,BSE,BSE/Yahoo Finance,531552.BO,,,,
INE754C01010,,,CRESCENTIS,511571,BSE,BSE/Yahoo Finance,511571.BO,,,,
INE754D01018,,,SOBME,512014,BSE,BSE/Yahoo Finance,512014.BO,,,,
INE755D01015,,,STOVACQ,504959,BSE,BSE/Yahoo Finance,504959.BO,,,,
INE755J01012,,,GALLOPENT,531902,BSE,BSE/Yahoo Finance,531902.BO,,,,
INE755Q01025,,,VISHAL,538598,BSE,BSE/Yahoo Finance,538598.BO,,,,
INE756A01019,,,VXLINSTR,517399,BSE,BSE/Yahoo Finance,517399.BO,,,,
INE756R01013,,,MEGRISOFT,539012,BSE,BSE/Yahoo Finance,539012.BO,,,,
INE757C01021,,,ADDIND,507852,BSE,BSE/Yahoo Finance,507852.BO,,,,
INE757D01011,,,TEEAI,524204,BSE,BSE/Yahoo Finance,524204.BO,,,,
INE758A01072,,,AVANCE,512149,BSE,BSE/Yahoo Finance,512149.BO,,,,
INE758B01013,,,VKGLOBAL,530177,BSE,BSE/Yahoo Finance,530177.BO,,,,
INE758D01027,,,DHENUBUILD,501945,BSE,BSE/Yahoo Finance,501945.BO,,,,
INE758W01019,,,ACFL,541133,BSE,BSE/Yahoo Finance,541133.BO,,,,
INE759C01027,,,AJCON,511692,BSE,BSE/Yahoo Finance,511692.BO,,,,
INE759D01017,,,BYLD,511730,BSE,BSE/Yahoo Finance,511730.BO,,,,
INE759F01012,,,AUSTENG,522005,BSE,BSE/Yahoo Finance,522005.BO,,,,
INE759I01024,,,PERFEPA,526435,BSE,BSE/Yahoo Finance,526435.BO,,,,
INE760B01019,,,VALIANT,526775,BSE,BSE/Yahoo Finance,526775.BO,,,,
INE760J01012,,,CEETAIN,514171,BSE,BSE/Yahoo Finance,514171.BO,,,,
INE760M01016,,,ASHOKRE,526983,BSE,BSE/Yahoo Finance,526983.BO,,,,
INE761D01021,,,WARDWIZFBL,539132,BSE,BSE/Yahoo Finance,539132.BO,,,,
INE761Q01015,,,VGCL,538732,BSE,BSE/Yahoo Finance,538732.BO,,,,
INE761R01013,,,TFSL,539468,BSE,BSE/Yahoo Finance,539468.BO,,,,
INE762C01021,,,AMRAPLIN,526241,BSE,BSE/Yahoo Finance,526241.BO,,,,
INE762D01011,,,VISVEN,512064,BSE,BSE/Yahoo Finance,512064.BO,,,,
INE763B01013,,,RAMAVISION,523289,BSE,BSE/Yahoo Finance,523289.BO,,,,
INE763D01019,,,VOLLF,509038,BSE,BSE/Yahoo Finance,509038.BO,,,,
INE763K01014,,,SVAINDIA,531885,BSE,BSE/Yahoo Finance,531885.BO,,,,
INE764B01029,,,SUMERUIND,530445,BSE,BSE/Yahoo Finance,530445.BO,,,,
INE765B01018,,,SKYIND,526479,BSE,BSE/Yahoo Finance,526479.BO,,,,
INE765L01017,,,BETXIND,512477,BSE,BSE/Yahoo Finance,512477.BO,,,,
INE766A01026,,,AURIQUE,517230,BSE,BSE/Yahoo Finance,517230.BO,,,,
INE766D01020,,,SMARTFIN,539494,BSE,BSE/Yahoo Finance,539494.BO,,,,
INE767B01022,,,VIKASPROP,531518,BSE,BSE/Yahoo Finance,531518.BO,,,,
INE767C01012,,,AXTEL,523850,BSE,BSE/Yahoo Finance,523850.BO,,,,
INE767M01029,,,ASGARD,512025,BSE,BSE/Yahoo Finance,512025.BO,,,,
INE768E01024,,,AICHAMP,532806,BSE,BSE/Yahoo Finance,532806.BO,,,,
INE769B01028,,,CLENON,517564,BSE,BSE/Yahoo Finance,517564.BO,,,,
INE769D01016,,,REGENTRP,512624,BSE,BSE/Yahoo Finance,512624.BO,,,,
INE771C01014,,,EASUN,542906,BSE,BSE/Yahoo Finance,542906.BO,,,,
INE771E01010,,,ASSOCER,531168,BSE,BSE/Yahoo Finance,531168.BO,,,,
INE771Z01015,,,SAGARSYST,511254,BSE,BSE/Yahoo Finance,511254.BO,,,,
INE772B01014,,,HARIAEXPO,512604,BSE,BSE/Yahoo Finance,512604.BO,,,,
INE773D01018,,,TRABI,526139,BSE,BSE/Yahoo Finance,526139.BO,,,,
INE773T01014,,,RELICAB,539760,BSE,BSE/Yahoo Finance,539760.BO,,,,
INE773Y01014,,,TDSL,540955,BSE,BSE/Yahoo Finance,540955.BO,,,,
INE775R01013,,,ROLCOEN,505807,BSE,BSE/Yahoo Finance,505807.BO,,,,
INE776O01018,,,GITARENEW,539013,BSE,BSE/Yahoo Finance,539013.BO,,,,
INE776R01011,,,FRONTFN,531685,BSE,BSE/Yahoo Finance,531685.BO,,,,
INE776V01013,,,ZMANSOON,512303,BSE,BSE/Yahoo Finance,512303.BO,,,,
INE777A01023,,,NATHIND,502587,BSE,BSE/Yahoo Finance,502587.BO,,,,
INE777C01011,,,GSBFIN,511543,BSE,BSE/Yahoo Finance,511543.BO,,,,
INE777G01012,,,SRAMSET,531359,BSE,BSE/Yahoo Finance,531359.BO,,,,
INE777O01016,,,CHENFERRO,539011,BSE,BSE/Yahoo Finance,539011.BO,,,,
INE777X01017,,,AAYUSHBULL,540718,BSE,BSE/Yahoo Finance,540718.BO,,,,
INE778E01031,,,CCLINTER,531900,BSE,BSE/Yahoo Finance,531900.BO,,,,
INE778I01024,,,TELOGICA,532975,BSE,BSE/Yahoo Finance,532975.BO,,,,
INE778N01016,,,TRILIANCE,509046,BSE,BSE/Yahoo Finance,509046.BO,,,,
INE779Q01017,,,MIHIKA,538895,BSE,BSE/Yahoo Finance,538895.BO,,,,
INE780Q01015,,,JAINMARMO,539119,BSE,BSE/Yahoo Finance,539119.BO,,,,
INE782D01027,,,ALFREDHE,505216,BSE,BSE/Yahoo Finance,505216.BO,,,,
INE783A01013,,,RAMAPETRO,500358,BSE,BSE/Yahoo Finance,500358.BO,,,,
INE783E01023,,,HIGHENE,504176,BSE,BSE/Yahoo Finance,504176.BO,,,,
INE784M01016,,,ASIAPAK,530899,BSE,BSE/Yahoo Finance,530899.BO,,,,
INE785D01012,,,ELIXIR,531278,BSE,BSE/Yahoo Finance,531278.BO,,,,
INE785O01019,,,SIROHIA,538667,BSE,BSE/Yahoo Finance,538667.BO,,,,
INE786E01018,,,IITLPROJ,531968,BSE,BSE/Yahoo Finance,531968.BO,,,,
INE786J01033,,,RRETAIL,530525,BSE,BSE/Yahoo Finance,530525.BO,,,,
INE786K01023,,,WAGEND,503675,BSE,BSE/Yahoo Finance,503675.BO,,,,
INE788D01016,,,BCCFUBA,517246,BSE,BSE/Yahoo Finance,517246.BO,,,,
INE788M01017,,,COCHMAL,508571,BSE,BSE/Yahoo Finance,508571.BO,,,,
INE789B01018,,,DAIKAFFI,530825,BSE,BSE/Yahoo Finance,530825.BO,,,,
INE789D01014,,,SASHWAT,506313,BSE,BSE/Yahoo Finance,506313.BO,,,,
INE789R01022,,,FRANKLININD,540190,BSE,BSE/Yahoo Finance,540190.BO,,,,
INE790C01014,,,PATSPINLTD,514326,BSE,BSE/Yahoo Finance,514326.BO,,,,
INE790D01020,,,CHLLTD,532992,BSE,BSE/Yahoo Finance,532992.BO,,,,
INE790Z23019,,,INTERISE,541300,BSE,BSE/Yahoo Finance,541300.BO,,,,
INE791B01014,,,LEENEE,517415,BSE,BSE/Yahoo Finance,517415.BO,,,,
INE791C01012,,,PAOS,530291,BSE,BSE/Yahoo Finance,530291.BO,,,,
INE791E01018,,,KANSHST,513456,BSE,BSE/Yahoo Finance,513456.BO,,,,
INE791H01011,,,IRONWOOD,508918,BSE,BSE/Yahoo Finance,508918.BO,,,,
INE792G01011,,,NAM,538395,BSE,BSE/Yahoo Finance,538395.BO,,,,
INE792J01015,,,GORANIN,531608,BSE,BSE/Yahoo Finance,531608.BO,,,,
INE792P01020,,,RCL,539673,BSE,BSE/Yahoo Finance,539673.BO,,,,
INE792X01016,,,TRANSWIND,202490,BSE,BSE/Yahoo Finance,202490.BO,,,,
INE793G01035,,,PMCFIN,534060,BSE,BSE/Yahoo Finance,534060.BO,,,,
INE793H01017,,,NAGTECH,531832,BSE,BSE/Yahoo Finance,531832.BO,,,,
INE793Z01027,,,JONJUA,542446,BSE,BSE/Yahoo Finance,542446.BO,,,,
INE794C01016,,,SHAKTIPR,526841,BSE,BSE/Yahoo Finance,526841.BO,,,,
INE795A01017,,,PANAENERG,504093,BSE,BSE/Yahoo Finance,504093.BO,,,,
INE795B01031,,,CITURGIA,506373,BSE,BSE/Yahoo Finance,506373.BO,,,,
INE795D01011,,,PURETROP,530077,BSE,BSE/Yahoo Finance,530077.BO,,,,
INE795E01019,,,KUMPFIN,526869,BSE,BSE/Yahoo Finance,526869.BO,,,,
INE796B01013,,,DOLPHMED,526504,BSE,BSE/Yahoo Finance,526504.BO,,,,
INE796C01011,,,SHRAJSYNQ,503837,BSE,BSE/Yahoo Finance,503837.BO,,,,
INE796W01019,,,YUG,540550,BSE,BSE/Yahoo Finance,540550.BO,,,,
INE797C01019,,,SIDDHEGA,526877,BSE,BSE/Yahoo Finance,526877.BO,,,,
INE797D01017,,,GARNET,526727,BSE,BSE/Yahoo Finance,526727.BO,,,,
INE797Z01028,,,SPACEINCUBA,541890,BSE,BSE/Yahoo Finance,541890.BO,,,,
INE798C01017,,,SILVERO,512197,BSE,BSE/Yahoo Finance,512197.BO,,,,
INE798D01015,,,GOLKUNDIA,523676,BSE,BSE/Yahoo Finance,523676.BO,,,,
INE798E01013,,,MNPLFIN,507938,BSE,BSE/Yahoo Finance,507938.BO,,,,
INE798F01010,,,PANCHMAHQ,513511,BSE,BSE/Yahoo Finance,513511.BO,,,,
INE799B01025,,,HIIL,539984,BSE,BSE/Yahoo Finance,539984.BO,,,,
INE799C01049,,,SANINFRA,532435,BSE,BSE/Yahoo Finance,532435.BO,,,,
INE799E01011,,,MAYUR,531680,BSE,BSE/Yahoo Finance,531680.BO,,,,
INE799N01012,,,WAA,541445,BSE,BSE/Yahoo Finance,541445.BO,,,,
INE800K01014,,,NEWMKTAVE,508867,BSE,BSE/Yahoo Finance,508867.BO,,,,
INE800W01019,,,MANAS,540402,BSE,BSE/Yahoo Finance,540402.BO,,,,
INE802A01037,,,BAMPSL,531591,BSE,BSE/Yahoo Finance,531591.BO,,,,
INE802D01023,,,INDAG,509162,BSE,BSE/Yahoo Finance,509162.BO,,,,
INE803L01016,,,GALAGEX,531911,BSE,BSE/Yahoo Finance,531911.BO,,,,
INE804A01025,,,SWASTIVI,510245,BSE,BSE/Yahoo Finance,510245.BO,,,,
INE804B01023,,,MEGACOR,531417,BSE,BSE/Yahoo Finance,531417.BO,,,,
INE804Q01013,,,GLCL,540266,BSE,BSE/Yahoo Finance,540266.BO,,,,
INE805Q01028,,,ADCON,539506,BSE,BSE/Yahoo Finance,539506.BO,,,,
INE805R01018,,,ATMAIND,539246,BSE,BSE/Yahoo Finance,539246.BO,,,,
INE806D01016,,,ISHITADR,524400,BSE,BSE/Yahoo Finance,524400.BO,,,,
INE807A01010,,,CHALLANI,530747,BSE,BSE/Yahoo Finance,530747.BO,,,,
INE807D01030,,,EPUJA,532092,BSE,BSE/Yahoo Finance,532092.BO,,,,
INE807H01023,,,MARBLE,531281,BSE,BSE/Yahoo Finance,531281.BO,,,,
INE807M01031,,,TITANIN,521005,BSE,BSE/Yahoo Finance,521005.BO,,,,
INE807O01011,,,SDC,535647,BSE,BSE/Yahoo Finance,535647.BO,,,,
INE808A01018,,,VALSONQ,530459,BSE,BSE/Yahoo Finance,530459.BO,,,,
INE808R01012,,,PARMSILK,540467,BSE,BSE/Yahoo Finance,540467.BO,,,,
INE808W01012,,,MLINDLTD,512153,BSE,BSE/Yahoo Finance,512153.BO,,,,
INE809B01014,,,POLYCHMP,526043,BSE,BSE/Yahoo Finance,526043.BO,,,,
INE809E01018,,,POONADAL,519359,BSE,BSE/Yahoo Finance,519359.BO,,,,
INE809F01015,,,MICROSE,523343,BSE,BSE/Yahoo Finance,523343.BO,,,,
INE809Q01020,,,GHVINFRA,505504,BSE,BSE/Yahoo Finance,505504.BO,,,,
INE810C01044,,,VENTURA,516098,BSE,BSE/Yahoo Finance,516098.BO,,,,
INE810M01019,,,ASINPET,524434,BSE,BSE/Yahoo Finance,524434.BO,,,,
INE811B01010,,,TIGLOB,522294,BSE,BSE/Yahoo Finance,522294.BO,,,,
INE811D01024,,,MONOT,505343,BSE,BSE/Yahoo Finance,505343.BO,,,,
INE811H01017,,,RIBATEX,531952,BSE,BSE/Yahoo Finance,531952.BO,,,,
INE811Q01018,,,OSWALEA,509099,BSE,BSE/Yahoo Finance,509099.BO,,,,
INE812B01026,,,ZENITHHE,530665,BSE,BSE/Yahoo Finance,530665.BO,,,,
INE812K01027,,,NYSSACORP,504378,BSE,BSE/Yahoo Finance,504378.BO,,,,
INE812Q01016,,,TIRUPATIIN,539040,BSE,BSE/Yahoo Finance,539040.BO,,,,
INE812S01012,,,OVOBELE,530741,BSE,BSE/Yahoo Finance,530741.BO,,,,
INE813B01016,,,PHOTOQUP,526588,BSE,BSE/Yahoo Finance,526588.BO,,,,
INE813G01023,,,KAYCEEI,504084,BSE,BSE/Yahoo Finance,504084.BO,,,,
INE814D01010,,,OMNITEX,514324,BSE,BSE/Yahoo Finance,514324.BO,,,,
INE814L01013,,,OCTAVE,521062,BSE,BSE/Yahoo Finance,521062.BO,,,,
INE817B01025,,,KERALAYUR,530163,BSE,BSE/Yahoo Finance,530163.BO,,,,
INE818D01011,,,PROMACT,526494,BSE,BSE/Yahoo Finance,526494.BO,,,,
INE818R01011,,,IISL,540134,BSE,BSE/Yahoo Finance,540134.BO,,,,
INE819C01011,,,BIHSPONG,500058,BSE,BSE/Yahoo Finance,500058.BO,,,,
INE819G01012,,,TRADEWELL,531203,BSE,BSE/Yahoo Finance,531203.BO,,,,
INE819K01014,,,AASTAFIN,511764,BSE,BSE/Yahoo Finance,511764.BO,,,,
INE819S01025,,,ZEAL,539963,BSE,BSE/Yahoo Finance,539963.BO,,,,
INE819Y01015,,,RITHWIKFMS,540843,BSE,BSE/Yahoo Finance,540843.BO,,,,
INE820M01018,,,VOLKAI,506122,BSE,BSE/Yahoo Finance,506122.BO,,,,
INE820R01017,,,SSPNFIN,539026,BSE,BSE/Yahoo Finance,539026.BO,,,,
INE821D01031,,,RANDER,531228,BSE,BSE/Yahoo Finance,531228.BO,,,,
INE821R01015,,,ZPRBHSTE,506042,BSE,BSE/Yahoo Finance,506042.BO,,,,
INE821Y01011,,,RATNABHUMI,540796,BSE,BSE/Yahoo Finance,540796.BO,,,,
INE822B01017,,,ASIANTNE,519532,BSE,BSE/Yahoo Finance,519532.BO,,,,
INE822D01021,,,RASIELEC,531233,BSE,BSE/Yahoo Finance,531233.BO,,,,
INE822Q01015,,,SARVOTTAM,539124,BSE,BSE/Yahoo Finance,539124.BO,,,,
INE823B01015,,,COMPEAU,531041,BSE,BSE/Yahoo Finance,531041.BO,,,,
INE823D01011,,,YASHINNO,523650,BSE,BSE/Yahoo Finance,523650.BO,,,,
INE825B01010,,,JAFINANCE,543860,BSE,BSE/Yahoo Finance,543860.BO,,,,
INE825C01018,,,NGIND,530897,BSE,BSE/Yahoo Finance,530897.BO,,,,
INE825D01016,,,SHAHISHIP,526508,BSE,BSE/Yahoo Finance,526508.BO,,,,
INE825M01017,,,ANTARIKSH,501270,BSE,BSE/Yahoo Finance,501270.BO,,,,
INE826B01026,,,INDTONER,523586,BSE,BSE/Yahoo Finance,523586.BO,,,,
INE826P01018,,,POLYMAC,537573,BSE,BSE/Yahoo Finance,537573.BO,,,,
INE827D01020,,,SRICC,518053,BSE,BSE/Yahoo Finance,518053.BO,,,,
INE828G01013,,,FACORALL,532656,BSE,BSE/Yahoo Finance,532656.BO,,,,
INE828I01019,,,MEDIAONE,503685,BSE,BSE/Yahoo Finance,503685.BO,,,,
INE829P01020,,,AEL,539196,BSE,BSE/Yahoo Finance,539196.BO,,,,
INE829R01018,,,CHEMIESYNT,539230,BSE,BSE/Yahoo Finance,539230.BO,,,,
INE829S01016,,,MSL,539275,BSE,BSE/Yahoo Finance,539275.BO,,,,
INE830A01012,,,CILSEC,530829,BSE,BSE/Yahoo Finance,530829.BO,,,,
INE830S01014,,,DARJEELING,539770,BSE,BSE/Yahoo Finance,539770.BO,,,,
INE831C01016,,,ASHISHPO,530429,BSE,BSE/Yahoo Finance,530429.BO,,,,
INE832C01014,,,GOGIACAPGL,531600,BSE,BSE/Yahoo Finance,531600.BO,,,,
INE832D01020,,,HINDMILL,509895,BSE,BSE/Yahoo Finance,509895.BO,,,,
INE832E01010,,,UFMINDL,531610,BSE,BSE/Yahoo Finance,531610.BO,,,,
INE833A01016,,,ADCINDIA,523411,BSE,BSE/Yahoo Finance,523411.BO,,,,
INE833Q01012,,,MITTALSTL,544575,BSE,BSE/Yahoo Finance,544575.BO,,,,
INE834B01012,,,PCS,517119,BSE,BSE/Yahoo Finance,517119.BO,,,,
INE834C01028,,,MODMA,517336,BSE,BSE/Yahoo Finance,517336.BO,,,,
INE834D01018,,,VIPULORG,530627,BSE,BSE/Yahoo Finance,530627.BO,,,,
INE834E01016,,,VALLEY,539543,BSE,BSE/Yahoo Finance,539543.BO,,,,
INE835U01027,,,NEWLIGHT,540243,BSE,BSE/Yahoo Finance,540243.BO,,,,
INE836C01015,,,FRUTION,538568,BSE,BSE/Yahoo Finance,538568.BO,,,,
INE836D01013,,,RGCORP,539691,BSE,BSE/Yahoo Finance,539691.BO,,,,
INE837B01031,,,WINSOMTX,514470,BSE,BSE/Yahoo Finance,514470.BO,,,,
INE837C01013,,,QGO,538646,BSE,BSE/Yahoo Finance,538646.BO,,,,
INE837E01019,,,WINROC,512022,BSE,BSE/Yahoo Finance,512022.BO,,,,
INE837X01027,,,ZGAEKWAR,502850,BSE,BSE/Yahoo Finance,502850.BO,,,,
INE838C01011,,,SSPDL,530821,BSE,BSE/Yahoo Finance,530821.BO,,,,
INE838Z01012,,,PALMJEWELS,541444,BSE,BSE/Yahoo Finance,541444.BO,,,,
INE839A01021,,,BITS,526709,BSE,BSE/Yahoo Finance,526709.BO,,,,
INE839E01023,,,ODYCORP,531996,BSE,BSE/Yahoo Finance,531996.BO,,,,
INE840D01015,,,ALPINEHOU,526519,BSE,BSE/Yahoo Finance,526519.BO,,,,
INE840I01014,,,RTFL,538611,BSE,BSE/Yahoo Finance,538611.BO,,,,
INE841D01013,,,AMAL,506597,BSE,BSE/Yahoo Finance,506597.BO,,,,
INE841Y01019,,,JFL,540850,BSE,BSE/Yahoo Finance,540850.BO,,,,
INE842B01015,,,FORTISMLR,523696,BSE,BSE/Yahoo Finance,523696.BO,,,,
INE842D01029,,,BHARATAGRI,531862,BSE,BSE/Yahoo Finance,531862.BO,,,,
INE843F01014,,,TRICOMFRU,531716,BSE,BSE/Yahoo Finance,531716.BO,,,,
INE843L01012,,,SIEL,519234,BSE,BSE/Yahoo Finance,519234.BO,,,,
INE844C01027,,,MPILCORPL,500450,BSE,BSE/Yahoo Finance,500450.BO,,,,
INE844D01017,,,MITSHI,523782,BSE,BSE/Yahoo Finance,523782.BO,,,,
INE845A01028,,,KIDUJA,507946,BSE,BSE/Yahoo Finance,507946.BO,,,,
INE845B01018,,,LIPPISYS,526604,BSE,BSE/Yahoo Finance,526604.BO,,,,
INE847D01010,,,SHREEPAC,527005,BSE,BSE/Yahoo Finance,527005.BO,,,,
INE848B01012,,,SPECTRA,513687,BSE,BSE/Yahoo Finance,513687.BO,,,,
INE848D01018,,,VBDESAI,511110,BSE,BSE/Yahoo Finance,511110.BO,,,,
INE848M01019,,,MAPROIN,509762,BSE,BSE/Yahoo Finance,509762.BO,,,,
INE848N01017,,,DFL,539190,BSE,BSE/Yahoo Finance,539190.BO,,,,
INE848R01018,,,SML,539378,BSE,BSE/Yahoo Finance,539378.BO,,,,
INE849B01010,,,ACESOFT,531525,BSE,BSE/Yahoo Finance,531525.BO,,,,
INE849M01017,,,TARINI,538496,BSE,BSE/Yahoo Finance,538496.BO,,,,
INE850R01014,,,CMBL,540199,BSE,BSE/Yahoo Finance,540199.BO,,,,
INE855A01019,,,WHBRADY,501391,BSE,BSE/Yahoo Finance,501391.BO,,,,
INE856A01017,,,BRADYM,505690,BSE,BSE/Yahoo Finance,505690.BO,,,,
INE856B01023,,,7TEC,532404,BSE,BSE/Yahoo Finance,532404.BO,,,,
INE856D01011,,,MSLGLOBAL,511000,BSE,BSE/Yahoo Finance,511000.BO,,,,
INE856E01019,,,BANSTEA,519353,BSE,BSE/Yahoo Finance,519353.BO,,,,
INE857P01021,,,SBL,538520,BSE,BSE/Yahoo Finance,538520.BO,,,,
INE858C01027,,,UNITDCR,531091,BSE,BSE/Yahoo Finance,531091.BO,,,,
INE858D01017,,,RASSIREF,502271,BSE,BSE/Yahoo Finance,502271.BO,,,,
INE858L01010,,,CONCORD,538965,BSE,BSE/Yahoo Finance,538965.BO,,,,
INE858Q01019,,,MIL,539938,BSE,BSE/Yahoo Finance,539938.BO,,,,
INE860D01013,,,SANJIVIN,531569,BSE,BSE/Yahoo Finance,531569.BO,,,,
INE860E01011,,,OONE,535657,BSE,BSE/Yahoo Finance,535657.BO,,,,
INE860N01012,,,MPCOSEMB,505797,BSE,BSE/Yahoo Finance,505797.BO,,,,
INE860Y01019,,,LEX,541196,BSE,BSE/Yahoo Finance,541196.BO,,,,
INE861E01019,,,SHYAMACOMP,531219,BSE,BSE/Yahoo Finance,531219.BO,,,,
INE861H01020,,,NITINCAST,508875,BSE,BSE/Yahoo Finance,508875.BO,,,,
INE861N01036,,,GENPHARMA,531592,BSE,BSE/Yahoo Finance,531592.BO,,,,
INE862B01013,,,INDIANACRY,514165,BSE,BSE/Yahoo Finance,514165.BO,,,,
INE862C01029,,,MUKATPIP,523832,BSE,BSE/Yahoo Finance,523832.BO,,,,
INE863C01019,,,HITTCO,531661,BSE,BSE/Yahoo Finance,531661.BO,,,,
INE863D01017,,,RANJITSE,531572,BSE,BSE/Yahoo Finance,531572.BO,,,,
INE863E01015,,,AJWAFUN,526628,BSE,BSE/Yahoo Finance,526628.BO,,,,
INE864D01015,,,RISHDIGA,531539,BSE,BSE/Yahoo Finance,531539.BO,,,,
INE864E01021,,,AAIL,530621,BSE,BSE/Yahoo Finance,530621.BO,,,,
INE865B01016,,,CHOKSI,530427,BSE,BSE/Yahoo Finance,530427.BO,,,,
INE865D01012,,,JHACC,531550,BSE,BSE/Yahoo Finance,531550.BO,,,,
INE865P01016,,,RAFL,538921,BSE,BSE/Yahoo Finance,538921.BO,,,,
INE866A01016,,,ECOBOAR,523732,BSE,BSE/Yahoo Finance,523732.BO,,,,
INE866D01010,,,MARIS,531503,BSE,BSE/Yahoo Finance,531503.BO,,,,
INE867C01010,,,ASMTEC,526433,BSE,BSE/Yahoo Finance,526433.BO,,,,
INE867D01018,,,INDSILHYD,522165,BSE,BSE/Yahoo Finance,522165.BO,,,,
INE868C01018,,,AHMDSTE,522273,BSE,BSE/Yahoo Finance,522273.BO,,,,
INE868G01019,,,GAJANANSEC,538609,BSE,BSE/Yahoo Finance,538609.BO,,,,
INE868X01014,,,YSL,540980,BSE,BSE/Yahoo Finance,540980.BO,,,,
INE869A01010,,,SHAWGELTIN,526739,BSE,BSE/Yahoo Finance,526739.BO,,,,
INE870B01024,,,OKPLA,526415,BSE,BSE/Yahoo Finance,526415.BO,,,,
INE870J01019,,,SILVOAK,531635,BSE,BSE/Yahoo Finance,531635.BO,,,,
INE870V01014,,,KMSMEDI,540468,BSE,BSE/Yahoo Finance,540468.BO,,,,
INE870Z01015,,,INNOVATORS,541353,BSE,BSE/Yahoo Finance,541353.BO,,,,
INE871Z01013,,,DLCL,541299,BSE,BSE/Yahoo Finance,541299.BO,,,,
INE872E01016,,,DLTNCBL,504240,BSE,BSE/Yahoo Finance,504240.BO,,,,
INE873N01015,,,KMGMILK,519415,BSE,BSE/Yahoo Finance,519415.BO,,,,
INE874A01010,,,MKVENTURES,514238,BSE,BSE/Yahoo Finance,514238.BO,,,,
INE874E01012,,,DAL,539681,BSE,BSE/Yahoo Finance,539681.BO,,,,
INE875N01036,,,BANDARAM,524602,BSE,BSE/Yahoo Finance,524602.BO,,,,
INE875S01019,,,ADVMULT,526331,BSE,BSE/Yahoo Finance,526331.BO,,,,
INE876A01023,,,OASISEC,512489,BSE,BSE/Yahoo Finance,512489.BO,,,,
INE876E01033,,,NIHARINF,531083,BSE,BSE/Yahoo Finance,531083.BO,,,,
INE876S01017,,,LOYAL,539227,BSE,BSE/Yahoo Finance,539227.BO,,,,
INE877E01015,,,GUJINTRX,517372,BSE,BSE/Yahoo Finance,517372.BO,,,,
INE878P01019,,,VISTARAMAR,538565,BSE,BSE/Yahoo Finance,538565.BO,,,,
INE879K01018,,,KMCSHIL,524520,BSE,BSE/Yahoo Finance,524520.BO,,,,
INE880B01015,,,ANSALHSG,507828,BSE,BSE/Yahoo Finance,507828.BO,,,,
INE880P01015,,,OSEASPR,509782,BSE,BSE/Yahoo Finance,509782.BO,,,,
INE881A01015,,,KOBO,531541,BSE,BSE/Yahoo Finance,531541.BO,,,,
INE881B01054,,,SUPERTEX,526133,BSE,BSE/Yahoo Finance,526133.BO,,,,
INE881E01017,,,KELENRG,506528,BSE,BSE/Yahoo Finance,506528.BO,,,,
INE881P01013,,,TECHCON,509917,BSE,BSE/Yahoo Finance,509917.BO,,,,
INE882B01037,,,NWIL,531889,BSE,BSE/Yahoo Finance,531889.BO,,,,
INE882C01035,,,VEERHEALTH,511523,BSE,BSE/Yahoo Finance,511523.BO,,,,
INE882D01017,,,SPICEISLIN,526827,BSE,BSE/Yahoo Finance,526827.BO,,,,
INE883B01027,,,ALFAVIO,531156,BSE,BSE/Yahoo Finance,531156.BO,,,,
INE883C01025,,,PACIFICI,523483,BSE,BSE/Yahoo Finance,523483.BO,,,,
INE883D01023,,,KBSINDIA,530357,BSE,BSE/Yahoo Finance,530357.BO,,,,
INE883L01018,,,PYXISFIN,534109,BSE,BSE/Yahoo Finance,534109.BO,,,,
INE884X01011,,,TRINITYLEA,531846,BSE,BSE/Yahoo Finance,531846.BO,,,,
INE885B01014,,,ARTEFACT,531297,BSE,BSE/Yahoo Finance,531297.BO,,,,
INE886B01012,,,SUMEDHA,530419,BSE,BSE/Yahoo Finance,530419.BO,,,,
INE886E01016,,,MULTIIN,505594,BSE,BSE/Yahoo Finance,505594.BO,,,,
INE888N01013,,,STDSHOE,523351,BSE,BSE/Yahoo Finance,523351.BO,,,,
INE889F01017,,,CMMHOSP,523489,BSE,BSE/Yahoo Finance,523489.BO,,,,
INE890B01014,,,UPSURGE,531390,BSE,BSE/Yahoo Finance,531390.BO,,,,
INE890G01047,,,UVDRHOR,522091,BSE,BSE/Yahoo Finance,522091.BO,,,,
INE890N01027,,,JULIEN,536073,BSE,BSE/Yahoo Finance,536073.BO,,,,
INE890S01026,,,GAMCO,540097,BSE,BSE/Yahoo Finance,540097.BO,,,,
INE891G01011,,,LIMECHM,507759,BSE,BSE/Yahoo Finance,507759.BO,,,,
INE891N01017,,,KAIZENAGRO,538833,BSE,BSE/Yahoo Finance,538833.BO,,,,
INE892C01018,,,SCC,538857,BSE,BSE/Yahoo Finance,538857.BO,,,,
INE892L01019,,,SHANTIGURU,534708,BSE,BSE/Yahoo Finance,534708.BO,,,,
INE893A01036,,,BABA,532380,BSE,BSE/Yahoo Finance,532380.BO,,,,
INE893C01032,,,BGDL,521238,BSE,BSE/Yahoo Finance,521238.BO,,,,
INE894A01026,,,ASHCAP,512247,BSE,BSE/Yahoo Finance,512247.BO,,,,
INE894E01028,,,SALEM,540181,BSE,BSE/Yahoo Finance,540181.BO,,,,
INE894J01019,,,NEERAJ,539409,BSE,BSE/Yahoo Finance,539409.BO,,,,
INE895A01023,,,SVARTCORP,512257,BSE,BSE/Yahoo Finance,512257.BO,,,,
INE895E01017,,,SCAGRO,526081,BSE,BSE/Yahoo Finance,526081.BO,,,,
INE896D01017,,,NATPLASTI,531287,BSE,BSE/Yahoo Finance,531287.BO,,,,
INE896E01023,,,SINNAR,509887,BSE,BSE/Yahoo Finance,509887.BO,,,,
INE896J01014,,,TANDHANIN,512062,BSE,BSE/Yahoo Finance,512062.BO,,,,
INE897A01011,,,SUPERBAK,530735,BSE,BSE/Yahoo Finance,530735.BO,,,,
INE897B01019,,,KRISHNACAP,539384,BSE,BSE/Yahoo Finance,539384.BO,,,,
INE897D01015,,,CINDRELL,531283,BSE,BSE/Yahoo Finance,531283.BO,,,,
INE898E01011,,,MAGNUS,517320,BSE,BSE/Yahoo Finance,517320.BO,,,,
INE898O01010,,,PURITY,523315,BSE,BSE/Yahoo Finance,523315.BO,,,,
INE898Q01015,,,MIIL,538668,BSE,BSE/Yahoo Finance,538668.BO,,,,
INE899B01015,,,BRAWN,530207,BSE,BSE/Yahoo Finance,530207.BO,,,,
INE899D01011,,,DHARFIN,511451,BSE,BSE/Yahoo Finance,511451.BO,,,,
INE899E01019,,,SURBHIN,514260,BSE,BSE/Yahoo Finance,514260.BO,,,,
INE899M01020,,,ISERA,534920,BSE,BSE/Yahoo Finance,534920.BO,,,,
INE900A01013,,,BHARAT,511501,BSE,BSE/Yahoo Finance,511501.BO,,,,
INE900E01015,,,ADVLIFE,521048,BSE,BSE/Yahoo Finance,521048.BO,,,,
INE900O01014,,,ENCODE,530733,BSE,BSE/Yahoo Finance,530733.BO,,,,
INE901C01017,,,TPROJECT,538464,BSE,BSE/Yahoo Finance,538464.BO,,,,
INE901X01013,,,FELIX,206059,BSE,BSE/Yahoo Finance,206059.BO,,,,
INE902C01015,,,MORGAN,526237,BSE,BSE/Yahoo Finance,526237.BO,,,,
INE902D01013,,,KIFS,535566,BSE,BSE/Yahoo Finance,535566.BO,,,,
INE902G01016,,,KGPETRO,531609,BSE,BSE/Yahoo Finance,531609.BO,,,,
INE904R01027,,,URSUGAR,539097,BSE,BSE/Yahoo Finance,539097.BO,,,,
INE905B01010,,,WOMENNET,531396,BSE,BSE/Yahoo Finance,531396.BO,,,,
INE905C01034,,,HARCR,500178,BSE,BSE/Yahoo Finance,500178.BO,,,,
INE905P01028,,,BCP,537766,BSE,BSE/Yahoo Finance,537766.BO,,,,
INE905R01016,,,PURPLE,540159,BSE,BSE/Yahoo Finance,540159.BO,,,,
INE906C01016,,,TARAI,519285,BSE,BSE/Yahoo Finance,519285.BO,,,,
INE906D01014,,,CITADEL,502445,BSE,BSE/Yahoo Finance,502445.BO,,,,
INE906K01027,,,OSWALOR,531065,BSE,BSE/Yahoo Finance,531065.BO,,,,
INE906L01025,,,EKAMLEA,530581,BSE,BSE/Yahoo Finance,530581.BO,,,,
INE906Y01028,,,GALACTICO,542802,BSE,BSE/Yahoo Finance,542802.BO,,,,
INE907E01010,,,DECOMIC,531227,BSE,BSE/Yahoo Finance,531227.BO,,,,
INE908C01012,,,CINDHO,526373,BSE,BSE/Yahoo Finance,526373.BO,,,,
INE909B01020,,,PASUSPG,503092,BSE,BSE/Yahoo Finance,503092.BO,,,,
INE909D01026,,,SHARPINV,538212,BSE,BSE/Yahoo Finance,538212.BO,,,,
INE910B01028,,,OTCO,523151,BSE,BSE/Yahoo Finance,523151.BO,,,,
INE910D01024,,,BOMTALKIES,511246,BSE,BSE/Yahoo Finance,511246.BO,,,,
INE910G01027,,,MUNCAPM,511200,BSE,BSE/Yahoo Finance,511200.BO,,,,
INE910R01024,,,GTV,539479,BSE,BSE/Yahoo Finance,539479.BO,,,,
INE911T01010,,,KRANTI,542459,BSE,BSE/Yahoo Finance,542459.BO,,,,
INE911Z01025,,,A1L,542012,BSE,BSE/Yahoo Finance,542012.BO,,,,
INE912B01032,,,GOYALASS,530663,BSE,BSE/Yahoo Finance,530663.BO,,,,
INE914B01012,,,SHREMETAL,531962,BSE,BSE/Yahoo Finance,531962.BO,,,,
INE914G01029,,,POLYSPIN,539354,BSE,BSE/Yahoo Finance,539354.BO,,,,
INE915E01013,,,GRATEXI,526751,BSE,BSE/Yahoo Finance,526751.BO,,,,
INE916P01025,,,TRIVENIENT,538569,BSE,BSE/Yahoo Finance,538569.BO,,,,
INE918C01029,,,GILADAFINS,538788,BSE,BSE/Yahoo Finance,538788.BO,,,,
INE919B01011,,,LAFFANSQ,524522,BSE,BSE/Yahoo Finance,524522.BO,,,,
INE919C01019,,,JETKINGQ,517063,BSE,BSE/Yahoo Finance,517063.BO,,,,
INE919M01026,,,AXENTRA,511634,BSE,BSE/Yahoo Finance,511634.BO,,,,
INE919T01013,,,JLL,539947,BSE,BSE/Yahoo Finance,539947.BO,,,,
INE920B01019,,,TCIIND,532262,BSE,BSE/Yahoo Finance,532262.BO,,,,
INE920C01017,,,NTCIND,526723,BSE,BSE/Yahoo Finance,526723.BO,,,,
INE920P01019,,,LAXMIPATI,537669,BSE,BSE/Yahoo Finance,537669.BO,,,,
INE920T01011,,,LIKHAMI,539927,BSE,BSE/Yahoo Finance,539927.BO,,,,
INE921D01013,,,BAMBINO,519295,BSE,BSE/Yahoo Finance,519295.BO,,,,
INE923C01011,,,COLINZ,531210,BSE,BSE/Yahoo Finance,531210.BO,,,,
INE923K01014,,,VSFPROJ,519331,BSE,BSE/Yahoo Finance,519331.BO,,,,
INE923R01019,,,RAIDEEPIND,540270,BSE,BSE/Yahoo Finance,540270.BO,,,,
INE923Y01023,,,KENVI,540953,BSE,BSE/Yahoo Finance,540953.BO,,,,
INE924A01013,,,SALORAINTL,500370,BSE,BSE/Yahoo Finance,500370.BO,,,,
INE924B01011,,,AMCOIND,530133,BSE,BSE/Yahoo Finance,530133.BO,,,,
INE924N01024,,,STARBEAM,539175,BSE,BSE/Yahoo Finance,539175.BO,,,,
INE925D01014,,,GARWAMAR,509563,BSE,BSE/Yahoo Finance,509563.BO,,,,
INE925Q01024,,,ECS,540063,BSE,BSE/Yahoo Finance,540063.BO,,,,
INE925S01012,,,PERFECT,201698,BSE,BSE/Yahoo Finance,201698.BO,,,,
INE926C01022,,,NIKHILAD,526159,BSE,BSE/Yahoo Finance,526159.BO,,,,
INE926E01010,,,KCL,539393,BSE,BSE/Yahoo Finance,539393.BO,,,,
INE926R01012,,,UCIL,541358,BSE,BSE/Yahoo Finance,541358.BO,,,,
INE927K01023,,,BAROEXT,513502,BSE,BSE/Yahoo Finance,513502.BO,,,,
INE927M01029,,,GRANDMA,504369,BSE,BSE/Yahoo Finance,504369.BO,,,,
INE928H01019,,,HARYNACAP,532855,BSE,BSE/Yahoo Finance,532855.BO,,,,
INE929C01018,,,KLGCAP,530771,BSE,BSE/Yahoo Finance,530771.BO,,,,
INE929D01016,,,RCCL,538707,BSE,BSE/Yahoo Finance,538707.BO,,,,
INE929K01011,,,UNITINT,531867,BSE,BSE/Yahoo Finance,531867.BO,,,,
INE930A01010,,,HEMANG,531178,BSE,BSE/Yahoo Finance,531178.BO,,,,
INE931B01016,,,HOWARHO,526761,BSE,BSE/Yahoo Finance,526761.BO,,,,
INE931D01020,,,SAMTEX,521206,BSE,BSE/Yahoo Finance,521206.BO,,,,
INE931X01010,,,CTCL,540652,BSE,BSE/Yahoo Finance,540652.BO,,,,
INE932D01010,,,DUROPLY,516003,BSE,BSE/Yahoo Finance,516003.BO,,,,
INE932F01015,,,EPIC,530407,BSE,BSE/Yahoo Finance,530407.BO,,,,
INE932K01015,,,VMS,533427,BSE,BSE/Yahoo Finance,533427.BO,,,,
INE932M01011,,,GANHOLD,504397,BSE,BSE/Yahoo Finance,504397.BO,,,,
INE934A01012,,,INTEGHIT,532303,BSE,BSE/Yahoo Finance,532303.BO,,,,
INE935D01013,,,INDUSFINL,531841,BSE,BSE/Yahoo Finance,531841.BO,,,,
INE936A01025,,,SURATRAML,530185,BSE,BSE/Yahoo Finance,530185.BO,,,,
INE936N01010,,,SICL,531640,BSE,BSE/Yahoo Finance,531640.BO,,,,
INE937K01014,,,ETIL,538708,BSE,BSE/Yahoo Finance,538708.BO,,,,
INE938C01019,,,LAKSHMIMIL,502958,BSE,BSE/Yahoo Finance,502958.BO,,,,
INE940C01015,,,DUTRON,517437,BSE,BSE/Yahoo Finance,517437.BO,,,,
INE940E01011,,,EUROLED,526468,BSE,BSE/Yahoo Finance,526468.BO,,,,
INE940N01012,,,PREMSYN,509835,BSE,BSE/Yahoo Finance,509835.BO,,,,
INE940N04016,,,1PSL35,715024,BSE,BSE/Yahoo Finance,715024.BO,,,,
INE942P01013,,,DIKSAT,540151,BSE,BSE/Yahoo Finance,540151.BO,,,,
INE943X01015,,,JIGAR,540651,BSE,BSE/Yahoo Finance,540651.BO,,,,
INE944A01011,,,GUJSTATFIN,532160,BSE,BSE/Yahoo Finance,532160.BO,,,,
INE944C01017,,,MKTCREAT,526891,BSE,BSE/Yahoo Finance,526891.BO,,,,
INE945B01016,,,TYROON,526945,BSE,BSE/Yahoo Finance,526945.BO,,,,
INE945J01027,,,ZODIACVEN,503641,BSE,BSE/Yahoo Finance,503641.BO,,,,
INE945O01019,,,PANTH,539143,BSE,BSE/Yahoo Finance,539143.BO,,,,
INE945P01024,,,WARDINMOBI,538970,BSE,BSE/Yahoo Finance,538970.BO,,,,
INE946K01023,,,PREMCAP,511016,BSE,BSE/Yahoo Finance,511016.BO,,,,
INE947C01010,,,BPCAP,536965,BSE,BSE/Yahoo Finance,536965.BO,,,,
INE947G01011,,,MERCURYLAB,538964,BSE,BSE/Yahoo Finance,538964.BO,,,,
INE948G01019,,,SBECSUG,532102,BSE,BSE/Yahoo Finance,532102.BO,,,,
INE948I01015,,,MANRAJH,530537,BSE,BSE/Yahoo Finance,530537.BO,,,,
INE948K01011,,,SW1,503659,BSE,BSE/Yahoo Finance,503659.BO,,,,
INE948Q01018,,,BFLAFL,539662,BSE,BSE/Yahoo Finance,539662.BO,,,,
INE949B01018,,,COSCO,530545,BSE,BSE/Yahoo Finance,530545.BO,,,,
INE949C01016,,,CLFL,540481,BSE,BSE/Yahoo Finance,540481.BO,,,,
INE950C01014,,,HPCOTTON,502873,BSE,BSE/Yahoo Finance,502873.BO,,,,
INE950D01012,,,ACROW,513149,BSE,BSE/Yahoo Finance,513149.BO,,,,
INE951B01014,,,KRYPTONQ,523550,BSE,BSE/Yahoo Finance,523550.BO,,,,
INE951C01012,,,UNIOFFICE,523519,BSE,BSE/Yahoo Finance,523519.BO,,,,
INE951Z01013,,,SKIFL,542146,BSE,BSE/Yahoo Finance,542146.BO,,,,
INE952C01028,,,MINAXI,531456,BSE,BSE/Yahoo Finance,531456.BO,,,,
INE952M01019,,,FLOMIC,504380,BSE,BSE/Yahoo Finance,504380.BO,,,,
INE953B01010,,,CHRTEDCA,511696,BSE,BSE/Yahoo Finance,511696.BO,,,,
INE953D01016,,,DHANFAB,521151,BSE,BSE/Yahoo Finance,521151.BO,,,,
INE953E01022,,,KSE,519421,BSE,BSE/Yahoo Finance,519421.BO,,,,
INE953M01033,,,PSITINFRA,505502,BSE,BSE/Yahoo Finance,505502.BO,,,,
INE953W01016,,,ESCORP,540455,BSE,BSE/Yahoo Finance,540455.BO,,,,
INE954B01018,,,FLEXFO,523672,BSE,BSE/Yahoo Finance,523672.BO,,,,
INE955S01019,,,ZARCOLEA,511038,BSE,BSE/Yahoo Finance,511038.BO,,,,
INE956B01013,,,DHAMPURE,531923,BSE,BSE/Yahoo Finance,531923.BO,,,,
INE956V01011,,,KAJALSY,512147,BSE,BSE/Yahoo Finance,512147.BO,,,,
INE957C01019,,,ARUNAHTEL,500016,BSE,BSE/Yahoo Finance,500016.BO,,,,
INE957E01031,,,BRIJLEAS,532113,BSE,BSE/Yahoo Finance,532113.BO,,,,
INE957U01011,,,MHEL,540150,BSE,BSE/Yahoo Finance,540150.BO,,,,
INE957W01025,,,MISQUITA,542801,BSE,BSE/Yahoo Finance,542801.BO,,,,
INE958A01011,,,EUREKAI,521137,BSE,BSE/Yahoo Finance,521137.BO,,,,
INE958C01025,,,BRIDGESE,530249,BSE,BSE/Yahoo Finance,530249.BO,,,,
INE958L01034,,,META,534535,BSE,BSE/Yahoo Finance,534535.BO,,,,
INE959B01017,,,GTTDATA,530457,BSE,BSE/Yahoo Finance,530457.BO,,,,
INE959D01013,,,SOVERDIA,523826,BSE,BSE/Yahoo Finance,523826.BO,,,,
INE960A01017,,,SHILGRAVQ,513709,BSE,BSE/Yahoo Finance,513709.BO,,,,
INE960B01015,,,SPAR,531370,BSE,BSE/Yahoo Finance,531370.BO,,,,
INE960C01013,,,CAPFIN,539198,BSE,BSE/Yahoo Finance,539198.BO,,,,
INE960E01019,,,SHIVAAGRO,530433,BSE,BSE/Yahoo Finance,530433.BO,,,,
INE960H01012,,,NUTECGLOB,531304,BSE,BSE/Yahoo Finance,531304.BO,,,,
INE960Z01014,,,RAWEDGE,541634,BSE,BSE/Yahoo Finance,541634.BO,,,,
INE961B01013,,,KAYPOWR,530255,BSE,BSE/Yahoo Finance,530255.BO,,,,
INE961E01017,,,TRADWIN,509953,BSE,BSE/Yahoo Finance,509953.BO,,,,
INE961Y01015,,,MAHICKRA,200486,BSE,BSE/Yahoo Finance,200486.BO,,,,
INE962B01011,,,PRAGBOS,500192,BSE,BSE/Yahoo Finance,500192.BO,,,,
INE962E01015,,,SCOOBEEDAY,531234,BSE,BSE/Yahoo Finance,531234.BO,,,,
INE962O01014,,,VCU,536672,BSE,BSE/Yahoo Finance,536672.BO,,,,
INE963A01011,,,HIPOLIN,530853,BSE,BSE/Yahoo Finance,530853.BO,,,,
INE963B01019,,,MATHEWE,511688,BSE,BSE/Yahoo Finance,511688.BO,,,,
INE964R01013,,,REGENCY,540175,BSE,BSE/Yahoo Finance,540175.BO,,,,
INE965C01038,,,INNOVTEC,523840,BSE,BSE/Yahoo Finance,523840.BO,,,,
INE965V01020,,,VIKSHEN,506196,BSE,BSE/Yahoo Finance,506196.BO,,,,
INE966C01010,,,JAINCO,526865,BSE,BSE/Yahoo Finance,526865.BO,,,,
INE966Q01010,,,HILIKS,539697,BSE,BSE/Yahoo Finance,539697.BO,,,,
INE967A01012,,,SWARNSAR,526365,BSE,BSE/Yahoo Finance,526365.BO,,,,
INE967B01028,,,SGLRES,526544,BSE,BSE/Yahoo Finance,526544.BO,,,,
INE967S01014,,,MUDRA,539819,BSE,BSE/Yahoo Finance,539819.BO,,,,
INE968E01012,,,CAPRICORN,512169,BSE,BSE/Yahoo Finance,512169.BO,,,,
INE969C01022,,,RAGHUSYN,514316,BSE,BSE/Yahoo Finance,514316.BO,,,,
INE969D01012,,,INDBNK,523465,BSE,BSE/Yahoo Finance,523465.BO,,,,
INE969E01010,,,YAANENT,538521,BSE,BSE/Yahoo Finance,538521.BO,,,,
INE970C01012,,,SKPMIL,500388,BSE,BSE/Yahoo Finance,500388.BO,,,,
INE971A01014,,,KONNDOR,532397,BSE,BSE/Yahoo Finance,532397.BO,,,,
INE971E01016,,,DESHRAK,531521,BSE,BSE/Yahoo Finance,531521.BO,,,,
INE971L01029,,,KEMISTAR,531163,BSE,BSE/Yahoo Finance,531163.BO,,,,
INE972C01018,,,BHASKAGR,524534,BSE,BSE/Yahoo Finance,524534.BO,,,,
INE972E01014,,,DHRUVCA,531237,BSE,BSE/Yahoo Finance,531237.BO,,,,
INE973B01026,,,ISFL,526859,BSE,BSE/Yahoo Finance,526859.BO,,,,
INE973X01012,,,POOJA,540727,BSE,BSE/Yahoo Finance,540727.BO,,,,
INE975C01011,,,CHORDIA,519475,BSE,BSE/Yahoo Finance,519475.BO,,,,
INE975Z01012,,,DAPS,543651,BSE,BSE/Yahoo Finance,543651.BO,,,,
INE976H01018,,,LEHAR,532829,BSE,BSE/Yahoo Finance,532829.BO,,,,
INE977E01013,,,FRONTCAP,508980,BSE,BSE/Yahoo Finance,508980.BO,,,,
INE977F01010,,,DHANCOT,512485,BSE,BSE/Yahoo Finance,512485.BO,,,,
INE977M01024,,,HBGHOTELS,537839,BSE,BSE/Yahoo Finance,537839.BO,,,,
INE978L01016,,,ZSARVAMA,506190,BSE,BSE/Yahoo Finance,506190.BO,,,,
INE978V01015,,,TANVI,540332,BSE,BSE/Yahoo Finance,540332.BO,,,,
INE979D01011,,,KUSHIND,514240,BSE,BSE/Yahoo Finance,514240.BO,,,,
INE980D01019,,,UNIROYAL,521226,BSE,BSE/Yahoo Finance,521226.BO,,,,
INE981B01011,,,CMICABLES,517330,BSE,BSE/Yahoo Finance,517330.BO,,,,
INE981C01019,,,SHVFL,532007,BSE,BSE/Yahoo Finance,532007.BO,,,,
INE982C01033,,,HOM,523387,BSE,BSE/Yahoo Finance,523387.BO,,,,
INE982Q01017,,,HANMAN,538731,BSE,BSE/Yahoo Finance,538731.BO,,,,
INE983C01015,,,LUDLOWJUT,526179,BSE,BSE/Yahoo Finance,526179.BO,,,,
INE984B01023,,,INTEGRAEN,505358,BSE,BSE/Yahoo Finance,505358.BO,,,,
INE984E01035,,,VIVANZA,530057,BSE,BSE/Yahoo Finance,530057.BO,,,,
INE985P01012,,,GRETEX,204026,BSE,BSE/Yahoo Finance,204026.BO,,,,
INE985Q01010,,,AMARNATH,538863,BSE,BSE/Yahoo Finance,538863.BO,,,,
INE986B01044,,,RADHEDE,531273,BSE,BSE/Yahoo Finance,531273.BO,,,,
INE986W01016,,,GKL,540545,BSE,BSE/Yahoo Finance,540545.BO,,,,
INE987A01010,,,MAKERSL,506919,BSE,BSE/Yahoo Finance,506919.BO,,,,
INE987E01012,,,ZJEETMAC,513012,BSE,BSE/Yahoo Finance,513012.BO,,,,
INE988D01012,,,RISHILASE,526861,BSE,BSE/Yahoo Finance,526861.BO,,,,
INE989D01010,,,RISHITECH,523021,BSE,BSE/Yahoo Finance,523021.BO,,,,
INE989J01017,,,AMPVOLTS,535719,BSE,BSE/Yahoo Finance,535719.BO,,,,
INE989S01042,,,ONTIC,540386,BSE,BSE/Yahoo Finance,540386.BO,,,,
INE990E01016,,,JPTRLES,507987,BSE,BSE/Yahoo Finance,507987.BO,,,,
INE990S01016,,,AMRAFIN,539265,BSE,BSE/Yahoo Finance,539265.BO,,,,
INE991A01020,,,AMFORG,513117,BSE,BSE/Yahoo Finance,513117.BO,,,,
INE991B01010,,,KFBL,507474,BSE,BSE/Yahoo Finance,507474.BO,,,,
INE993I01029,,,ENBETRD,512441,BSE,BSE/Yahoo Finance,512441.BO,,,,
INE994B01014,,,BIBCL,524663,BSE,BSE/Yahoo Finance,524663.BO,,,,
INE994D01010,,,AEONXDIGI,524594,BSE,BSE/Yahoo Finance,524594.BO,,,,
INE994N01019,,,MALTLAND,539560,BSE,BSE/Yahoo Finance,539560.BO,,,,
INE994R01028,,,CRYSTAL,540821,BSE,BSE/Yahoo Finance,540821.BO,,,,
INE994V01012,,,PROLIFE,202286,BSE,BSE/Yahoo Finance,202286.BO,,,,
INE995A01013,,,GRAVITY,532015,BSE,BSE/Yahoo Finance,532015.BO,,,,
INE995E01015,,,LADIAMO,531164,BSE,BSE/Yahoo Finance,531164.BO,,,,
INE995U01011,,,SRDAPRT,519242,BSE,BSE/Yahoo Finance,519242.BO,,,,
INE997C01015,,,GBFL,538787,BSE,BSE/Yahoo Finance,538787.BO,,,,
INE997D01021,,,NEWINFRA,531959,BSE,BSE/Yahoo Finance,531959.BO,,,,
INE998D01011,,,JAYBHCR,501311,BSE,BSE/Yahoo Finance,501311.BO,,,,
INE998U01015,,,PCCL,211725,BSE,BSE/Yahoo Finance,211725.BO,,,,
INE421A01028,Aban Offshore Limited,ABAN,,,NSE,NSE/Yahoo Finance,ABAN.NS,,,29-MAR-1995,
INE0JM501013,Nupur Recyclers Limited,NRL,,,NSE,NSE/Yahoo Finance,NRL.NS,,,12-JAN-2023,
INE753W01010,Sanginita Chemicals Limited,SANGINITA,,,NSE,NSE/Yahoo Finance,SANGINITA.NS,,,15-JUL-2019,
INE00CE01017,Shree Vasu Logistics Limited,SVLL,,,NSE,NSE/Yahoo Finance,SVLL.NS,,,21-APR-2023,
INE319Z01021,Supreme Engineering Limited,SUPREMEENG,,,NSE,NSE/Yahoo Finance,SUPREMEENG.NS,,,04-DEC-2020,
INE0L4K01016,Vital Chemtech Limited,VITAL,,,NSE,NSE/Yahoo Finance,VITAL.NS,,,11-MAR-2026,
INE144J01027,20 Microns Limited,20MICRONS,20MICRONS,533022,NSE+BSE,NSE/Yahoo Finance,20MICRONS.NS,,,06-OCT-2008,
INE253B01015,21st Century Management Services Limited,21STCENMGM,21STCENMGM,526921,NSE+BSE,NSE/Yahoo Finance,21STCENMGM.NS,,,03-MAY-1995,
INE466L01038,360 ONE WAM LIMITED,360ONE,360ONE#,142772,NSE+BSE,NSE/Yahoo Finance,360ONE.NS,,,19-SEP-2019,
INE994E01018,3B Blackbio Dx Limited,3BBLACKBIO,3BBLACKBIO,532067,NSE+BSE,NSE/Yahoo Finance,3BBLACKBIO.NS,,,20-APR-2026,
INE470A01017,3M India Limited,3MINDIA,3MINDIA#,123395,NSE+BSE,NSE/Yahoo Finance,3MINDIA.NS,,,13-AUG-2004,
INE105C01023,3P Land Holdings Limited,3PLAND,3PLAND,516092,NSE+BSE,NSE/Yahoo Finance,3PLAND.NS,,,19-JUL-1995,
INE748C01038,3i Infotech Limited,3IINFOLTD,3IINFOLTD,532628,NSE+BSE,NSE/Yahoo Finance,3IINFOLTD.NS,,,22-OCT-2021,
INE618L01018,5Paisa Capital Limited,5PAISA,5PAISA,540776,NSE+BSE,NSE/Yahoo Finance,5PAISA.NS,,,16-NOV-2017,
INE111B01023,63 moons technologies limited,63MOONS,63MOONS,526881,NSE+BSE,NSE/Yahoo Finance,63MOONS.NS,,,20-JUN-2005,
INE08PH01015,A B Cotspin India Limited,ABCOTS,ABCOTS,544522,NSE+BSE,NSE/Yahoo Finance,ABCOTS.NS,,,24-SEP-2025,
INE00YB01025,A B Infrabuild Limited,ABINFRA,ABINFRA,544281,NSE+BSE,NSE/Yahoo Finance,ABINFRA.NS,,,08-NOV-2024,
INE619I01012,A2Z Infra Engineering Limited,A2ZINFRA,A2ZINFRA,533292,NSE+BSE,NSE/Yahoo Finance,A2ZINFRA.NS,,,23-DEC-2010,
INE0D0U01013,AAA Technologies Limited,AAATECH,AAATECH,543671,NSE+BSE,NSE/Yahoo Finance,AAATECH.NS,,,28-NOV-2022,
INE117A01022,ABB India Limited,ABB,ABB#,100002,NSE+BSE,NSE/Yahoo Finance,ABB.NS,,,08-FEB-1995,
INE251C01025,ABM International Limited,ABMINTLLTD,ABMINTLLTD,208186,NSE+BSE,NSE/Yahoo Finance,ABMINTLLTD.NS,,,09-SEP-2021,
INE850B01026,ABM Knowledgeware Limited,ABMKNO,ABMKNO,531161,NSE+BSE,NSE/Yahoo Finance,ABMKNO.NS,,,20-APR-2026,
INE012A01025,ACC Limited,ACC,ACC#,100410,NSE+BSE,NSE/Yahoo Finance,ACC.NS,,,20-NOV-1996,
INE366C01021,ACS Technologies Limited,ACSTECH,ACSTECH,530745,NSE+BSE,NSE/Yahoo Finance,ACSTECH.NS,,,20-APR-2026,
INE982B01027,ADF Foods Limited,ADFFOODS,ADFFOODS,519183,NSE+BSE,NSE/Yahoo Finance,ADFFOODS.NS,,,15-SEP-2010,
INE415A01038,AGI Greenpac Limited,AGI,AGI,500187,NSE+BSE,NSE/Yahoo Finance,AGI.NS,,,31-MAY-2000,
INE583L01014,AGS Transact Technologies Limited,AGSTRA,AGSTRA,543451,NSE+BSE,NSE/Yahoo Finance,AGSTRA.NS,,,31-JAN-2022,
INE212H01026,AIA Engineering Limited,AIAENG,AIAENG#,132683,NSE+BSE,NSE/Yahoo Finance,AIAENG.NS,,,14-DEC-2005,
INE805A01014,AION-TECH SOLUTIONS LIMITED,GOLDTECH,GOLDTECH,531439,NSE+BSE,NSE/Yahoo Finance,GOLDTECH.NS,,,11-APR-2001,
INE701G01012,AK Capital Services Limited,AKCAPIT,AKCAPIT,530499,NSE+BSE,NSE/Yahoo Finance,AKCAPIT.NS,,,20-APR-2026,
INE642Z01026,AKI India Limited,AKI,AKI,542020,NSE+BSE,NSE/Yahoo Finance,AKI.NS,,,06-APR-2023,
INE005I01014,AMD Industries Limited,AMDIND,AMDIND,532828,NSE+BSE,NSE/Yahoo Finance,AMDIND.NS,,,19-MAR-2007,
INE435A01051,ANDHRA PAPER LIMITED,ANDHRAPAP,ANDHRAPAP,502330,NSE+BSE,NSE/Yahoo Finance,ANDHRAPAP.NS,,,13-MAY-2004,
INE702C01027,APL Apollo Tubes Limited,APLAPOLLO,APLAPOLLO#,133758,NSE+BSE,NSE/Yahoo Finance,APLAPOLLO.NS,,,14-DEC-2011,
INE491J01022,ASK Automotive Limited,ASKAUTOLTD,ASKAUTOLTD,544022,NSE+BSE,NSE/Yahoo Finance,ASKAUTOLTD.NS,,,15-NOV-2023,
INE285H01022,ATLANTAA LIMITED,ATLANTAA,ATLANTAA,532759,NSE+BSE,NSE/Yahoo Finance,ATLANTAA.NS,,,25-SEP-2006,
INE949L01017,AU Small Finance Bank Limited,AUBANK,AUBANK#,140611,NSE+BSE,NSE/Yahoo Finance,AUBANK.NS,,,10-JUL-2017,
INE142K01011,AURUS GEM CORPORATION LIMITED,AURUS,AURUS,534532,NSE+BSE,NSE/Yahoo Finance,AURUS.NS,,,05-NOV-2013,
INE680Z01018,AVG Logistics Limited,AVG,AVG,543910,NSE+BSE,NSE/Yahoo Finance,AVG.NS,,,12-MAY-2023,
INE652Z01025,AVRO INDIA LIMITED,AVROIND,AVROIND,543512,NSE+BSE,NSE/Yahoo Finance,AVROIND.NS,,,07-APR-2022,
INE488D01021,AVT Natural Products Limited,AVTNPL,AVTNPL,519105,NSE+BSE,NSE/Yahoo Finance,AVTNPL.NS,,,10-JAN-2007,
INE699H01024,AWL Agri Business Limited,AWL,AWL#,143458,NSE+BSE,NSE/Yahoo Finance,AWL.NS,,,08-FEB-2022,
INE555B01013,AXISCADES Technologies Limited,AXISCADES,AXISCADES,532395,NSE+BSE,NSE/Yahoo Finance,AXISCADES.NS,,,21-DEC-2000,
INE193B01039,AYM Syntex Limited,AYMSYNTEX,AYMSYNTEX,508933,NSE+BSE,NSE/Yahoo Finance,AYMSYNTEX.NS,,,14-AUG-2015,
INE883F01010,Aadhar Housing Finance Limited,AADHARHFC,AADHARHFC#,144176,NSE+BSE,NSE/Yahoo Finance,AADHARHFC.NS,,,15-MAY-2024,
INE087Z01024,Aakash Exploration Services Limited,AAKASH,AAKASH,208537,NSE+BSE,NSE/Yahoo Finance,AAKASH.NS,,,29-SEP-2020,
INE198H01019,Aarey Drugs & Pharmaceuticals Limited,AAREYDRUGS,AAREYDRUGS,524412,NSE+BSE,NSE/Yahoo Finance,AAREYDRUGS.NS,,,06-AUG-2021,
INE750R01016,Aarnav Fashions Limited,AARNAV,AARNAV,539562,NSE+BSE,NSE/Yahoo Finance,AARNAV.NS,,,25-FEB-2026,
INE721Z01010,Aaron Industries Limited,AARON,AARON,203282,NSE+BSE,NSE/Yahoo Finance,AARON.NS,,,06-NOV-2020,
INE01C001026,Aartech Solonics Limited,AARTECH,AARTECH,542580,NSE+BSE,NSE/Yahoo Finance,AARTECH.NS,,,10-JUL-2023,
INE767A01016,Aarti Drugs Limited,AARTIDRUGS,AARTIDRUGS,524348,NSE+BSE,NSE/Yahoo Finance,AARTIDRUGS.NS,,,19-SEP-2003,
INE769A01020,Aarti Industries Limited,AARTIIND,AARTIIND#,124208,NSE+BSE,NSE/Yahoo Finance,AARTIIND.NS,,,08-FEB-1995,
INE0LRU01027,Aarti Pharmalabs Limited,AARTIPHARM,AARTIPHARM,543748,NSE+BSE,NSE/Yahoo Finance,AARTIPHARM.NS,,,30-JAN-2023,
INE09EO01013,Aarti Surfactants Limited,AARTISURF,AARTISURF,543210,NSE+BSE,NSE/Yahoo Finance,AARTISURF.NS,,,14-JUL-2020,
INE754X01016,Aarvi Encon Limited,AARVI,AARVI,544850,NSE+BSE,NSE/Yahoo Finance,AARVI.NS,,,24-JUN-2020,
INE2FMX01012,Aastha Spintex Limited,AASTHA,AASTHA,544808,NSE+BSE,NSE/Yahoo Finance,AASTHA.NS,,,06-JUL-2026,
INE216P01012,Aavas Financiers Limited,AAVAS,AAVAS#,141988,NSE+BSE,NSE/Yahoo Finance,AAVAS.NS,,,08-OCT-2018,
INE365O01028,Abans Enterprises Limited,ABANSENT,ABANSENT,512165,NSE+BSE,NSE/Yahoo Finance,ABANSENT.NS,,,20-APR-2026,
INE00ZE01026,Abans Financial Services Limited,AFSL,AFSL,543712,NSE+BSE,NSE/Yahoo Finance,AFSL.NS,,,23-DEC-2022,
INE358A01014,Abbott India Limited,ABBOTINDIA,ABBOTINDIA,500488,NSE+BSE,NSE/Yahoo Finance,ABBOTINDIA.NS,,,08-JAN-2010,
INE793A01012,Accelya Solutions India Limited,ACCELYA,ACCELYA,532268,NSE+BSE,NSE/Yahoo Finance,ACCELYA.NS,,,01-DEC-1999,
INE648Z01023,Accuracy Shipping Limited,ACCURACY,ACCURACY,544598,NSE+BSE,NSE/Yahoo Finance,ACCURACY.NS,,,11-DEC-2020,
INE543V01017,Ace Integrated Solutions Limited,ACEINTEG,ACEINTEG,205354,NSE+BSE,NSE/Yahoo Finance,ACEINTEG.NS,,,04-NOV-2022,
INE622W01025,Acme Solar Holdings Limited,ACMESOLAR,ACMESOLAR#,144283,NSE+BSE,NSE/Yahoo Finance,ACMESOLAR.NS,,,13-NOV-2024,
INE731H01025,Action Construction Equipment Limited,ACE,ACE#,132762,NSE+BSE,NSE/Yahoo Finance,ACE.NS,,,26-SEP-2006,
INE00FF01025,Acutaas Chemicals Limited,ACUTAAS,ACUTAAS,543349,NSE+BSE,NSE/Yahoo Finance,ACUTAAS.NS,,,14-SEP-2021,
INE931S01010,Adani Energy Solutions Limited,ADANIENSOL,ADANIENSOL#,139254,NSE+BSE,NSE/Yahoo Finance,ADANIENSOL.NS,,,31-JUL-2015,
INE423A01024,Adani Enterprises Limited,ADANIENT,ADANIENT#,112599,NSE+BSE,NSE/Yahoo Finance,ADANIENT.NS,,,04-JUN-1997,
INE364U01010,Adani Green Energy Limited,ADANIGREEN,ADANIGREEN#,141450,NSE+BSE,NSE/Yahoo Finance,ADANIGREEN.NS,,,18-JUN-2018,
INE742F01042,Adani Ports and Special Economic Zone Limited,ADANIPORTS,ADANIPORTS#,132921,NSE+BSE,NSE/Yahoo Finance,ADANIPORTS.NS,,,27-NOV-2007,
INE814H01029,Adani Power Limited,ADANIPOWER,ADANIPOWER#,133096,NSE+BSE,NSE/Yahoo Finance,ADANIPOWER.NS,,,20-AUG-2009,
INE399L01023,Adani Total Gas Limited,ATGL,ATGL#,142066,NSE+BSE,NSE/Yahoo Finance,ATGL.NS,,,05-NOV-2018,
INE674K01013,Aditya Birla Capital Limited,ABCAPITAL,ABCAPITAL#,140691,NSE+BSE,NSE/Yahoo Finance,ABCAPITAL.NS,,,01-SEP-2017,
INE647O01011,Aditya Birla Fashion and Retail Limited,ABFRL,ABFRL#,135755,NSE+BSE,NSE/Yahoo Finance,ABFRL.NS,,,17-JUL-2013,
INE14LE01019,Aditya Birla Lifestyle Brands Limited,ABLBL,ABLBL,544403,NSE+BSE,NSE/Yahoo Finance,ABLBL.NS,,,23-JUN-2025,
INE865C01022,Aditya Birla Money Limited,BIRLAMONEY,BIRLAMONEY,532974,NSE+BSE,NSE/Yahoo Finance,BIRLAMONEY.NS,,,07-FEB-2008,
INE055A01016,Aditya Birla Real Estate Limited,ABREL,ABREL#,100040,NSE+BSE,NSE/Yahoo Finance,ABREL.NS,,,27-JUN-2003,
INE404A01024,Aditya Birla Sun Life AMC Limited,ABSLAMC,ABSLAMC#,143374,NSE+BSE,NSE/Yahoo Finance,ABSLAMC.NS,,,11-OCT-2021,
INE819V01029,Aditya Infotech Limited,CPPLUS,CPPLUS,544466,NSE+BSE,NSE/Yahoo Finance,CPPLUS.NS,,,05-AUG-2025,
INE679V01027,Aditya Vision Limited,AVL,AVL,540205,NSE+BSE,NSE/Yahoo Finance,AVL.NS,,,06-NOV-2024,
INE045A01017,Ador Welding Limited,ADOR,ADOR,517041,NSE+BSE,NSE/Yahoo Finance,ADOR.NS,,,10-MAY-1995,
INE737B01033,Adroit Infotech Limited,ADROITINFO,ADROITINFO,532172,NSE+BSE,NSE/Yahoo Finance,ADROITINFO.NS,,,13-AUG-1997,
INE0ALI01010,Advait Energy Transitions Limited,ADVAIT,ADVAIT,543230,NSE+BSE,NSE/Yahoo Finance,ADVAIT.NS,,,20-JAN-2026,
INE1B0W01010,Advance Agrolife Limited,ADVANCE,ADVANCE,544562,NSE+BSE,NSE/Yahoo Finance,ADVANCE.NS,,,08-OCT-2025,
INE837H01020,Advanced Enzyme Technologies Limited,ADVENZYMES,ADVENZYMES,540025,NSE+BSE,NSE/Yahoo Finance,ADVENZYMES.NS,,,01-AUG-2016,
INE199C01026,Advani Hotels & Resorts (India) Limited,ADVANIHOTR,ADVANIHOTR,523269,NSE+BSE,NSE/Yahoo Finance,ADVANIHOTR.NS,,,25-JUN-2007,
INE28GN01010,Advent Hotels International Limited,ADVENTHTL,ADVENTHTL,544446,NSE+BSE,NSE/Yahoo Finance,ADVENTHTL.NS,,,13-NOV-2025,
INE1SJO01012,Advit Jewels Limited,RAMBHAJO,RAMBHAJO,544803,NSE+BSE,NSE/Yahoo Finance,RAMBHAJO.NS,,,01-JUL-2026,
INE208C01025,Aegis Logistics Limited,AEGISLOG,AEGISLOG#,100003,NSE+BSE,NSE/Yahoo Finance,AEGISLOG.NS,,,03-APR-1996,
INE0INX01018,Aegis Vopak Terminals Limited,AEGISVOPAK,AEGISVOPAK,544407,NSE+BSE,NSE/Yahoo Finance,AEGISVOPAK.NS,,,02-JUN-2025,
INE947N01017,Aequs Limited,AEQUS,AEQUS,544634,NSE+BSE,NSE/Yahoo Finance,AEQUS.NS,,,10-DEC-2025,
INE065D01027,Aeroflex Enterprises Limited,AEROENTER,AEROENTER,511076,NSE+BSE,NSE/Yahoo Finance,AEROENTER.NS,,,21-NOV-2022,
INE024001021,Aeroflex Industries Limited,AEROFLEX,AEROFLEX,543972,NSE+BSE,NSE/Yahoo Finance,AEROFLEX.NS,,,31-AUG-2023,
INE035801013,Aeroflex Neu Limited,AERONEU,AERONEU,543743,NSE+BSE,NSE/Yahoo Finance,AERONEU.NS,,,12-JAN-2023,
INE0BWX01014,Aether Industries Limited,AETHER,AETHER#,143534,NSE+BSE,NSE/Yahoo Finance,AETHER.NS,,,03-JUN-2022,
INE101I01011,Afcons Infrastructure Limited,AFCONS,AFCONS#,144280,NSE+BSE,NSE/Yahoo Finance,AFCONS.NS,,,04-NOV-2024,
INE00WC01027,Affle 3i Limited,AFFLE,AFFLE#,142752,NSE+BSE,NSE/Yahoo Finance,AFFLE.NS,,,08-AUG-2019,
INE692Z01013,Affordable Robotic & Automation Limited,AFFORDABLE,AFFORDABLE,541402,NSE+BSE,NSE/Yahoo Finance,AFFORDABLE.NS,,,23-OCT-2024,
INE204E01012,Agarwal Industrial Corporation Limited,AGARIND,AGARIND,531921,NSE+BSE,NSE/Yahoo Finance,AGARIND.NS,,,26-MAY-2014,
INE976R01033,Agi Infra Limited,AGIIL,AGIIL,539042,NSE+BSE,NSE/Yahoo Finance,AGIIL.NS,,,15-JUL-2024,
INE449G01018,Agri-Tech (India) Limited,AGRITECH,AGRITECH,537292,NSE+BSE,NSE/Yahoo Finance,AGRITECH.NS,,,28-JAN-2014,
INE740V01019,Agro Phos India Limited,AGROPHOS,AGROPHOS,202972,NSE+BSE,NSE/Yahoo Finance,AGROPHOS.NS,,,08-MAR-2019,
INE00PV01013,Ahlada Engineers Limited,AHLADA,AHLADA,202065,NSE+BSE,NSE/Yahoo Finance,AHLADA.NS,,,28-JAN-2021,
INE758C01029,Ahluwalia Contracts (India) Limited,AHLUCONT,AHLUCONT,532811,NSE+BSE,NSE/Yahoo Finance,AHLUCONT.NS,,,14-DEC-2009,
INE645W01026,Airan Limited,AIRAN,AIRAN,543811,NSE+BSE,NSE/Yahoo Finance,AIRAN.NS,,,03-MAY-2019,
INE801L01010,Airo Lam limited,AIROLAM,AIROLAM,203532,NSE+BSE,NSE/Yahoo Finance,AIROLAM.NS,,,13-OCT-2021,
INE031B01049,Ajanta Pharma Limited,AJANTPHARM,AJANTPHARM#,132331,NSE+BSE,NSE/Yahoo Finance,AJANTPHARM.NS,,,29-MAY-2000,
INE274Y01021,Ajax Engineering Limited,AJAXENGG,AJAXENGG,544356,NSE+BSE,NSE/Yahoo Finance,AJAXENGG.NS,,,17-FEB-2025,
INE298G01035,Ajmera Realty & Infra India Limited,AJMERA,AJMERA,513349,NSE+BSE,NSE/Yahoo Finance,AJMERA.NS,,,16-JUN-2009,
INE820Y01021,Ajooni Biotech Limited,AJOONI,AJOONI,209169,NSE+BSE,NSE/Yahoo Finance,AJOONI.NS,,,07-MAY-2021,
INE737W01013,Akash Infra-Projects Limited,AKASH,AKASH,202949,NSE+BSE,NSE/Yahoo Finance,AKASH.NS,,,11-OCT-2019,
INE00Y801016,Akg Exim Limited,AKG,AKG,202866,NSE+BSE,NSE/Yahoo Finance,AKG.NS,,,16-FEB-2021,
INE916Y01027,Akme Fintrade (India) Limited,AFIL,AFIL,544200,NSE+BSE,NSE/Yahoo Finance,AFIL.NS,,,26-JUN-2024,
INE523B01011,Aksh Optifibre Limited,AKSHOPTFBR,AKSHOPTFBR,532351,NSE+BSE,NSE/Yahoo Finance,AKSHOPTFBR.NS,,,18-AUG-2000,
INE256Z01025,Akshar Spintex Limited,AKSHAR,AKSHAR,541303,NSE+BSE,NSE/Yahoo Finance,AKSHAR.NS,,,23-MAY-2022,
INE542B01011,AksharChem India Limited,AKSHARCHEM,AKSHARCHEM,524598,NSE+BSE,NSE/Yahoo Finance,AKSHARCHEM.NS,,,28-MAR-2017,
INE09XN01023,Akums Drugs and Pharmaceuticals Limited,AKUMS,AKUMS#,144222,NSE+BSE,NSE/Yahoo Finance,AKUMS.NS,,,06-AUG-2024,
INE914E01040,Alankit Limited,ALANKIT,ALANKIT,531082,NSE+BSE,NSE/Yahoo Finance,ALANKIT.NS,,,30-JUN-2015,
INE155C01010,Albert David Limited,ALBERTDAVD,ALBERTDAVD,524075,NSE+BSE,NSE/Yahoo Finance,ALBERTDAVD.NS,,,14-JUN-2016,
INE426A01027,Alembic Limited,ALEMBICLTD,ALEMBICLTD,506235,NSE+BSE,NSE/Yahoo Finance,ALEMBICLTD.NS,,,22-SEP-1999,
INE901L01018,Alembic Pharmaceuticals Limited,APLLTD,APLLTD#,133573,NSE+BSE,NSE/Yahoo Finance,APLLTD.NS,,,20-SEP-2011,
INE598D01035,Algoquant Fintech Limited,ALGOQUANT,ALGOQUANT,505725,NSE+BSE,NSE/Yahoo Finance,ALGOQUANT.NS,,,06-JAN-2026,
INE062D01024,Alicon Castalloy Limited,ALICON,ALICON,531147,NSE+BSE,NSE/Yahoo Finance,ALICON.NS,,,29-SEP-2006,
INE03Q201024,Alivus Life Sciences Limited,ALIVUS,ALIVUS#,143322,NSE+BSE,NSE/Yahoo Finance,ALIVUS.NS,,,06-AUG-2021,
INE773I01017,Alkali Metals Limited,ALKALI,ALKALI,533029,NSE+BSE,NSE/Yahoo Finance,ALKALI.NS,,,06-NOV-2008,
INE540L01014,Alkem Laboratories Limited,ALKEM,ALKEM#,139523,NSE+BSE,NSE/Yahoo Finance,ALKEM.NS,,,23-DEC-2015,
INE150B01039,Alkyl Amines Chemicals Limited,ALKYLAMINE,ALKYLAMINE,506767,NSE+BSE,NSE/Yahoo Finance,ALKYLAMINE.NS,,,26-NOV-2007,
INE0GV601021,All Time Plastics Limited,ALLTIME,ALLTIME,544479,NSE+BSE,NSE/Yahoo Finance,ALLTIME.NS,,,14-AUG-2025,
INE1YPB01014,Allcargo Global Limited,AGL,AGL,544602,NSE+BSE,NSE/Yahoo Finance,AGL.NS,,,03-JUL-2026,
INE418H01029,Allcargo Logistics Limited,ALLCARGO,ALLCARGO,532749,NSE+BSE,NSE/Yahoo Finance,ALLCARGO.NS,,,23-JUN-2006,
INE0NN701020,Allcargo Terminals Limited,ATL,ATL,543954,NSE+BSE,NSE/Yahoo Finance,ATL.NS,,,10-AUG-2023,
INE835G01018,Alldigi Tech Limited,ALLDIGI,ALLDIGI,532633,NSE+BSE,NSE/Yahoo Finance,ALLDIGI.NS,,,09-MAY-2005,
INE552Z01027,Allied Blenders and Distillers Limited,ABDL,ABDL#,144203,NSE+BSE,NSE/Yahoo Finance,ABDL.NS,,,02-JUL-2024,
INE102I01027,Allied Digital Services Limited,ADSL,ADSL,532875,NSE+BSE,NSE/Yahoo Finance,ADSL.NS,,,25-JUL-2007,
INE326B01035,Almondz Global Securities Limited,ALMONDZ,ALMONDZ,531400,NSE+BSE,NSE/Yahoo Finance,ALMONDZ.NS,,,16-JUN-2008,
INE270A01029,Alok Industries Limited,ALOKINDS,ALOKINDS#,121070,NSE+BSE,NSE/Yahoo Finance,ALOKINDS.NS,,,19-FEB-2020,
INE385I01010,Alpa Laboratories Limited,ALPA,ALPA,532878,NSE+BSE,NSE/Yahoo Finance,ALPA.NS,,,06-AUG-2007,
INE137C01018,Alphageo (India) Limited,ALPHAGEO,ALPHAGEO,526397,NSE+BSE,NSE/Yahoo Finance,ALPHAGEO.NS,,,11-MAY-2007,
INE1JCQ01037,Alpine Texworld Limited,ALPINETEX,ALPINETEX,544825,NSE+BSE,NSE/Yahoo Finance,ALPINETEX.NS,,,21-JUL-2026,
INE121R01077,Amagi Media Labs Limited,AMAGI,AMAGI,544679,NSE+BSE,NSE/Yahoo Finance,AMAGI.NS,,,21-JAN-2026,
INE084K01015,Amanta Healthcare Limited,AMANTA,AMANTA,544502,NSE+BSE,NSE/Yahoo Finance,AMANTA.NS,,,09-SEP-2025,
INE885A01032,Amara Raja Energy & Mobility Limited,ARE&M,ARE&M#,100008,NSE+BSE,NSE/Yahoo Finance,ARE&M.NS,,,05-SEP-2003,
INE432A01017,Ambalal Sarabhai Enterprises Limited,AMBALALSA,AMBALALSA,500009,NSE+BSE,NSE/Yahoo Finance,AMBALALSA.NS,,,20-APR-2026,
INE371P01015,Amber Enterprises India Limited,AMBER,AMBER#,140902,NSE+BSE,NSE/Yahoo Finance,AMBER.NS,,,30-JAN-2018,
INE792B01012,Ambica Agarbathies & Aroma industries Limited,AMBICAAGAR,AMBICAAGAR,532335,NSE+BSE,NSE/Yahoo Finance,AMBICAAGAR.NS,,,29-JUN-2004,
INE540G01014,Ambika Cotton Mills Limited,AMBIKCO,AMBIKCO,531978,NSE+BSE,NSE/Yahoo Finance,AMBIKCO.NS,,,29-JAN-2008,
INE079A01024,Ambuja Cements Limited,AMBUJACEM,AMBUJACEM#,100425,NSE+BSE,NSE/Yahoo Finance,AMBUJACEM.NS,,,18-FEB-1998,
INE275D01022,Amines & Plasticizers Limited,AMNPLST,AMNPLST,506248,NSE+BSE,NSE/Yahoo Finance,AMNPLST.NS,,,10-NOV-2023,
INE05TO01019,Amir Chand Jagdish Kumar (Exports) Limited,AEROPLANE,AEROPLANE,544743,NSE+BSE,NSE/Yahoo Finance,AEROPLANE.NS,,,02-APR-2026,
INE606A01024,Amj Land Holdings Limited,AMJLAND,AMJLAND,500343,NSE+BSE,NSE/Yahoo Finance,AMJLAND.NS,,,08-FEB-1995,
INE098F01031,Amrutanjan Health Care Limited,AMRUTANJAN,AMRUTANJAN,590006,NSE+BSE,NSE/Yahoo Finance,AMRUTANJAN.NS,,,02-JAN-2015,
INE549H01021,Anand Rathi Share and Stock Brokers Limited,ARSSBL,ARSSBL,544530,NSE+BSE,NSE/Yahoo Finance,ARSSBL.NS,,,30-SEP-2025,
INE463V01026,Anand Rathi Wealth Limited,ANANDRATHI,ANANDRATHI#,143415,NSE+BSE,NSE/Yahoo Finance,ANANDRATHI.NS,,,14-DEC-2021,
INE242C01024,Anant Raj Limited,ANANTRAJ,ANANTRAJ#,115055,NSE+BSE,NSE/Yahoo Finance,ANANTRAJ.NS,,,27-SEP-2006,
INE666E01020,Andhra Cements Limited,ACL,ACL,532141,NSE+BSE,NSE/Yahoo Finance,ACL.NS,,,10-MAY-2023,
INE732I01021,Angel One Limited,ANGELONE,ANGELONE#,143235,NSE+BSE,NSE/Yahoo Finance,ANGELONE.NS,,,05-OCT-2020,
INE087B01017,Anik Industries Limited,ANIKINDS,ANIKINDS,519383,NSE+BSE,NSE/Yahoo Finance,ANIKINDS.NS,,,21-MAY-2008,
INE071F01012,Anjani Portland Cement Limited,APCL,APCL,518091,NSE+BSE,NSE/Yahoo Finance,APCL.NS,,,10-APR-2017,
INE106I01010,Ankit Metal & Power Limited,ANKITMETAL,ANKITMETAL,532870,NSE+BSE,NSE/Yahoo Finance,ANKITMETAL.NS,,,14-MAR-2013,
INE0Y8W01025,Anlon Healthcare Limited,AHCL,AHCL,544497,NSE+BSE,NSE/Yahoo Finance,AHCL.NS,,,03-SEP-2025,
INE02AR01019,Anmol India Limited,ANMOL,ANMOL,542437,NSE+BSE,NSE/Yahoo Finance,ANMOL.NS,,,04-JUN-2021,
INE436A01026,Ansal Properties & Infrastructure Limited,ANSALAPI,ANSALAPI,500013,NSE+BSE,NSE/Yahoo Finance,ANSALAPI.NS,,,27-JAN-2006,
INE414B01021,Antarctica Limited,ANTGRAPHIC,ANTGRAPHIC,201552,NSE+BSE,NSE/Yahoo Finance,ANTGRAPHIC.NS,,,31-DEC-1997,
INE818A01017,Antelopus Selan Energy Limited,ANTELOPUS,ANTELOPUS,530075,NSE+BSE,NSE/Yahoo Finance,ANTELOPUS.NS,,,26-SEP-2006,
INE0CZ201020,Anthem Biosciences Limited,ANTHEM,ANTHEM,544449,NSE+BSE,NSE/Yahoo Finance,ANTHEM.NS,,,21-JUL-2025,
INE01BK01022,Antony Waste Handling Cell Limited,AWHCL,AWHCL,543254,NSE+BSE,NSE/Yahoo Finance,AWHCL.NS,,,01-JAN-2021,
INE489G01022,Anuh Pharma Limited,ANUHPHR,ANUHPHR,506260,NSE+BSE,NSE/Yahoo Finance,ANUHPHR.NS,,,20-DEC-2024,
INE930P01018,Anupam Rasayan India Limited,ANURAS,ANURAS,543275,NSE+BSE,NSE/Yahoo Finance,ANURAS.NS,,,24-MAR-2021,
INE372A01015,Apar Industries Limited,APARINDS,APARINDS#,132259,NSE+BSE,NSE/Yahoo Finance,APARINDS.NS,,,12-JUL-2004,
INE116A01032,Apcotex Industries Limited,APCOTEXIND,APCOTEXIND,523694,NSE+BSE,NSE/Yahoo Finance,APCOTEXIND.NS,,,06-SEP-1995,
INE988S01028,Apeejay Surrendra Park Hotels Limited,PARKHOTELS,PARKHOTELS,544111,NSE+BSE,NSE/Yahoo Finance,PARKHOTELS.NS,,,12-FEB-2024,
INE346W01013,Apex Frozen Foods Limited,APEX,APEX,540692,NSE+BSE,NSE/Yahoo Finance,APEX.NS,,,04-SEP-2017,
INE437A01024,Apollo Hospitals Enterprise Limited,APOLLOHOSP,APOLLOHOSP#,108869,NSE+BSE,NSE/Yahoo Finance,APOLLOHOSP.NS,,,10-JAN-1996,
INE713T01028,Apollo Micro Systems Limited,APOLLO,APOLLO,540879,NSE+BSE,NSE/Yahoo Finance,APOLLO.NS,,,22-JAN-2018,
INE126J01016,Apollo Pipes Limited,APOLLOPIPE,APOLLOPIPE,531761,NSE+BSE,NSE/Yahoo Finance,APOLLOPIPE.NS,,,11-NOV-2019,
INE451F01024,Apollo Sindoori Hotels Limited,APOLSINHOT,APOLSINHOT,205935,NSE+BSE,NSE/Yahoo Finance,APOLSINHOT.NS,,,28-JAN-2015,
INE438A01022,Apollo Tyres Limited,APOLLOTYRE,APOLLOTYRE#,100877,NSE+BSE,NSE/Yahoo Finance,APOLLOTYRE.NS,,,31-MAY-1995,
INE266F01018,Aptech Limited,APTECHT,APTECHT,532475,NSE+BSE,NSE/Yahoo Finance,APTECHT.NS,,,27-SEP-2002,
INE852O01025,Aptus Value Housing Finance India Limited,APTUS,APTUS#,143335,NSE+BSE,NSE/Yahoo Finance,APTUS.NS,,,24-AUG-2021,
INE416A01051,Aqylon Nexus Limited,AQYLON,AQYLON,530943,NSE+BSE,NSE/Yahoo Finance,AQYLON.NS,,,01-APR-2024,
INE128X01021,Archean Chemical Industries Limited,ACI,ACI,543657,NSE+BSE,NSE/Yahoo Finance,ACI.NS,,,21-NOV-2022,
INE0CHO01012,Archidply Decor Limited,ADL,ADL,543231,NSE+BSE,NSE/Yahoo Finance,ADL.NS,,,01-OCT-2020,
INE877I01016,Archidply Industries Limited,ARCHIDPLY,ARCHIDPLY,532994,NSE+BSE,NSE/Yahoo Finance,ARCHIDPLY.NS,,,04-JUL-2008,
INE731A01020,Archies Limited,ARCHIES,ARCHIES,532212,NSE+BSE,NSE/Yahoo Finance,ARCHIES.NS,,,02-SEP-1998,
INE784R01023,Arfin India Limited,ARFIN,ARFIN,539151,NSE+BSE,NSE/Yahoo Finance,ARFIN.NS,,,22-JUL-2025,
INE298I01015,Aries Agro Limited,ARIES,ARIES,532935,NSE+BSE,NSE/Yahoo Finance,ARIES.NS,,,11-JAN-2008,
INE420B01036,Arihant Capital Markets Limited,ARIHANTCAP,ARIHANTCAP,511605,NSE+BSE,NSE/Yahoo Finance,ARIHANTCAP.NS,,,15-JUN-2021,
INE413D01011,Arihant Foundations & Housing Limited,ARIHANT,ARIHANT,531381,NSE+BSE,NSE/Yahoo Finance,ARIHANT.NS,,,20-APR-2026,
INE643K01018,Arihant Superstructures Limited,ARIHANTSUP,ARIHANTSUP,506194,NSE+BSE,NSE/Yahoo Finance,ARIHANTSUP.NS,,,28-MAR-2017,
INE0H9P01028,Arisinfra Solutions Limited,ARIS,ARIS,544419,NSE+BSE,NSE/Yahoo Finance,ARIS.NS,,,25-JUN-2025,
INE0QRL01017,Arkade Developers Limited,ARKADE,ARKADE,544261,NSE+BSE,NSE/Yahoo Finance,ARKADE.NS,,,24-SEP-2024,
INE109C01017,Arman Financial Services Limited,ARMANFIN,ARMANFIN,531179,NSE+BSE,NSE/Yahoo Finance,ARMANFIN.NS,,,14-JUN-2016,
INE210C01013,Aro Granite Industries Limited,AROGRANITE,AROGRANITE,513729,NSE+BSE,NSE/Yahoo Finance,AROGRANITE.NS,,,24-APR-2007,
INE570D01018,Arrow Greentech Limited,ARROWGREEN,ARROWGREEN,516064,NSE+BSE,NSE/Yahoo Finance,ARROWGREEN.NS,,,21-MAY-2015,
INE968D01022,Arshiya Limited,ARSHIYA,ARSHIYA,506074,NSE+BSE,NSE/Yahoo Finance,ARSHIYA.NS,,,14-DEC-2009,
INE738V01013,Art Nirman Limited,ARTNIRMAN,ARTNIRMAN,205945,NSE+BSE,NSE/Yahoo Finance,ARTNIRMAN.NS,,,18-OCT-2021,
INE757T01025,Artemis Electricals and Projects Limited,AEPL,AEPL,542670,NSE+BSE,NSE/Yahoo Finance,AEPL.NS,,,12-MAR-2026,
INE025R01021,Artemis Medicare Services Limited,ARTEMISMED,ARTEMISMED,542919,NSE+BSE,NSE/Yahoo Finance,ARTEMISMED.NS,,,23-JAN-2020,
INE006Z01016,Arvee Laboratories (India) Limited,ARVEE,ARVEE,205428,NSE+BSE,NSE/Yahoo Finance,ARVEE.NS,,,22-MAR-2021,
INE955V01021,Arvind Fashions Limited,ARVINDFASN,ARVINDFASN,542484,NSE+BSE,NSE/Yahoo Finance,ARVINDFASN.NS,,,08-MAR-2019,
INE034A01011,Arvind Limited,ARVIND,ARVIND#,100101,NSE+BSE,NSE/Yahoo Finance,ARVIND.NS,,,08-FEB-1995,
INE034S01021,Arvind SmartSpaces Limited,ARVSMART,ARVSMART,539301,NSE+BSE,NSE/Yahoo Finance,ARVSMART.NS,,,26-AUG-2015,
INE439A01020,Asahi India Glass Limited,ASAHIINDIA,ASAHIINDIA#,115030,NSE+BSE,NSE/Yahoo Finance,ASAHIINDIA.NS,,,18-MAR-1998,
INE228I01012,Asahi Songwon Colors Limited,ASAHISONG,ASAHISONG,532853,NSE+BSE,NSE/Yahoo Finance,ASAHISONG.NS,,,29-AUG-2011,
INE348A01023,Ashapura Minechem Limited,ASHAPURMIN,ASHAPURMIN,527001,NSE+BSE,NSE/Yahoo Finance,ASHAPURMIN.NS,,,20-SEP-1995,
INE365D01021,Ashiana Housing Limited,ASHIANA,ASHIANA,523716,NSE+BSE,NSE/Yahoo Finance,ASHIANA.NS,,,29-JUN-2011,
INE094B01013,Ashika Global Securities Limited,ASHIKAG,ASHIKAG,543766,NSE+BSE,NSE/Yahoo Finance,ASHIKAG.NS,,,20-APR-2026,
INE440A01010,Ashima Limited,ASHIMASYN,ASHIMASYN,514286,NSE+BSE,NSE/Yahoo Finance,ASHIMASYN.NS,,,27-JUL-1995,
INE208A01029,Ashok Leyland Limited,ASHOKLEY,ASHOKLEY#,100477,NSE+BSE,NSE/Yahoo Finance,ASHOKLEY.NS,,,25-MAY-1995,
INE442H01029,Ashoka Buildcon Limited,ASHOKA,ASHOKA,533271,NSE+BSE,NSE/Yahoo Finance,ASHOKA.NS,,,14-OCT-2010,
INE760Y01011,Ashoka Metcast Limited,ASHOKAMET,ASHOKAMET,540923,NSE+BSE,NSE/Yahoo Finance,ASHOKAMET.NS,,,27-JUN-2023,
INE276G01015,Asian Energy Services Limited,ASIANENE,ASIANENE,530355,NSE+BSE,NSE/Yahoo Finance,ASIANENE.NS,,,09-DEC-2021,
INE022I01019,Asian Granito India Limited,ASIANTILES,ASIANTILES,532888,NSE+BSE,NSE/Yahoo Finance,ASIANTILES.NS,,,23-AUG-2007,
INE926K01017,Asian Hotels (East) Limited,AHLEAST,AHLEAST,533227,NSE+BSE,NSE/Yahoo Finance,AHLEAST.NS,,,11-AUG-2010,
INE363A01022,Asian Hotels (North) Limited,ASIANHOTNR,ASIANHOTNR,500023,NSE+BSE,NSE/Yahoo Finance,ASIANHOTNR.NS,,,07-APR-2010,
INE915K01010,Asian Hotels (West) Limited,AHLWEST,AHLWEST,533221,NSE+BSE,NSE/Yahoo Finance,AHLWEST.NS,,,05-AUG-2010,
INE021A01026,Asian Paints Limited,ASIANPAINT,ASIANPAINT#,100820,NSE+BSE,NSE/Yahoo Finance,ASIANPAINT.NS,,,31-MAY-1995,
INE194D01017,Asian Star Company Limited,ASTAR,ASTAR,531847,NSE+BSE,NSE/Yahoo Finance,ASTAR.NS,,,20-APR-2026,
INE991I01015,Aspinwall and Company Limited,ASPINWALL,ASPINWALL,204739,NSE+BSE,NSE/Yahoo Finance,ASPINWALL.NS,,,14-JUN-2016,
INE073G01016,Associated Alcohols & Breweries Ltd.,ASALCBR,ASALCBR,507526,NSE+BSE,NSE/Yahoo Finance,ASALCBR.NS,,,12-FEB-2020,
INE563J01010,Astec LifeSciences Limited,ASTEC,ASTEC,533138,NSE+BSE,NSE/Yahoo Finance,ASTEC.NS,,,25-NOV-2009,
INE914M01019,Aster DM Quality Care Limited,ASTERDM,ASTERDM#,140975,NSE+BSE,NSE/Yahoo Finance,ASTERDM.NS,,,26-FEB-2018,
INE386C01029,Astra Microwave Products Limited,ASTRAMICRO,ASTRAMICRO,532493,NSE+BSE,NSE/Yahoo Finance,ASTRAMICRO.NS,,,01-NOV-2004,
INE203A01020,AstraZeneca Pharma India Limited,ASTRAZEN,ASTRAZEN#,106820,NSE+BSE,NSE/Yahoo Finance,ASTRAZEN.NS,,,04-MAY-2001,
INE006I01046,Astral Limited,ASTRAL,ASTRAL#,132830,NSE+BSE,NSE/Yahoo Finance,ASTRAL.NS,,,20-MAR-2007,
INE646X01014,Astron Paper & Board Mill Limited,ASTRON,ASTRON,540824,NSE+BSE,NSE/Yahoo Finance,ASTRON.NS,,,29-DEC-2017,
INE0ALR01029,Atal Realtech Limited,ATALREAL,ATALREAL,543911,NSE+BSE,NSE/Yahoo Finance,ATALREAL.NS,,,12-MAY-2023,
INE09KD01013,Atam Valves Limited,ATAM,ATAM,543236,NSE+BSE,NSE/Yahoo Finance,ATAM.NS,,,10-MAY-2023,
INE0LEZ01016,Ather Energy Limited,ATHERENERG,ATHERENERG,544397,NSE+BSE,NSE/Yahoo Finance,ATHERENERG.NS,,,06-MAY-2025,
INE0Z4F01028,Atlanta Electricals Limited,ATLANTAELE,ATLANTAELE,544527,NSE+BSE,NSE/Yahoo Finance,ATLANTAELE.NS,,,29-SEP-2025,
INE446A01025,Atlas Cycles (Haryana) Limited,ATLASCYCLE,ATLASCYCLE,505029,NSE+BSE,NSE/Yahoo Finance,ATLASCYCLE.NS,,,23-OCT-1996,
INE951D01028,Atul Auto Limited,ATULAUTO,ATULAUTO,531795,NSE+BSE,NSE/Yahoo Finance,ATULAUTO.NS,,,26-JUN-2013,
INE100A01010,Atul Limited,ATUL,ATUL#,100027,NSE+BSE,NSE/Yahoo Finance,ATUL.NS,,,06-MAY-1998,
INE132H01018,Aurionpro Solutions Limited,AURIONPRO,AURIONPRO,532668,NSE+BSE,NSE/Yahoo Finance,AURIONPRO.NS,,,25-OCT-2005,
INE406A01037,Aurobindo Pharma Limited,AUROPHARMA,AUROPHARMA#,124804,NSE+BSE,NSE/Yahoo Finance,AUROPHARMA.NS,,,19-JUL-2000,
INE898S01029,Aurum PropTech Limited,AURUM,AURUM,539289,NSE+BSE,NSE/Yahoo Finance,AURUM.NS,,,19-AUG-2015,
INE218C01016,Ausom Enterprise Limited,AUSOMENT,AUSOMENT,509009,NSE+BSE,NSE/Yahoo Finance,AUSOMENT.NS,,,17-APR-1996,
INE206F01022,Authum Investment & Infrastructure Limited,AIIL,AIIL#,139177,NSE+BSE,NSE/Yahoo Finance,AIIL.NS,,,23-APR-2024,
INE718H01014,Autoline Industries Limited,AUTOIND,AUTOIND,532797,NSE+BSE,NSE/Yahoo Finance,AUTOIND.NS,,,31-JAN-2007,
INE449A01011,Automotive Axles Limited,AUTOAXLES,AUTOAXLES,505010,NSE+BSE,NSE/Yahoo Finance,AUTOAXLES.NS,,,29-MAY-2003,
INE900C01027,Automotive Stampings and Assemblies Limited,ASAL,ASAL,520119,NSE+BSE,NSE/Yahoo Finance,ASAL.NS,,,12-MAR-2002,
INE349W01017,Avadh Sugar & Energy Limited,AVADHSUGAR,AVADHSUGAR,540649,NSE+BSE,NSE/Yahoo Finance,AVADHSUGAR.NS,,,28-JUL-2017,
INE0LCL01028,Avalon Technologies Limited,AVALON,AVALON,543896,NSE+BSE,NSE/Yahoo Finance,AVALON.NS,,,18-APR-2023,
INE005B01027,Avantel Limited,AVANTEL,AVANTEL,532406,NSE+BSE,NSE/Yahoo Finance,AVANTEL.NS,,,31-JUL-2024,
INE871C01038,Avanti Feeds Limited,AVANTIFEED,AVANTIFEED,512573,NSE+BSE,NSE/Yahoo Finance,AVANTIFEED.NS,,,15-APR-2015,
INE192R01011,Avenue Supermarts Limited,DMART,DMART#,140376,NSE+BSE,NSE/Yahoo Finance,DMART.NS,,,21-MAR-2017,
INE483S01020,AvenuesAI Limited,CCAVENUE,CCAVENUE,539807,NSE+BSE,NSE/Yahoo Finance,CCAVENUE.NS,,,04-APR-2016,
INE855F01042,Avio Smart Market Stack Limited,ASMS,ASMS,532694,NSE+BSE,NSE/Yahoo Finance,ASMS.NS,,,09-FEB-2023,
INE323B01024,Avonmore Capital & Management Services Limited,AVONMORE,AVONMORE,511589,NSE+BSE,NSE/Yahoo Finance,AVONMORE.NS,,,04-JAN-2023,
INE108V01019,Awfis Space Solutions Limited,AWFIS,AWFIS,544181,NSE+BSE,NSE/Yahoo Finance,AWFIS.NS,,,30-MAY-2024,
INE238A01034,Axis Bank Limited,AXISBANK,AXISBANK#,132215,NSE+BSE,NSE/Yahoo Finance,AXISBANK.NS,,,16-NOV-1998,
INE02EZ01022,Axita Cotton Limited,AXITA,AXITA,542285,NSE+BSE,NSE/Yahoo Finance,AXITA.NS,,,21-JUN-2022,
INE501X01029,Aye Finance Limited,AYE,AYE,544699,NSE+BSE,NSE/Yahoo Finance,AYE.NS,,,16-FEB-2026,
INE02IJ01035,Azad Engineering Limited,AZAD,AZAD#,144061,NSE+BSE,NSE/Yahoo Finance,AZAD.NS,,,28-DEC-2023,
INE489D01011,B & A Limited,BNALTD,BNALTD,508136,NSE+BSE,NSE/Yahoo Finance,BNALTD.NS,,,20-APR-2026,
INE01EE01011,B&B Triplewall Containers Limited,BBTCL,BBTCL,543668,NSE+BSE,NSE/Yahoo Finance,BBTCL.NS,,,23-NOV-2022,
INE350H01032,B. L. Kashyap and Sons Limited,BLKASHYAP,BLKASHYAP,532719,NSE+BSE,NSE/Yahoo Finance,BLKASHYAP.NS,,,17-MAR-2006,
INE116D01028,B.A.G Films and Media Limited,BAGFILMS,BAGFILMS,532507,NSE+BSE,NSE/Yahoo Finance,BAGFILMS.NS,,,17-OCT-2003,
INE618N01022,BALAXI PHARMACEUTICALS LIMITED,BALAXI,BALAXI,211608,NSE+BSE,NSE/Yahoo Finance,BALAXI.NS,,,30-NOV-2015,
INE373A01013,BASF India Limited,BASF,BASF#,100042,NSE+BSE,NSE/Yahoo Finance,BASF.NS,,,17-MAY-1995,
INE00SW01015,BCPL Railway Infrastructure Limited,BCPL,BCPL,542057,NSE+BSE,NSE/Yahoo Finance,BCPL.NS,,,27-MAR-2026,
INE0N7W01012,BEML Land Assets Limited,BLAL,BLAL,543898,NSE+BSE,NSE/Yahoo Finance,BLAL.NS,,,19-APR-2023,
INE258A01024,BEML Limited,BEML,BEML#,100048,NSE+BSE,NSE/Yahoo Finance,BEML.NS,,,05-NOV-2003,
INE878K01010,BF Investment Limited,BFINVEST,BFINVEST,533303,NSE+BSE,NSE/Yahoo Finance,BFINVEST.NS,,,14-JAN-2011,
INE243D01012,BF Utilities Limited,BFUTILITIE,BFUTILITIE,532430,NSE+BSE,NSE/Yahoo Finance,BFUTILITIE.NS,,,03-MAY-2007,
INE661I01014,BGR Energy Systems Limited,BGRENERGY,BGRENERGY,532930,NSE+BSE,NSE/Yahoo Finance,BGRENERGY.NS,,,03-JAN-2008,
INE071A01013,BIL VYAPAR LIMITED,BILVYAPAR,BILVYAPAR,500059,NSE+BSE,NSE/Yahoo Finance,BILVYAPAR.NS,,,27-SEP-2006,
INE836A01035,BIRLASOFT LIMITED,BSOFT,BSOFT#,132400,NSE+BSE,NSE/Yahoo Finance,BSOFT.NS,,,24-NOV-1999,
INE0UIZ01018,BLACKBUCK LIMITED,BLACKBUCK,BLACKBUCK,544288,NSE+BSE,NSE/Yahoo Finance,BLACKBUCK.NS,,,22-NOV-2024,
INE791A01024,BLB Limited,BLBLIMITED,BLBLIMITED,532290,NSE+BSE,NSE/Yahoo Finance,BLBLIMITED.NS,,,31-MAY-2000,
INE0NLT01010,BLS E-Services Limited,BLSE,BLSE,544107,NSE+BSE,NSE/Yahoo Finance,BLSE.NS,,,06-FEB-2024,
INE153T01027,BLS International Services Limited,BLS,BLS#,140073,NSE+BSE,NSE/Yahoo Finance,BLS.NS,,,14-JUN-2016,
INE965W01036,BMW Ventures Limited,BMWVENTLTD,BMWVENTLTD,544543,NSE+BSE,NSE/Yahoo Finance,BMWVENTLTD.NS,,,01-OCT-2025,
INE00HZ01011,BN Agrochem Limited,BNAGROCHEM,BNAGROCHEM,526125,NSE+BSE,NSE/Yahoo Finance,BNAGROCHEM.NS,,,20-APR-2026,
INE666D01022,BOROSIL RENEWABLES LIMITED,BORORENEW,BORORENEW,502219,NSE+BSE,NSE/Yahoo Finance,BORORENEW.NS,,,25-MAY-2018,
INE782A01015,BOSCH HOME COMFORT INDIA LIMITED,BOSCH-HCIL,BOSCH-HCIL,523398,NSE+BSE,NSE/Yahoo Finance,BOSCH-HCIL.NS,,,03-JAN-2000,
INE110A01019,BPL Limited,BPL,BPL,500074,NSE+BSE,NSE/Yahoo Finance,BPL.NS,,,14-JUN-1995,
INE118H01025,BSE Limited,BSE,BSE,201890,NSE+BSE,NSE/Yahoo Finance,BSE.NS,,,03-FEB-2017,
INE594B01012,BSL Limited,BSL,BSL,514045,NSE+BSE,NSE/Yahoo Finance,BSL.NS,,,27-JUL-1995,
INE01FR01028,Baazar Style Retail Limited,STYLEBAAZA,STYLEBAAZA,544243,NSE+BSE,NSE/Yahoo Finance,STYLEBAAZA.NS,,,06-SEP-2024,
INE878I01022,Bafna Pharmaceuticals Limited,BAFNAPH,BAFNAPH,532989,NSE+BSE,NSE/Yahoo Finance,BAFNAPH.NS,,,27-FEB-2020,
INE020D01022,Baid Finserv Limited,BAIDFIN,BAIDFIN,511724,NSE+BSE,NSE/Yahoo Finance,BAIDFIN.NS,,,20-JAN-2023,
INE917I01010,Bajaj Auto Limited,BAJAJ-AUTO,BAJAJ-AUTO#,132977,NSE+BSE,NSE/Yahoo Finance,BAJAJ-AUTO.NS,,,26-MAY-2008,
INE933K01021,Bajaj Consumer Care Limited,BAJAJCON,BAJAJCON,533229,NSE+BSE,NSE/Yahoo Finance,BAJAJCON.NS,,,18-AUG-2010,
INE193E01025,Bajaj Electricals Limited,BAJAJELEC,BAJAJELEC,500031,NSE+BSE,NSE/Yahoo Finance,BAJAJELEC.NS,,,02-NOV-2007,
INE296A01032,Bajaj Finance Limited,BAJFINANCE,BAJFINANCE#,100034,NSE+BSE,NSE/Yahoo Finance,BAJFINANCE.NS,,,01-APR-2003,
INE918I01026,Bajaj Finserv Limited,BAJAJFINSV,BAJAJFINSV#,132978,NSE+BSE,NSE/Yahoo Finance,BAJAJFINSV.NS,,,26-MAY-2008,
INE411U01027,Bajaj Healthcare Limited,BAJAJHCARE,BAJAJHCARE,539872,NSE+BSE,NSE/Yahoo Finance,BAJAJHCARE.NS,,,25-NOV-2021,
INE306A01021,Bajaj Hindusthan Sugar Limited,BAJAJHIND,BAJAJHIND,500032,NSE+BSE,NSE/Yahoo Finance,BAJAJHIND.NS,,,10-MAY-1995,
INE118A01012,Bajaj Holdings & Investment Limited,BAJAJHLDNG,BAJAJHLDNG#,100490,NSE+BSE,NSE/Yahoo Finance,BAJAJHLDNG.NS,,,15-MAR-1995,
INE377Y01014,Bajaj Housing Finance Limited,BAJAJHFL,BAJAJHFL#,144252,NSE+BSE,NSE/Yahoo Finance,BAJAJHFL.NS,,,16-SEP-2024,
INE704G01024,Bajaj Steel Industries Limited,BAJAJST,BAJAJST,507944,NSE+BSE,NSE/Yahoo Finance,BAJAJST.NS,,,20-APR-2026,
INE0KQN01018,Bajel Projects Limited,BAJEL,BAJEL,544042,NSE+BSE,NSE/Yahoo Finance,BAJEL.NS,,,19-DEC-2023,
INE083D01012,Bal Pharma Limited,BALPHARMA,BALPHARMA,524824,NSE+BSE,NSE/Yahoo Finance,BALPHARMA.NS,,,08-MAY-2006,
INE050E01027,Balaji Amines Limited,BALAMINES,BALAMINES,530999,NSE+BSE,NSE/Yahoo Finance,BALAMINES.NS,,,05-APR-2007,
INE794B01026,Balaji Telefilms Limited,BALAJITELE,BALAJITELE,532382,NSE+BSE,NSE/Yahoo Finance,BALAJITELE.NS,,,22-NOV-2000,
INE787D01026,Balkrishna Industries Limited,BALKRISIND,BALKRISIND#,102355,NSE+BSE,NSE/Yahoo Finance,BALKRISIND.NS,,,27-JAN-2006,
INE875R01011,Balkrishna Paper Mills Limited,BALKRISHNA,BALKRISHNA,539251,NSE+BSE,NSE/Yahoo Finance,BALKRISHNA.NS,,,28-JUL-2015,
INE164A01016,Balmer Lawrie & Company Limited,BALMLAWRIE,BALMLAWRIE,523319,NSE+BSE,NSE/Yahoo Finance,BALMLAWRIE.NS,,,06-JUL-1995,
INE525F01025,Balmer Lawrie Investments Limited,BLIL,BLIL,532485,NSE+BSE,NSE/Yahoo Finance,BLIL.NS,,,20-APR-2026,
INE119A01028,Balrampur Chini Mills Limited,BALRAMCHIN,BALRAMCHIN#,100038,NSE+BSE,NSE/Yahoo Finance,BALRAMCHIN.NS,,,08-FEB-1995,
INE011E01029,Balu Forge Industries Limited,BALUFORGE,BALUFORGE,531112,NSE+BSE,NSE/Yahoo Finance,BALUFORGE.NS,,,29-APR-2024,
INE655B01011,Banaras Beads Limited,BANARBEADS,BANARBEADS,526849,NSE+BSE,NSE/Yahoo Finance,BANARBEADS.NS,,,07-JUL-1995,
INE213C01025,Banco Products (I) Limited,BANCOINDIA,BANCOINDIA,500039,NSE+BSE,NSE/Yahoo Finance,BANCOINDIA.NS,,,22-DEC-2006,
INE545U01014,Bandhan Bank Limited,BANDHANBNK,BANDHANBNK#,141153,NSE+BSE,NSE/Yahoo Finance,BANDHANBNK.NS,,,27-MAR-2018,
INE863I01016,Bang Overseas Limited,BANG,BANG,532946,NSE+BSE,NSE/Yahoo Finance,BANG.NS,,,20-FEB-2008,
INE028A01039,Bank of Baroda,BANKBARODA,BANKBARODA#,132134,NSE+BSE,NSE/Yahoo Finance,BANKBARODA.NS,,,19-FEB-1997,
INE084A01016,Bank of India,BANKINDIA,BANKINDIA#,132149,NSE+BSE,NSE/Yahoo Finance,BANKINDIA.NS,,,30-APR-1997,
INE457A01014,Bank of Maharashtra,MAHABANK,MAHABANK#,132525,NSE+BSE,NSE/Yahoo Finance,MAHABANK.NS,,,12-APR-2004,
INE862Y01015,Banka BioLoo Limited,BANKA,BANKA,203099,NSE+BSE,NSE/Yahoo Finance,BANKA.NS,,,29-OCT-2020,
INE186H01022,Bannari Amman Spinning Mills Limited,BASML,BASML,532674,NSE+BSE,NSE/Yahoo Finance,BASML.NS,,,14-NOV-2005,
INE459A01010,Bannari Amman Sugars Limited,BANARISUG,BANARISUG,500041,NSE+BSE,NSE/Yahoo Finance,BANARISUG.NS,,,28-MAY-2003,
INE0B9K01025,Bansal Wire Industries Limited,BANSALWIRE,BANSALWIRE,544209,NSE+BSE,NSE/Yahoo Finance,BANSALWIRE.NS,,,10-JUL-2024,
INE629D01020,Banswara Syntex Limited,BANSWRAS,BANSWRAS,503722,NSE+BSE,NSE/Yahoo Finance,BANSWRAS.NS,,,11-APR-2007,
INE139I01011,Barak Valley Cements Limited,BVCL,BVCL,532916,NSE+BSE,NSE/Yahoo Finance,BVCL.NS,,,23-NOV-2007,
INE176A01028,Bata India Limited,BATAINDIA,BATAINDIA#,100043,NSE+BSE,NSE/Yahoo Finance,BATAINDIA.NS,,,18-JUN-2003,
INE177C01022,Batliboi Limited,BATLIBOI,BATLIBOI,522004,NSE+BSE,NSE/Yahoo Finance,BATLIBOI.NS,,,20-APR-2026,
INE462A01022,Bayer Cropscience Limited,BAYERCROP,BAYERCROP,506285,NSE+BSE,NSE/Yahoo Finance,BAYERCROP.NS,,,08-JAN-2010,
INE412G01024,Bcl Industries Limited,BCLIND,BCLIND,524332,NSE+BSE,NSE/Yahoo Finance,BCLIND.NS,,,04-MAR-2021,
INE520H01022,Beardsell Limited,BEARDSELL,BEARDSELL,211781,NSE+BSE,NSE/Yahoo Finance,BEARDSELL.NS,,,13-JAN-2015,
INE844K01012,Bedmutha Industries Limited,BEDMUTHA,BEDMUTHA,533270,NSE+BSE,NSE/Yahoo Finance,BEDMUTHA.NS,,,14-OCT-2010,
INE213D01015,Beekay Steel Industries Limited,BEEKAY,BEEKAY,539018,NSE+BSE,NSE/Yahoo Finance,BEEKAY.NS,,,20-APR-2026,
INE344T01014,Bella Casa Fashion & Retail Limited,BELLACASA,BELLACASA,539399,NSE+BSE,NSE/Yahoo Finance,BELLACASA.NS,,,18-JUL-2025,
INE894V01022,Belrise Industries Limited,BELRISE,BELRISE,544405,NSE+BSE,NSE/Yahoo Finance,BELRISE.NS,,,28-MAY-2025,
INE083K01017,Bengal & Assam Company Limited,BENGALASM,BENGALASM,533095,NSE+BSE,NSE/Yahoo Finance,BENGALASM.NS,,,20-APR-2026,
INE463A01038,Berger Paints (I) Limited,BERGEPAINT,BERGEPAINT#,109480,NSE+BSE,NSE/Yahoo Finance,BERGEPAINT.NS,,,24-NOV-1999,
INE052T01021,Best Agrolife Limited,BESTAGRO,BESTAGRO,539660,NSE+BSE,NSE/Yahoo Finance,BESTAGRO.NS,,,10-APR-2024,
INE351Y01019,Beta Drugs Limited,BETA,BETA,203739,NSE+BSE,NSE/Yahoo Finance,BETA.NS,,,24-NOV-2025,
INE354C01027,Bhageria Industries Limited,BHAGERIA,BHAGERIA,530803,NSE+BSE,NSE/Yahoo Finance,BHAGERIA.NS,,,02-MAR-2016,
INE414D01027,Bhagiradha Chemicals & Industries Limited,BHAGCHEM,BHAGCHEM,531719,NSE+BSE,NSE/Yahoo Finance,BHAGCHEM.NS,,,18-OCT-2021,
INE458B01036,Bhagyanagar India Limited,BHAGYANGR,BHAGYANGR,512296,NSE+BSE,NSE/Yahoo Finance,BHAGYANGR.NS,,,17-MAY-2017,
INE474E01029,Bhandari Hosiery Exports Limited,BHANDARI,BHANDARI,512608,NSE+BSE,NSE/Yahoo Finance,BHANDARI.NS,,,30-JAN-2017,
INE922A01025,Bhansali Engineering Polymers Limited,BEPL,BEPL,500052,NSE+BSE,NSE/Yahoo Finance,BEPL.NS,,,21-MAR-2005,
INE464A01036,Bharat Bijlee Limited,BBL,BBL,503960,NSE+BSE,NSE/Yahoo Finance,BBL.NS,,,21-NOV-2006,
INE05XR01022,Bharat Coking Coal Limited,BHARATCOAL,BHARATCOAL,544678,NSE+BSE,NSE/Yahoo Finance,BHARATCOAL.NS,,,19-JAN-2026,
INE171Z01026,Bharat Dynamics Limited,BDL,BDL#,141143,NSE+BSE,NSE/Yahoo Finance,BDL.NS,,,23-MAR-2018,
INE263A01024,Bharat Electronics Limited,BEL,BEL#,100049,NSE+BSE,NSE/Yahoo Finance,BEL.NS,,,19-JUL-2000,
INE465A01025,Bharat Forge Limited,BHARATFORG,BHARATFORG#,100493,NSE+BSE,NSE/Yahoo Finance,BHARATFORG.NS,,,04-APR-2003,
INE561C01019,Bharat Gears Limited,BHARATGEAR,BHARATGEAR,505688,NSE+BSE,NSE/Yahoo Finance,BHARATGEAR.NS,,,03-APR-1996,
INE257A01026,Bharat Heavy Electricals Limited,BHEL,BHEL#,100103,NSE+BSE,NSE/Yahoo Finance,BHEL.NS,,,11-NOV-2003,
INE029A01011,Bharat Petroleum Corporation Limited,BPCL,BPCL#,100547,NSE+BSE,NSE/Yahoo Finance,BPCL.NS,,,13-SEP-1995,
INE838B01021,Bharat Rasayan Limited,BHARATRAS,BHARATRAS,590021,NSE+BSE,NSE/Yahoo Finance,BHARATRAS.NS,,,11-OCT-1995,
INE727S01012,Bharat Road Network Limited,BRNL,BRNL,540700,NSE+BSE,NSE/Yahoo Finance,BRNL.NS,,,18-SEP-2017,
INE415D01024,Bharat Seats Limited,BHARATSE,BHARATSE,523229,NSE+BSE,NSE/Yahoo Finance,BHARATSE.NS,,,24-MAR-2025,
INE316L01019,Bharat Wire Ropes Limited,BHARATWIRE,BHARATWIRE,539799,NSE+BSE,NSE/Yahoo Finance,BHARATWIRE.NS,,,01-APR-2016,
INE397D01024,Bharti Airtel Limited,BHARTIARTL,BHARTIARTL#,132454,NSE+BSE,NSE/Yahoo Finance,BHARTIARTL.NS,,,15-FEB-2002,
INE343G01021,Bharti Hexacom Limited,BHARTIHEXA,BHARTIHEXA#,144162,NSE+BSE,NSE/Yahoo Finance,BHARTIHEXA.NS,,,12-APR-2024,
INE828A01016,Bhartiya International Limited,BIL,BIL,526666,NSE+BSE,NSE/Yahoo Finance,BIL.NS,,,12-APR-2000,
INE274K01012,Bhilwara Technical Textiles Limited,BTTL,BTTL,533108,NSE+BSE,NSE/Yahoo Finance,BTTL.NS,,,20-APR-2026,
INE412U01025,Bigbloc Construction Limited,BIGBLOC,BIGBLOC,540061,NSE+BSE,NSE/Yahoo Finance,BIGBLOC.NS,,,02-SEP-2016,
INE00E101023,Bikaji Foods International Limited,BIKAJI,BIKAJI#,143653,NSE+BSE,NSE/Yahoo Finance,BIKAJI.NS,,,16-NOV-2022,
INE986A01012,Bilcare Limited,BI,BI,526853,NSE+BSE,NSE/Yahoo Finance,BI.NS,,,20-APR-2026,
INE0HOQ01053,Billionbrains Garage Ventures Limited,GROWW,GROWW,544603,NSE+BSE,NSE/Yahoo Finance,GROWW.NS,,,12-NOV-2025,
INE469A01019,Bimetal Bearings Limited,BIMETAL,BIMETAL,505681,NSE+BSE,NSE/Yahoo Finance,BIMETAL.NS,,,20-APR-2026,
INE376G01013,Biocon Limited,BIOCON,BIOCON#,132523,NSE+BSE,NSE/Yahoo Finance,BIOCON.NS,,,07-APR-2004,
INE829A01014,Biofil Chemicals & Pharmaceuticals Limited,BIOFILCHEM,BIOFILCHEM,524396,NSE+BSE,NSE/Yahoo Finance,BIOFILCHEM.NS,,,12-JUN-1996,
INE800A01015,Birla Cable Limited,BIRLACABLE,BIRLACABLE,500060,NSE+BSE,NSE/Yahoo Finance,BIRLACABLE.NS,,,06-DEC-1995,
INE340A01012,Birla Corporation Limited,BIRLACORPN,BIRLACORPN,500335,NSE+BSE,NSE/Yahoo Finance,BIRLACORPN.NS,,,12-APR-1995,
INE372E01025,Birla Precision Technologies Limited,BIRLAPREC,BIRLAPREC,522105,NSE+BSE,NSE/Yahoo Finance,BIRLAPREC.NS,,,20-APR-2026,
INE557A01011,BirlaNu Limited,BIRLANU,BIRLANU,509675,NSE+BSE,NSE/Yahoo Finance,BIRLANU.NS,,,26-APR-1995,
INE676A01027,Black Box Limited,BBOX,BBOX#,100463,NSE+BSE,NSE/Yahoo Finance,BBOX.NS,,,22-JUL-2003,
INE761G01016,Black Rose Inds. Limited,BLACKROSE,BLACKROSE,514183,NSE+BSE,NSE/Yahoo Finance,BLACKROSE.NS,,,20-APR-2026,
INE416D01022,Bliss GVS Pharma Limited,BLISSGVS,BLISSGVS,506197,NSE+BSE,NSE/Yahoo Finance,BLISSGVS.NS,,,26-JUL-2010,
INE657B01025,Blue Chip India Limited,BLUECHIP,BLUECHIP,531936,NSE+BSE,NSE/Yahoo Finance,BLUECHIP.NS,,,12-MAR-1997,
INE472B01011,Blue Coast Hotels Limited,BLUECOAST,BLUECOAST,531495,NSE+BSE,NSE/Yahoo Finance,BLUECOAST.NS,,,16-FEB-2000,
INE233B01017,Blue Dart Express Limited,BLUEDART,BLUEDART#,126612,NSE+BSE,NSE/Yahoo Finance,BLUEDART.NS,,,12-DEC-2002,
INE0KBH01020,Blue Jet Healthcare Limited,BLUEJET,BLUEJET,544009,NSE+BSE,NSE/Yahoo Finance,BLUEJET.NS,,,01-NOV-2023,
INE472A01039,Blue Star Limited,BLUESTARCO,BLUESTARCO#,100067,NSE+BSE,NSE/Yahoo Finance,BLUESTARCO.NS,,,15-JUN-2000,
INE304W01038,BlueStone Jewellery and Lifestyle Limited,BLUESTONE,BLUESTONE,544484,NSE+BSE,NSE/Yahoo Finance,BLUESTONE.NS,,,19-AUG-2025,
INE0U4101014,Bluspring Enterprises Limited,BLUSPRING,BLUSPRING,544414,NSE+BSE,NSE/Yahoo Finance,BLUSPRING.NS,,,11-JUN-2025,
INE338D01028,Bodal Chemicals Limited,BODALCHEM,BODALCHEM,524370,NSE+BSE,NSE/Yahoo Finance,BODALCHEM.NS,,,22-AUG-2011,
INE0EEJ01023,Bodhi Tree Multimedia Limited,BTML,BTML,543767,NSE+BSE,NSE/Yahoo Finance,BTML.NS,,,15-FEB-2023,
INE802W01023,Bohra Industries Limited,BOHRAIND,BOHRAIND,209193,NSE+BSE,NSE/Yahoo Finance,BOHRAIND.NS,,,27-OCT-2022,
INE032A01023,Bombay Dyeing & Mfg Company Limited,BOMDYEING,BOMDYEING,500020,NSE+BSE,NSE/Yahoo Finance,BOMDYEING.NS,,,26-APR-1995,
INE032Z01020,Bombay Super Hybrid Seeds Limited,BSHSL,BSHSL,544757,NSE+BSE,NSE/Yahoo Finance,BSHSL.NS,,,28-OCT-2020,
INE0B9A01018,Bonlon Industries Limited,BONLON,BONLON,543211,NSE+BSE,NSE/Yahoo Finance,BONLON.NS,,,20-FEB-2026,
INE16SF01016,Borana Weaves Limited,BORANA,BORANA,544404,NSE+BSE,NSE/Yahoo Finance,BORANA.NS,,,27-MAY-2025,
INE02PY01013,Borosil Limited,BOROLTD,BOROLTD,543212,NSE+BSE,NSE/Yahoo Finance,BOROLTD.NS,,,22-JUL-2020,
INE02L001032,Borosil Scientific Limited,BOROSCI,BOROSCI,544184,NSE+BSE,NSE/Yahoo Finance,BOROSCI.NS,,,07-JUN-2024,
INE323A01026,Bosch Limited,BOSCHLTD,BOSCHLTD#,100530,NSE+BSE,NSE/Yahoo Finance,BOSCHLTD.NS,,,12-MAY-2003,
INE02RE01045,Brainbees Solutions Limited,FIRSTCRY,FIRSTCRY#,144226,NSE+BSE,NSE/Yahoo Finance,FIRSTCRY.NS,,,13-AUG-2024,
INE977Y01011,Brand Concepts Limited,BCONCEPTS,BCONCEPTS,543442,NSE+BSE,NSE/Yahoo Finance,BCONCEPTS.NS,,,11-JAN-2022,
INE791I01019,Brigade Enterprises Limited,BRIGADE,BRIGADE#,132929,NSE+BSE,NSE/Yahoo Finance,BRIGADE.NS,,,31-DEC-2007,
INE03NU01014,Brigade Hotel Ventures Limited,BRIGHOTEL,BRIGHOTEL,544457,NSE+BSE,NSE/Yahoo Finance,BRIGHOTEL.NS,,,31-JUL-2025,
INE425B01027,Brightcom Group Limited,BCG,BCG,532368,NSE+BSE,NSE/Yahoo Finance,BCG.NS,,,08-MAY-2015,
INE216A01030,Britannia Industries Limited,BRITANNIA,BRITANNIA#,100825,NSE+BSE,NSE/Yahoo Finance,BRITANNIA.NS,,,05-NOV-1998,
INE650L01011,Brooks Laboratories Limited,BROOKS,BROOKS,533543,NSE+BSE,NSE/Yahoo Finance,BROOKS.NS,,,05-SEP-2011,
INE295F01017,Butterfly Gandhimathi Appliances Limited,BUTTERFLY,BUTTERFLY,517421,NSE+BSE,NSE/Yahoo Finance,BUTTERFLY.NS,,,28-APR-2014,
INE0BV301023,C.E. Info Systems Limited,MAPMYINDIA,MAPMYINDIA,543425,NSE+BSE,NSE/Yahoo Finance,MAPMYINDIA.NS,,,21-DEC-2021,
INE752H01013,CARE Ratings Limited,CARERATING,CARERATING,534804,NSE+BSE,NSE/Yahoo Finance,CARERATING.NS,,,26-DEC-2012,
INE482D01024,CARYSIL LIMITED,CARYSIL,CARYSIL,524091,NSE+BSE,NSE/Yahoo Finance,CARYSIL.NS,,,14-JAN-2021,
INE421D01022,CCL Products (India) Limited,CCL,CCL#,119600,NSE+BSE,NSE/Yahoo Finance,CCL.NS,,,07-JUN-2004,
INE482A01020,CEAT Limited,CEATLTD,CEATLTD#,100878,NSE+BSE,NSE/Yahoo Finance,CEATLTD.NS,,,01-FEB-2008,
INE486A01021,CESC Limited,CESC,CESC#,100084,NSE+BSE,NSE/Yahoo Finance,CESC.NS,,,08-FEB-1995,
INE067A01029,CG Power and Industrial Solutions Limited,CGPOWER,CGPOWER#,100093,NSE+BSE,NSE/Yahoo Finance,CGPOWER.NS,,,01-MAR-1995,
INE536H01010,CIE Automotive India Limited,CIEINDIA,CIEINDIA#,132756,NSE+BSE,NSE/Yahoo Finance,CIEINDIA.NS,,,30-AUG-2007,
INE201M01029,CL Educate Limited,CLEDUCATE,CLEDUCATE,540403,NSE+BSE,NSE/Yahoo Finance,CLEDUCATE.NS,,,31-MAR-2017,
INE376C01038,CLC Industries Limited,CLCIND,CLCIND,521082,NSE+BSE,NSE/Yahoo Finance,CLCIND.NS,,,20-DEC-2006,
INE00WV01027,CMR Green Technologies Limited,CMRGREEN,CMRGREEN,544777,NSE+BSE,NSE/Yahoo Finance,CMRGREEN.NS,,,10-JUN-2026,
INE925R01014,CMS Info Systems Limited,CMSINFO,CMSINFO,543441,NSE+BSE,NSE/Yahoo Finance,CMSINFO.NS,,,31-DEC-2021,
INE02ZQ01018,CORONA Remedies Limited,CORONA,CORONA,544644,NSE+BSE,NSE/Yahoo Finance,CORONA.NS,,,15-DEC-2025,
INE757A01017,COSMO FIRST LIMITED,COSMOFIRST,COSMOFIRST,508814,NSE+BSE,NSE/Yahoo Finance,COSMOFIRST.NS,,,25-MAY-1995,
INE521J01018,CP Capital Limited,CPCAP,CPCAP,533260,NSE+BSE,NSE/Yahoo Finance,CPCAP.NS,,,06-OCT-2010,
INE741K01010,CREDITACCESS GRAMEEN LIMITED,CREDITACC,CREDITACC#,141770,NSE+BSE,NSE/Yahoo Finance,CREDITACC.NS,,,23-AUG-2018,
INE679A01013,CSB Bank Limited,CSBBANK,CSBBANK,542867,NSE+BSE,NSE/Yahoo Finance,CSBBANK.NS,,,04-DEC-2019,
INE718F01018,CSL Finance Limited,CSLFINANCE,CSLFINANCE,530067,NSE+BSE,NSE/Yahoo Finance,CSLFINANCE.NS,,,21-JUL-2022,
INE0ZK601013,CSM Technologies Limited,CSM,CSM,544806,NSE+BSE,NSE/Yahoo Finance,CSM.NS,,,02-JUL-2026,
INE11XY01018,Caliber Mining and Logistics Limited,CMLL,CMLL,544833,NSE+BSE,NSE/Yahoo Finance,CMLL.NS,,,24-JUL-2026,
INE526B01014,California Software Company Limited,CALSOFT,CALSOFT,532386,NSE+BSE,NSE/Yahoo Finance,CALSOFT.NS,,,28-JUN-2000,
INE627H01017,Cambridge Technology Enterprises Limited,CTE,CTE,532801,NSE+BSE,NSE/Yahoo Finance,CTE.NS,,,07-FEB-2007,
INE052I01032,Camlin Fine Sciences Limited,CAMLINFINE,CAMLINFINE,532834,NSE+BSE,NSE/Yahoo Finance,CAMLINFINE.NS,,,20-JAN-2015,
INE278Y01022,Campus Activewear Limited,CAMPUS,CAMPUS,543523,NSE+BSE,NSE/Yahoo Finance,CAMPUS.NS,,,09-MAY-2022,
INE477A01020,Can Fin Homes Limited,CANFINHOME,CANFINHOME#,111196,NSE+BSE,NSE/Yahoo Finance,CANFINHOME.NS,,,10-MAY-1995,
INE476A01022,Canara Bank,CANBK,CANBK#,132483,NSE+BSE,NSE/Yahoo Finance,CANBK.NS,,,23-DEC-2002,
INE01TY01017,Canara HSBC Life Insurance Company Limited,CANHLIFE,CANHLIFE,544583,NSE+BSE,NSE/Yahoo Finance,CANHLIFE.NS,,,17-OCT-2025,
INE218I01013,Canara Robeco Asset Management Company Limited,CRAMC,CRAMC,544580,NSE+BSE,NSE/Yahoo Finance,CRAMC.NS,,,16-OCT-2025,
INE068L01024,Cantabil Retail India Limited,CANTABIL,CANTABIL,533267,NSE+BSE,NSE/Yahoo Finance,CANTABIL.NS,,,12-OCT-2010,
INE264T01014,Capacit'e Infraprojects Limited,CAPACITE,CAPACITE,540710,NSE+BSE,NSE/Yahoo Finance,CAPACITE.NS,,,25-SEP-2017,
INE0ILV01024,Capillary Technologies India Limited,CAPILLARY,CAPILLARY,544614,NSE+BSE,NSE/Yahoo Finance,CAPILLARY.NS,,,21-NOV-2025,
INE345H01024,Capital India Finance Limited,CIFL,CIFL,530879,NSE+BSE,NSE/Yahoo Finance,CIFL.NS,,,17-APR-2025,
INE646H01017,Capital Small Finance Bank Limited,CAPITALSFB,CAPITALSFB,544120,NSE+BSE,NSE/Yahoo Finance,CAPITALSFB.NS,,,14-FEB-2024,
INE707C01018,Capital Trust Limited,CAPTRUST,CAPTRUST,511505,NSE+BSE,NSE/Yahoo Finance,CAPTRUST.NS,,,16-JAN-2017,
INE475E01026,Caplin Point Laboratories Limited,CAPLIPOINT,CAPLIPOINT#,124742,NSE+BSE,NSE/Yahoo Finance,CAPLIPOINT.NS,,,23-JUN-2014,
INE180C01042,Capri Global Capital Limited,CGCL,CGCL#,131595,NSE+BSE,NSE/Yahoo Finance,CGCL.NS,,,29-OCT-2010,
INE536P01021,Captain Polyplast Limited,CPL,CPL,536974,NSE+BSE,NSE/Yahoo Finance,CPL.NS,,,23-JUL-2026,
INE120A01034,Carborundum Universal Limited,CARBORUNIV,CARBORUNIV#,113375,NSE+BSE,NSE/Yahoo Finance,CARBORUNIV.NS,,,03-APR-1996,
INE0P6P01016,Career Point Edutech Limited,CPEDU,CPEDU,544499,NSE+BSE,NSE/Yahoo Finance,CPEDU.NS,,,05-SEP-2025,
INE0V7W01012,Carraro India Limited,CARRARO,CARRARO,544320,NSE+BSE,NSE/Yahoo Finance,CARRARO.NS,,,30-DEC-2024,
INE290S01011,Cartrade Tech Limited,CARTRADE,CARTRADE,543333,NSE+BSE,NSE/Yahoo Finance,CARTRADE.NS,,,20-AUG-2021,
INE172A01027,Castrol India Limited,CASTROLIND,CASTROLIND#,100870,NSE+BSE,NSE/Yahoo Finance,CASTROLIND.NS,,,14-MAR-2014,
INE0AG901020,Ceigall India Limited,CEIGALL,CEIGALL,544223,NSE+BSE,NSE/Yahoo Finance,CEIGALL.NS,,,08-AUG-2024,
INE016Q01014,Ceinsys Tech Limited,CEINSYS,CEINSYS,538734,NSE+BSE,NSE/Yahoo Finance,CEINSYS.NS,,,19-FEB-2026,
INE185H01016,Celebrity Fashions Limited,CELEBRITY,CELEBRITY,532695,NSE+BSE,NSE/Yahoo Finance,CELEBRITY.NS,,,12-JAN-2006,
INE0LMW01024,Cello World Limited,CELLO,CELLO#,144012,NSE+BSE,NSE/Yahoo Finance,CELLO.NS,,,06-NOV-2023,
INE686A01026,Cemindia Projects Limited,CEMPRO,CEMPRO,509496,NSE+BSE,NSE/Yahoo Finance,CEMPRO.NS,,,10-FEB-1999,
INE483A01010,Central Bank of India,CENTRALBK,CENTRALBK#,132885,NSE+BSE,NSE/Yahoo Finance,CENTRALBK.NS,,,21-AUG-2007,
INE736A01011,Central Depository Services (India) Limited,CDSL,CDSL,201232,NSE+BSE,NSE/Yahoo Finance,CDSL.NS,,,30-JUN-2017,
INE05HV01027,Central Mine Planning & Design Institute Limited,CMPDI,CMPDI,544739,NSE+BSE,NSE/Yahoo Finance,CMPDI.NS,,,30-MAR-2026,
INE660C01027,Centrum Capital Limited,CENTRUM,CENTRUM,501150,NSE+BSE,NSE/Yahoo Finance,CENTRUM.NS,,,04-APR-2018,
INE320B01020,Centum Electronics Limited,CENTUM,CENTUM,517544,NSE+BSE,NSE/Yahoo Finance,CENTUM.NS,,,05-OCT-2007,
INE485A01015,Century Enka Limited,CENTENKA,CENTENKA,500280,NSE+BSE,NSE/Yahoo Finance,CENTENKA.NS,,,10-MAY-1995,
INE281A01026,Century Extrusions Limited,CENTEXT,CENTEXT,500083,NSE+BSE,NSE/Yahoo Finance,CENTEXT.NS,,,20-JUL-2004,
INE348B01021,Century Plyboards (India) Limited,CENTURYPLY,CENTURYPLY#,132548,NSE+BSE,NSE/Yahoo Finance,CENTURYPLY.NS,,,23-MAR-2006,
INE739E01017,Cera Sanitaryware Limited,CERA,CERA,532443,NSE+BSE,NSE/Yahoo Finance,CERA.NS,,,02-NOV-2007,
INE345B01019,Cerebra Integrated Technologies Limited,CEREBRAINT,CEREBRAINT,532413,NSE+BSE,NSE/Yahoo Finance,CEREBRAINT.NS,,,26-JUN-2013,
INE427F01016,Chalet Hotels Limited,CHALET,CHALET#,142399,NSE+BSE,NSE/Yahoo Finance,CHALET.NS,,,07-FEB-2019,
INE419D01026,Chaman Lal Setia Exports Limited,CLSEL,CLSEL,530307,NSE+BSE,NSE/Yahoo Finance,CLSEL.NS,,,12-MAY-2021,
INE085A01013,Chambal Fertilizers & Chemicals Limited,CHAMBLFERT,CHAMBLFERT#,100085,NSE+BSE,NSE/Yahoo Finance,CHAMBLFERT.NS,,,14-JUN-1995,
INE0TGX01019,Chembond Chemicals Limited,CHEMBONDCH,CHEMBONDCH,544450,NSE+BSE,NSE/Yahoo Finance,CHEMBONDCH.NS,,,23-JUL-2025,
INE995D01025,Chembond Material Technologies Limited,CHEMBOND,CHEMBOND,530871,NSE+BSE,NSE/Yahoo Finance,CHEMBOND.NS,,,20-NOV-2019,
INE03YM01018,Chemcon Speciality Chemicals Limited,CHEMCON,CHEMCON,543233,NSE+BSE,NSE/Yahoo Finance,CHEMCON.NS,,,01-OCT-2020,
INE783X01023,Chemfab Alkalis Limited,CHEMFAB,CHEMFAB,541269,NSE+BSE,NSE/Yahoo Finance,CHEMFAB.NS,,,25-APR-2018,
INE488A01050,Chemplast Sanmar Limited,CHEMPLASTS,CHEMPLASTS,543336,NSE+BSE,NSE/Yahoo Finance,CHEMPLASTS.NS,,,24-AUG-2021,
INE178A01016,Chennai Petroleum Corporation Limited,CHENNPETRO,CHENNPETRO,500110,NSE+BSE,NSE/Yahoo Finance,CHENNPETRO.NS,,,07-JUN-2000,
INE974B01016,Cheviot Company Limited,CHEVIOT,CHEVIOT,526817,NSE+BSE,NSE/Yahoo Finance,CHEVIOT.NS,,,20-JUN-2022,
INE102B01014,Choice International Limited,CHOICEIN,CHOICEIN#,131358,NSE+BSE,NSE/Yahoo Finance,CHOICEIN.NS,,,08-APR-2022,
INE149A01033,Cholamandalam Financial Holdings Limited,CHOLAHLDNG,CHOLAHLDNG#,104973,NSE+BSE,NSE/Yahoo Finance,CHOLAHLDNG.NS,,,25-SEP-2017,
INE121A01024,Cholamandalam Investment and Finance Company Limited,CHOLAFIN,CHOLAFIN#,111243,NSE+BSE,NSE/Yahoo Finance,CHOLAFIN.NS,,,15-MAY-1996,
INE704H01022,Cineline India Limited,CINELINE,CINELINE,532807,NSE+BSE,NSE/Yahoo Finance,CINELINE.NS,,,13-JUN-2012,
INE039B01026,Cinevista Limited,CINEVISTA,CINEVISTA,532324,NSE+BSE,NSE/Yahoo Finance,CINEVISTA.NS,,,02-MAY-2000,
INE059A01026,Cipla Limited,CIPLA,CIPLA#,100087,NSE+BSE,NSE/Yahoo Finance,CIPLA.NS,,,08-FEB-1995,
INE491A01021,City Union Bank Limited,CUB,CUB#,132210,NSE+BSE,NSE/Yahoo Finance,CUB.NS,,,25-AUG-1998,
INE647U01026,Clean Max Enviro Energy Solutions Limited,CLEANMAX,CLEANMAX,544717,NSE+BSE,NSE/Yahoo Finance,CLEANMAX.NS,,,02-MAR-2026,
INE227W01023,Clean Science and Technology Limited,CLEAN,CLEAN#,143318,NSE+BSE,NSE/Yahoo Finance,CLEAN.NS,,,19-JUL-2021,
INE522F01014,Coal India Limited,COALINDIA,COALINDIA#,133278,NSE+BSE,NSE/Yahoo Finance,COALINDIA.NS,,,04-NOV-2010,
INE377E01024,Coastal Corporation Limited,COASTCORP,COASTCORP,501831,NSE+BSE,NSE/Yahoo Finance,COASTCORP.NS,,,08-OCT-2021,
INE704P01025,Cochin Shipyard Limited,COCHINSHIP,COCHINSHIP#,140678,NSE+BSE,NSE/Yahoo Finance,COCHINSHIP.NS,,,11-AUG-2017,
INE335K01011,Coffee Day Enterprises Limited,COFFEEDAY,COFFEEDAY,539436,NSE+BSE,NSE/Yahoo Finance,COFFEEDAY.NS,,,02-NOV-2015,
INE591G01025,Coforge Limited,COFORGE,COFORGE#,132541,NSE+BSE,NSE/Yahoo Finance,COFORGE.NS,,,30-AUG-2004,
INE03QK01018,Cohance Lifesciences Limited,COHANCE,COHANCE#,143064,NSE+BSE,NSE/Yahoo Finance,COHANCE.NS,,,09-MAR-2020,
INE259A01022,Colgate Palmolive (India) Limited,COLPAL,COLPAL#,100830,NSE+BSE,NSE/Yahoo Finance,COLPAL.NS,,,17-DEC-2007,
INE819A01049,Comfort Intech Limited,COMFINTE,COMFINTE,531216,NSE+BSE,NSE/Yahoo Finance,COMFINTE.NS,,,20-APR-2026,
INE073V01015,Commercial Syn Bags Limited,COMSYN,COMSYN,539986,NSE+BSE,NSE/Yahoo Finance,COMSYN.NS,,,23-JAN-2024,
INE070C01037,Compuage Infocom Limited,COMPINFO,COMPINFO,532456,NSE+BSE,NSE/Yahoo Finance,COMPINFO.NS,,,07-JUL-2016,
INE453B01029,Compucom Software Limited,COMPUSOFT,COMPUSOFT,532339,NSE+BSE,NSE/Yahoo Finance,COMPUSOFT.NS,,,02-MAR-2012,
INE596I01020,Computer Age Management Services Limited,CAMS,CAMS#,143232,NSE+BSE,NSE/Yahoo Finance,CAMS.NS,,,07-MAY-2021,
INE338H01029,Concord Biotech Limited,CONCORDBIO,CONCORDBIO#,143960,NSE+BSE,NSE/Yahoo Finance,CONCORDBIO.NS,,,18-AUG-2023,
INE037Z01029,Concord Enviro Systems Limited,CEWATER,CEWATER,544315,NSE+BSE,NSE/Yahoo Finance,CEWATER.NS,,,27-DEC-2024,
INE552D01024,Confidence Petroleum India Limited,CONFIPET,CONFIPET,526829,NSE+BSE,NSE/Yahoo Finance,CONFIPET.NS,,,13-JUN-2019,
INE429I01024,Consolidated Construction Consortium Limited,CCCL,CCCL,532902,NSE+BSE,NSE/Yahoo Finance,CCCL.NS,,,15-OCT-2007,
INE025A01027,Consolidated Finvest & Holdings Limited,CONSOFINVT,CONSOFINVT,203559,NSE+BSE,NSE/Yahoo Finance,CONSOFINVT.NS,,,29-MAR-2005,
INE111A01025,Container Corporation of India Limited,CONCOR,CONCOR#,131344,NSE+BSE,NSE/Yahoo Finance,CONCOR.NS,,,07-MAY-1997,
INE663B01015,Control Print Limited,CONTROLPR,CONTROLPR,522295,NSE+BSE,NSE/Yahoo Finance,CONTROLPR.NS,,,24-JUN-2016,
INE558D01021,Coral India Finance & Housing Limited,CORALFINAC,CORALFINAC,531556,NSE+BSE,NSE/Yahoo Finance,CORALFINAC.NS,,,25-MAR-1996,
INE792I01017,Cords Cable Industries Limited,CORDSCABLE,CORDSCABLE,532941,NSE+BSE,NSE/Yahoo Finance,CORDSCABLE.NS,,,13-FEB-2008,
INE169A01031,Coromandel International Limited,COROMANDEL,COROMANDEL#,106395,NSE+BSE,NSE/Yahoo Finance,COROMANDEL.NS,,,31-MAY-1995,
INE652F01027,Country Club Hospitality & Holidays Limited,CCHHL,CCHHL,526550,NSE+BSE,NSE/Yahoo Finance,CCHHL.NS,,,03-FEB-2015,
INE695B01025,Country Condo's Limited,COUNCODOS,COUNCODOS,531624,NSE+BSE,NSE/Yahoo Finance,COUNCODOS.NS,,,22-JAN-2009,
INE00LO01017,Craftsman Automation Limited,CRAFTSMAN,CRAFTSMAN#,143276,NSE+BSE,NSE/Yahoo Finance,CRAFTSMAN.NS,,,25-MAR-2021,
INE230B01021,Creative Eye Limited,CREATIVEYE,CREATIVEYE,532392,NSE+BSE,NSE/Yahoo Finance,CREATIVEYE.NS,,,20-DEC-2000,
INE985W01018,Creative Newtech Limited,CNL,CNL,544631,NSE+BSE,NSE/Yahoo Finance,CNL.NS,,,05-AUG-2019,
INE220Q01020,Credo Brands Marketing Limited,MUFTI,MUFTI,544058,NSE+BSE,NSE/Yahoo Finance,MUFTI.NS,,,27-DEC-2023,
INE559D01011,Crest Ventures Limited,CREST,CREST,511413,NSE+BSE,NSE/Yahoo Finance,CREST.NS,,,27-DEC-2006,
INE007A01025,Crisil Limited,CRISIL,CRISIL#,100092,NSE+BSE,NSE/Yahoo Finance,CRISIL.NS,,,28-JUN-1995,
INE0S4R01014,Crizac Limited,CRIZAC,CRIZAC,544439,NSE+BSE,NSE/Yahoo Finance,CRIZAC.NS,,,09-JUL-2025,
INE299U01018,Crompton Greaves Consumer Electricals Limited,CROMPTON,CROMPTON#,139876,NSE+BSE,NSE/Yahoo Finance,CROMPTON.NS,,,13-MAY-2016,
INE491V01019,Crown Lifters Limited,CROWN,CROWN,200540,NSE+BSE,NSE/Yahoo Finance,CROWN.NS,,,08-FEB-2022,
INE144D01012,Cubex Tubings Limited,CUBEXTUB,CUBEXTUB,526027,NSE+BSE,NSE/Yahoo Finance,CUBEXTUB.NS,,,24-APR-1996,
INE298A01020,Cummins India Limited,CUMMINSIND,CUMMINSIND#,100480,NSE+BSE,NSE/Yahoo Finance,CUMMINSIND.NS,,,29-MAR-1995,
INE509F01029,Cupid Limited,CUPID,CUPID,530843,NSE+BSE,NSE/Yahoo Finance,CUPID.NS,,,16-SEP-2016,
INE117B01020,Cura Technologies Limited,CURAA,CURAA,532332,NSE+BSE,NSE/Yahoo Finance,CURAA.NS,,,21-MAR-2025,
INE278G01037,Cyber Media (India) Limited,CYBERMEDIA,CYBERMEDIA,532640,NSE+BSE,NSE/Yahoo Finance,CYBERMEDIA.NS,,,10-JUN-2005,
INE214A01019,Cybertech Systems And Software Limited,CYBERTECH,CYBERTECH,532173,NSE+BSE,NSE/Yahoo Finance,CYBERTECH.NS,,,27-JAN-1999,
INE055S01018,Cyient DLM Limited,CYIENTDLM,CYIENTDLM,543933,NSE+BSE,NSE/Yahoo Finance,CYIENTDLM.NS,,,10-JUL-2023,
INE136B01020,Cyient Limited,CYIENT,CYIENT#,132175,NSE+BSE,NSE/Yahoo Finance,CYIENT.NS,,,30-SEP-1998,
INE864X01013,D P Wires Limited,DPWIRES,DPWIRES,543962,NSE+BSE,NSE/Yahoo Finance,DPWIRES.NS,,,17-JAN-2020,
INE250K01012,D-Link (India) Limited,DLINKINDIA,DLINKINDIA,533146,NSE+BSE,NSE/Yahoo Finance,DLINKINDIA.NS,,,18-DEC-2009,
INE266Y01019,D. P. Abhushan Limited,DPABHUSHAN,DPABHUSHAN,544161,NSE+BSE,NSE/Yahoo Finance,DPABHUSHAN.NS,,,03-NOV-2020,
INE950I01011,D.B.Corp Limited,DBCORP,DBCORP,533151,NSE+BSE,NSE/Yahoo Finance,DBCORP.NS,,,06-JAN-2010,
INE921B01025,DB (International) Stock Brokers Limited,DBSTOCKBRO,DBSTOCKBRO,530393,NSE+BSE,NSE/Yahoo Finance,DBSTOCKBRO.NS,,,29-FEB-2012,
INE503A01015,DCB Bank Limited,DCBBANK,DCBBANK,532772,NSE+BSE,NSE/Yahoo Finance,DCBBANK.NS,,,27-OCT-2006,
INE498A01018,DCM  Limited,DCM,DCM,502820,NSE+BSE,NSE/Yahoo Finance,DCM.NS,,,29-MAR-1995,
INE891B01012,DCM Financial Services Limited,DCMFINSERV,DCMFINSERV,511611,NSE+BSE,NSE/Yahoo Finance,DCMFINSERV.NS,,,21-MAY-1997,
INE08KP01019,DCM Nouvelle Limited,DCMNVL,DCMNVL,542729,NSE+BSE,NSE/Yahoo Finance,DCMNVL.NS,,,16-JUL-2019,
INE0OFM01015,DCM Shriram Fine Chemicals Limited,DSFCL,DSFCL,544703,NSE+BSE,NSE/Yahoo Finance,DSFCL.NS,,,17-FEB-2026,
INE843D01027,DCM Shriram Industries Limited,DCMSRIND,DCMSRIND,523369,NSE+BSE,NSE/Yahoo Finance,DCMSRIND.NS,,,24-DEC-2021,
INE0OU201013,DCM Shriram International Limited,DCMSIL,DCMSIL,544702,NSE+BSE,NSE/Yahoo Finance,DCMSIL.NS,,,17-FEB-2026,
INE499A01024,DCM Shriram Limited,DCMSHRIRAM,DCMSHRIRAM#,123367,NSE+BSE,NSE/Yahoo Finance,DCMSHRIRAM.NS,,,12-APR-1995,
INE500A01029,DCW Limited,DCW,DCW,500117,NSE+BSE,NSE/Yahoo Finance,DCW.NS,,,25-MAY-1995,
INE0KL801015,DCX Systems Limited,DCXINDIA,DCXINDIA,543650,NSE+BSE,NSE/Yahoo Finance,DCXINDIA.NS,,,11-NOV-2022,
INE841L01016,DEE Development Engineers Limited,DEEDEV,DEEDEV,544198,NSE+BSE,NSE/Yahoo Finance,DEEDEV.NS,,,26-JUN-2024,
INE726L01027,DELPHI WORLD MONEY LIMITED,DELPHIFX,DELPHIFX,533452,NSE+BSE,NSE/Yahoo Finance,DELPHIFX.NS,,,28-JUN-2011,
INE278R01034,DHARAN INFRA-EPC LIMITED,DHARAN,DHARAN,541161,NSE+BSE,NSE/Yahoo Finance,DHARAN.NS,,,02-APR-2018,
INE303A01010,DIC India Limited,DICIND,DICIND,500089,NSE+BSE,NSE/Yahoo Finance,DICIND.NS,,,30-AUG-1995,
INE0B1K01014,DJ Mediaprint & Logistics Limited,DJML,DJML,543193,NSE+BSE,NSE/Yahoo Finance,DJML.NS,,,05-DEC-2022,
INE271C01023,DLF Limited,DLF,DLF#,132868,NSE+BSE,NSE/Yahoo Finance,DLF.NS,,,05-JUL-2007,
INE505A01010,DMCC SPECIALITY CHEMICALS LIMITED,DMCC,DMCC,506405,NSE+BSE,NSE/Yahoo Finance,DMCC.NS,,,01-DEC-2021,
INE321T01012,DOMS Industries Limited,DOMS,DOMS#,144045,NSE+BSE,NSE/Yahoo Finance,DOMS.NS,,,20-DEC-2023,
INE360C01024,DPSC Limited,DPSCLTD,DPSCLTD,202249,NSE+BSE,NSE/Yahoo Finance,DPSCLTD.NS,,,21-APR-2008,
INE03RS01027,DRC Systems India Limited,DRCSYSTEMS,DRCSYSTEMS,543268,NSE+BSE,NSE/Yahoo Finance,DRCSYSTEMS.NS,,,10-MAR-2021,
INE891A01022,DS Kulkarni Developers Limited,DSKULKARNI,DSKULKARNI,523890,NSE+BSE,NSE/Yahoo Finance,DSKULKARNI.NS,,,08-FEB-1995,
INE055C01020,DSJ Keep Learning Limited,KEEPLEARN,KEEPLEARN,526677,NSE+BSE,NSE/Yahoo Finance,KEEPLEARN.NS,,,01-MAR-1995,
INE016A01026,Dabur India Limited,DABUR,DABUR#,100096,NSE+BSE,NSE/Yahoo Finance,DABUR.NS,,,28-APR-1999,
INE928C01010,Dai-Ichi Karkaria Limited,DAICHI,DAICHI,526821,NSE+BSE,NSE/Yahoo Finance,DAICHI.NS,,,20-APR-2026,
INE00R701025,Dalmia Bharat Limited,DALBHARAT,DALBHARAT#,142216,NSE+BSE,NSE/Yahoo Finance,DALBHARAT.NS,,,22-JAN-2019,
INE495A01022,Dalmia Bharat Sugar and Industries Limited,DALMIASUG,DALMIASUG,500097,NSE+BSE,NSE/Yahoo Finance,DALMIASUG.NS,,,17-JAN-1996,
INE284H01025,Dam Capital Advisors Limited,DAMCAPITAL,DAMCAPITAL,544316,NSE+BSE,NSE/Yahoo Finance,DAMCAPITAL.NS,,,27-DEC-2024,
INE497D01022,Damodar Industries Limited,DAMODARIND,DAMODARIND,521220,NSE+BSE,NSE/Yahoo Finance,DAMODARIND.NS,,,04-JUL-2016,
INE688Y01022,Dangee Dums Limited,DANGEE,DANGEE,209079,NSE+BSE,NSE/Yahoo Finance,DANGEE.NS,,,13-NOV-2020,
INE0IX101010,Data Patterns (India) Limited,DATAPATTNS,DATAPATTNS#,143428,NSE+BSE,NSE/Yahoo Finance,DATAPATTNS.NS,,,24-DEC-2021,
INE365B01017,Datamatics Global Services Limited,DATAMATICS,DATAMATICS,532528,NSE+BSE,NSE/Yahoo Finance,DATAMATICS.NS,,,07-MAY-2004,
INE179G01029,Davangere Sugar Company Limited,DAVANGERE,DAVANGERE,543267,NSE+BSE,NSE/Yahoo Finance,DAVANGERE.NS,,,25-JAN-2024,
INE0A1101019,Dc Infotech And Communication Limited,DCI,DCI,543636,NSE+BSE,NSE/Yahoo Finance,DCI.NS,,,19-OCT-2022,
INE0HR601026,Ddev Plastiks Industries Limited,DDEVPLSTIK,DDEVPLSTIK,543547,NSE+BSE,NSE/Yahoo Finance,DDEVPLSTIK.NS,,,15-JAN-2025,
INE244A01016,De Nora India Limited,DENORA,DENORA,590031,NSE+BSE,NSE/Yahoo Finance,DENORA.NS,,,07-AUG-1997,
INE583C01021,Deccan Cements Limited,DECCANCE,DECCANCE,502137,NSE+BSE,NSE/Yahoo Finance,DECCANCE.NS,,,02-AUG-2007,
INE945F01025,Deccan Gold Mines Limited,DECNGOLD,DECNGOLD,512068,NSE+BSE,NSE/Yahoo Finance,DECNGOLD.NS,,,20-APR-2026,
INE0FHS01024,Deep Industries Limited,DEEPINDS,DEEPINDS,543288,NSE+BSE,NSE/Yahoo Finance,DEEPINDS.NS,,,27-APR-2021,
INE0OPA01027,Deepak Builders & Engineers India Limited,DBEIL,DBEIL,544276,NSE+BSE,NSE/Yahoo Finance,DBEIL.NS,,,28-OCT-2024,
INE501A01019,Deepak Fertilizers and Petrochemicals Corporation Limited,DEEPAKFERT,DEEPAKFERT#,100645,NSE+BSE,NSE/Yahoo Finance,DEEPAKFERT.NS,,,17-JAN-2003,
INE288B01029,Deepak Nitrite Limited,DEEPAKNTR,DEEPAKNTR#,106401,NSE+BSE,NSE/Yahoo Finance,DEEPAKNTR.NS,,,29-SEP-2010,
INE148O01028,Delhivery Limited,DELHIVERY,DELHIVERY#,143529,NSE+BSE,NSE/Yahoo Finance,DELHIVERY.NS,,,24-MAY-2022,
INE124G01033,Delta Corp Limited,DELTACORP,DELTACORP,532848,NSE+BSE,NSE/Yahoo Finance,DELTACORP.NS,,,02-NOV-2007,
INE393A01011,Delta Manufacturing Limited,DELTAMAGNT,DELTAMAGNT,504286,NSE+BSE,NSE/Yahoo Finance,DELTAMAGNT.NS,,,18-OCT-1995,
INE947J01015,Den Networks Limited,DEN,DEN,533137,NSE+BSE,NSE/Yahoo Finance,DEN.NS,,,24-NOV-2009,
INE0R4L01018,Denta Water and Infra Solutions Limited,DENTA,DENTA,544345,NSE+BSE,NSE/Yahoo Finance,DENTA.NS,,,29-JAN-2025,
INE0VOV01021,Dev Accelerator Limited,DEVX,DEVX,544513,NSE+BSE,NSE/Yahoo Finance,DEVX.NS,,,17-SEP-2025,
INE060X01034,Dev Information Technology Limited,DEVIT,DEVIT,543462,NSE+BSE,NSE/Yahoo Finance,DEVIT.NS,,,15-FEB-2022,
INE872J01023,Devyani International Limited,DEVYANI,DEVYANI#,143330,NSE+BSE,NSE/Yahoo Finance,DEVYANI.NS,,,16-AUG-2021,
INE0I3401014,Dhampur Bio Organics Limited,DBOL,DBOL,543593,NSE+BSE,NSE/Yahoo Finance,DBOL.NS,,,08-SEP-2022,
INE041A01016,Dhampur Sugar Mills Limited,DHAMPURSUG,DHAMPURSUG,500119,NSE+BSE,NSE/Yahoo Finance,DHAMPURSUG.NS,,,29-MAR-1995,
INE680A01011,Dhanlaxmi Bank Limited,DHANBANK,DHANBANK,532180,NSE+BSE,NSE/Yahoo Finance,DHANBANK.NS,,,01-APR-2004,
INE435G01025,Dhanuka Agritech Limited,DHANUKA,DHANUKA,507717,NSE+BSE,NSE/Yahoo Finance,DHANUKA.NS,,,29-JUN-2011,
INE00OQ01016,Dharmaj Crop Guard Limited,DHARMAJ,DHARMAJ,543687,NSE+BSE,NSE/Yahoo Finance,DHARMAJ.NS,,,08-DEC-2022,
INE506Z01015,Dhruv Consultancy Services Limited,DHRUV,DHRUV,541302,NSE+BSE,NSE/Yahoo Finance,DHRUV.NS,,,25-NOV-2021,
INE320L01011,Dhunseri Investments Limited,DHUNINV,DHUNINV,533336,NSE+BSE,NSE/Yahoo Finance,DHUNINV.NS,,,18-MAR-2011,
INE341R01014,Dhunseri Tea & Industries Limited,DTIL,DTIL,538902,NSE+BSE,NSE/Yahoo Finance,DTIL.NS,,,20-JAN-2015,
INE477B01010,Dhunseri Ventures Limited,DVL,DVL,523736,NSE+BSE,NSE/Yahoo Finance,DVL.NS,,,11-JAN-2008,
INE927C01020,DiGiSPICE Technologies Limited,DIGISPICE,DIGISPICE,517214,NSE+BSE,NSE/Yahoo Finance,DIGISPICE.NS,,,27-MAY-2008,
INE591D01014,Diamines & Chemicals Limited,DIAMINESQ,DIAMINESQ,500120,NSE+BSE,NSE/Yahoo Finance,DIAMINESQ.NS,,,25-SEP-2023,
INE989C01038,Diamond Power Infrastructure Limited,DIACABS,DIACABS,522163,NSE+BSE,NSE/Yahoo Finance,DIACABS.NS,,,15-SEP-2023,
INE184O01015,Diffusion Engineers Limited,DIFFNKG,DIFFNKG,544264,NSE+BSE,NSE/Yahoo Finance,DIFFNKG.NS,,,04-OCT-2024,
INE03JI01017,Digicontent Limited,DGCONTENT,DGCONTENT,542685,NSE+BSE,NSE/Yahoo Finance,DGCONTENT.NS,,,18-JUN-2019,
INE0PSC01024,Digidrive Distributors Limited,DIGIDRIVE,DIGIDRIVE,544079,NSE+BSE,NSE/Yahoo Finance,DIGIDRIVE.NS,,,10-JAN-2024,
INE0U4701011,Digitide Solutions Limited,DIGITIDE,DIGITIDE,544413,NSE+BSE,NSE/Yahoo Finance,DIGITIDE.NS,,,11-JUN-2025,
INE731U01028,Digjam Limited,DIGJAMLMTD,DIGJAMLMTD,539979,NSE+BSE,NSE/Yahoo Finance,DIGJAMLMTD.NS,,,18-OCT-2021,
INE016M01021,Diligent Media Corporation Limited,DNAMEDIA,DNAMEDIA,540789,NSE+BSE,NSE/Yahoo Finance,DNAMEDIA.NS,,,11-DEC-2017,
INE917M01012,Dilip Buildcon Limited,DBL,DBL,540047,NSE+BSE,NSE/Yahoo Finance,DBL.NS,,,11-AUG-2016,
INE131C01011,Disa India Limited,DISAQ,DISAQ,500068,NSE+BSE,NSE/Yahoo Finance,DISAQ.NS,,,20-APR-2026,
INE836F01026,Dish TV India Limited,DISHTV,DISHTV,532839,NSE+BSE,NSE/Yahoo Finance,DISHTV.NS,,,18-APR-2007,
INE385W01011,Dishman Carbogen Amcis Limited,DCAL,DCAL,540701,NSE+BSE,NSE/Yahoo Finance,DCAL.NS,,,21-SEP-2017,
INE753U01022,Divgi Torqtransfer Systems Limited,DIVGIITTS,DIVGIITTS,543812,NSE+BSE,NSE/Yahoo Finance,DIVGIITTS.NS,,,14-MAR-2023,
INE361B01024,Divi's Laboratories Limited,DIVISLAB,DIVISLAB#,132488,NSE+BSE,NSE/Yahoo Finance,DIVISLAB.NS,,,12-MAR-2003,
INE935N01020,Dixon Technologies (India) Limited,DIXON,DIXON#,140699,NSE+BSE,NSE/Yahoo Finance,DIXON.NS,,,18-SEP-2017,
INE021O01019,Dodla Dairy Limited,DODLA,DODLA,543306,NSE+BSE,NSE/Yahoo Finance,DODLA.NS,,,28-JUN-2021,
INE966A01022,Dolat Algotech Limited,DOLATALGO,DOLATALGO,505526,NSE+BSE,NSE/Yahoo Finance,DOLATALGO.NS,,,12-JAN-2024,
INE325C01035,Dollar Industries Limited,DOLLAR,DOLLAR,541403,NSE+BSE,NSE/Yahoo Finance,DOLLAR.NS,,,21-APR-2017,
INE920A01037,Dolphin Offshore Enterprises (India) Limited,DOLPHIN,DOLPHIN,522261,NSE+BSE,NSE/Yahoo Finance,DOLPHIN.NS,,,21-AUG-2023,
INE668D01028,Donear Industries Limited,DONEAR,DONEAR,512519,NSE+BSE,NSE/Yahoo Finance,DONEAR.NS,,,20-DEC-2006,
INE934C01018,Dr Agarwals Eye Hospital Limited,DRAGARWQ,DRAGARWQ,526783,NSE+BSE,NSE/Yahoo Finance,DRAGARWQ.NS,,,20-APR-2026,
INE943P01029,Dr. Agarwal's Health Care Limited,AGARWALEYE,AGARWALEYE,544350,NSE+BSE,NSE/Yahoo Finance,AGARWALEYE.NS,,,04-FEB-2025,
INE600L01024,Dr. Lal Path Labs Ltd.,LALPATHLAB,LALPATHLAB#,139524,NSE+BSE,NSE/Yahoo Finance,LALPATHLAB.NS,,,23-DEC-2015,
INE089A01031,Dr. Reddy's Laboratories Limited,DRREDDY,DRREDDY#,100124,NSE+BSE,NSE/Yahoo Finance,DRREDDY.NS,,,30-MAY-2003,
INE0JS101016,Dreamfolks Services Limited,DREAMFOLKS,DREAMFOLKS,543591,NSE+BSE,NSE/Yahoo Finance,DREAMFOLKS.NS,,,06-SEP-2022,
INE506A01018,Dredging Corporation of India Limited,DREDGECORP,DREDGECORP,523618,NSE+BSE,NSE/Yahoo Finance,DREDGECORP.NS,,,15-JAN-2004,
INE741L01018,Ducon Infratechnologies Limited,DUCON,DUCON,534674,NSE+BSE,NSE/Yahoo Finance,DUCON.NS,,,09-OCT-2012,
INE366A01041,Dwarikesh Sugar Industries Limited,DWARKESH,DWARKESH,532610,NSE+BSE,NSE/Yahoo Finance,DWARKESH.NS,,,31-DEC-2004,
INE417B01040,Dynacons Systems & Solutions Limited,DSSL,DSSL,532365,NSE+BSE,NSE/Yahoo Finance,DSSL.NS,,,01-DEC-2011,
INE221B01012,Dynamatic Technologies Limited,DYNAMATECH,DYNAMATECH,505242,NSE+BSE,NSE/Yahoo Finance,DYNAMATECH.NS,,,14-SEP-2006,
INE600Y01019,Dynamic Cables Limited,DYCL,DYCL,540795,NSE+BSE,NSE/Yahoo Finance,DYCL.NS,,,27-JUL-2022,
INE256H01015,Dynemic Products Limited,DYNPRO,DYNPRO,532707,NSE+BSE,NSE/Yahoo Finance,DYNPRO.NS,,,19-JUL-2017,
INE255Z01027,E2E Networks Limited,E2E,E2E,544783,NSE+BSE,NSE/Yahoo Finance,E2E.NS,,,12-APR-2022,
INE886D01026,EFC (I) Limited,EFCIL,EFCIL,512008,NSE+BSE,NSE/Yahoo Finance,EFCIL.NS,,,20-AUG-2025,
INE126A01031,EID Parry India Limited,EIDPARRY,EIDPARRY#,100125,NSE+BSE,NSE/Yahoo Finance,EIDPARRY.NS,,,10-MAY-1995,
INE276C01014,EIH Associated Hotels Limited,EIHAHOTELS,EIHAHOTELS,523127,NSE+BSE,NSE/Yahoo Finance,EIHAHOTELS.NS,,,08-APR-2008,
INE230A01023,EIH Limited,EIHOTEL,EIHOTEL#,100840,NSE+BSE,NSE/Yahoo Finance,EIHOTEL.NS,,,08-FEB-1995,
INE927X01018,EL CID Investments Limited,ELCIDIN,ELCIDIN,503681,NSE+BSE,NSE/Yahoo Finance,ELCIDIN.NS,,,20-APR-2026,
INE0OV601013,EMS Limited,EMSLIMITED,EMSLIMITED,543983,NSE+BSE,NSE/Yahoo Finance,EMSLIMITED.NS,,,21-SEP-2023,
INE0G5901015,EPACK Durable Limited,EPACK,EPACK,544095,NSE+BSE,NSE/Yahoo Finance,EPACK.NS,,,30-JAN-2024,
INE255A01020,EPL Limited,EPL,EPL,500135,NSE+BSE,NSE/Yahoo Finance,EPL.NS,,,11-FEB-2002,
INE0MLS01022,EPack Prefab Technologies Limited,EPACKPEB,EPACKPEB,544540,NSE+BSE,NSE/Yahoo Finance,EPACKPEB.NS,,,01-OCT-2025,
INE818W01011,ESAF Small Finance Bank Limited,ESAFSFB,ESAFSFB,544020,NSE+BSE,NSE/Yahoo Finance,ESAFSFB.NS,,,10-NOV-2023,
INE758T01015,ETERNAL LIMITED,ETERNAL,ETERNAL#,143320,NSE+BSE,NSE/Yahoo Finance,ETERNAL.NS,,,23-JUL-2021,
INE962C01035,Eastern Silk Industries Limited,EASTSILK,EASTSILK,590022,NSE+BSE,NSE/Yahoo Finance,EASTSILK.NS,,,03-JUL-1996,
INE07O001026,Easy Trip Planners Limited,EASEMYTRIP,EASEMYTRIP,543272,NSE+BSE,NSE/Yahoo Finance,EASEMYTRIP.NS,,,19-MAR-2021,
INE06HJ01020,Ecos (India) Mobility & Hospitality Limited,ECOSMOBLTY,ECOSMOBLTY,544239,NSE+BSE,NSE/Yahoo Finance,ECOSMOBLTY.NS,,,04-SEP-2024,
INE532F01054,Edelweiss Financial Services Limited,EDELWEISS,EDELWEISS#,132922,NSE+BSE,NSE/Yahoo Finance,EDELWEISS.NS,,,12-DEC-2007,
INE066A01021,Eicher Motors Limited,EICHERMOT,EICHERMOT#,105200,NSE+BSE,NSE/Yahoo Finance,EICHERMOT.NS,,,07-SEP-2004,
INE158B01016,Eimco Elecon (India) Limited,EIMCOELECO,EIMCOELECO,523708,NSE+BSE,NSE/Yahoo Finance,EIMCOELECO.NS,,,17-APR-1996,
INE280B01018,Elantas Beck India Limited,ELANTAS,ELANTAS,500123,NSE+BSE,NSE/Yahoo Finance,ELANTAS.NS,,,20-APR-2026,
INE668G01021,Eldeco Housing And Industries Limited,ELDEHSG,ELDEHSG,523329,NSE+BSE,NSE/Yahoo Finance,ELDEHSG.NS,,,12-APR-2022,
INE205B01031,Elecon Engineering Company Limited,ELECON,ELECON#,105700,NSE+BSE,NSE/Yahoo Finance,ELECON.NS,,,29-SEP-2006,
INE02YR01019,Electronics Mart India Limited,EMIL,EMIL,543626,NSE+BSE,NSE/Yahoo Finance,EMIL.NS,,,17-OCT-2022,
INE086A01029,Electrosteel Castings Limited,ELECTCAST,ELECTCAST,500128,NSE+BSE,NSE/Yahoo Finance,ELECTCAST.NS,,,20-JUN-2003,
INE822G01016,Electrotherm (India) Limited,ELECTHERM,ELECTHERM,526608,NSE+BSE,NSE/Yahoo Finance,ELECTHERM.NS,,,20-AUG-2007,
INE285A01027,Elgi Equipments Limited,ELGIEQUIP,ELGIEQUIP#,122074,NSE+BSE,NSE/Yahoo Finance,ELGIEQUIP.NS,,,22-NOV-1995,
INE819L01012,Elgi Rubber Company Limited,ELGIRUBCO,ELGIRUBCO,200535,NSE+BSE,NSE/Yahoo Finance,ELGIRUBCO.NS,,,10-AUG-2011,
INE050401020,Elin Electronics Limited,ELIN,ELIN,543725,NSE+BSE,NSE/Yahoo Finance,ELIN.NS,,,30-DEC-2022,
INE669R01026,Elitecon International Limited,ELITECON,ELITECON,539533,NSE+BSE,NSE/Yahoo Finance,ELITECON.NS,,,20-APR-2026,
INE236E01022,Ellenbarrie Industrial Gases Limited,ELLEN,ELLEN,544421,NSE+BSE,NSE/Yahoo Finance,ELLEN.NS,,,01-JUL-2025,
INE579B01039,Elpro International Limited,ELPROINTL,ELPROINTL,504000,NSE+BSE,NSE/Yahoo Finance,ELPROINTL.NS,,,20-APR-2026,
INE548C01032,Emami Limited,EMAMILTD,EMAMILTD#,131162,NSE+BSE,NSE/Yahoo Finance,EMAMILTD.NS,,,03-AUG-2006,
INE830C01026,Emami Paper Mills Limited,EMAMIPAP,EMAMIPAP,533208,NSE+BSE,NSE/Yahoo Finance,EMAMIPAP.NS,,,30-MAY-2019,
INE778K01012,Emami Realty Limited,EMAMIREAL,EMAMIREAL,533218,NSE+BSE,NSE/Yahoo Finance,EMAMIREAL.NS,,,28-JUL-2010,
INE069I01010,Embassy Developments Limited,EMBDL,EMBDL,532832,NSE+BSE,NSE/Yahoo Finance,EMBDL.NS,,,23-MAR-2007,
INE168P01015,Emcure Pharmaceuticals Limited,EMCURE,EMCURE#,144210,NSE+BSE,NSE/Yahoo Finance,EMCURE.NS,,,10-JUL-2024,
INE296H01011,Emkay Global Financial Services Limited,EMKAY,EMKAY,532737,NSE+BSE,NSE/Yahoo Finance,EMKAY.NS,,,28-APR-2006,
INE753K01015,Emmbi Industries Limited,EMMBI,EMMBI,533161,NSE+BSE,NSE/Yahoo Finance,EMMBI.NS,,,24-FEB-2010,
INE1C6T01020,Emmvee Photovoltaic Power Limited,EMMVEE,EMMVEE,544608,NSE+BSE,NSE/Yahoo Finance,EMMVEE.NS,,,18-NOV-2025,
INE507F01023,Empower India Limited,EMPOWER,EMPOWER,504351,NSE+BSE,NSE/Yahoo Finance,EMPOWER.NS,,,20-APR-2026,
INE913H01037,Endurance Technologies Limited,ENDURANCE,ENDURANCE#,140153,NSE+BSE,NSE/Yahoo Finance,ENDURANCE.NS,,,19-OCT-2016,
INE306C01019,Energy Development Company Limited,ENERGYDEV,ENERGYDEV,532219,NSE+BSE,NSE/Yahoo Finance,ENERGYDEV.NS,,,02-NOV-2007,
INE510A01028,Engineers India Limited,ENGINERSIN,ENGINERSIN#,132178,NSE+BSE,NSE/Yahoo Finance,ENGINERSIN.NS,,,20-AUG-1997,
INE010601016,Entero Healthcare Solutions Limited,ENTERO,ENTERO,544122,NSE+BSE,NSE/Yahoo Finance,ENTERO.NS,,,16-FEB-2024,
INE265F01028,Entertainment Network (India) Limited,ENIL,ENIL,532700,NSE+BSE,NSE/Yahoo Finance,ENIL.NS,,,15-FEB-2006,
INE0LLY01014,Enviro Infra Engineers Limited,EIEL,EIEL,544290,NSE+BSE,NSE/Yahoo Finance,EIEL.NS,,,29-NOV-2024,
INE071N01016,Epigral Limited,EPIGRAL,EPIGRAL,543332,NSE+BSE,NSE/Yahoo Finance,EPIGRAL.NS,,,18-AUG-2021,
INE217G01035,Equippp Social Impact Technologies Limited,EQUIPPP,EQUIPPP,590057,NSE+BSE,NSE/Yahoo Finance,EQUIPPP.NS,,,19-MAY-2021,
INE063P01018,Equitas Small Finance Bank Limited,EQUITASBNK,EQUITASBNK,543243,NSE+BSE,NSE/Yahoo Finance,EQUITASBNK.NS,,,02-NOV-2020,
INE406M01024,Eris Lifesciences Limited,ERIS,ERIS#,140596,NSE+BSE,NSE/Yahoo Finance,ERIS.NS,,,29-JUN-2017,
INE284A01012,Esab India Limited,ESABINDIA,ESABINDIA,500133,NSE+BSE,NSE/Yahoo Finance,ESABINDIA.NS,,,01-NOV-1995,
INE042A01014,Escorts Kubota Limited,ESCORTS,ESCORTS#,100495,NSE+BSE,NSE/Yahoo Finance,ESCORTS.NS,,,01-MAR-1995,
INE122M01019,Essar Shipping Limited,ESSARSHPNG,ESSARSHPNG,533704,NSE+BSE,NSE/Yahoo Finance,ESSARSHPNG.NS,,,15-NOV-2011,
INE778B01029,Ester Industries Limited,ESTER,ESTER,500136,NSE+BSE,NSE/Yahoo Finance,ESTER.NS,,,20-JUN-2011,
INE04TZ01018,Ethos Limited,ETHOSLTD,ETHOSLTD,543532,NSE+BSE,NSE/Yahoo Finance,ETHOSLTD.NS,,,30-MAY-2022,
INE0KCE01017,Eureka Forbes Limited,EUREKAFORB,EUREKAFORB#,143482,NSE+BSE,NSE/Yahoo Finance,EUREKAFORB.NS,,,11-SEP-2024,
INE546V01010,Euro India Fresh Foods Limited,EIFFL,EIFFL,201720,NSE+BSE,NSE/Yahoo Finance,EIFFL.NS,,,12-OCT-2021,
INE505V01016,Euro Panel Products Limited,EUROBOND,EUROBOND,544461,NSE+BSE,NSE/Yahoo Finance,EUROBOND.NS,,,01-AUG-2025,
INE198501012,Euro Pratik Sales Limited,EUROPRATIK,EUROPRATIK,544519,NSE+BSE,NSE/Yahoo Finance,EUROPRATIK.NS,,,23-SEP-2025,
INE022C01012,Eurotex Industries and Exports Limited,EUROTEXIND,EUROTEXIND,521014,NSE+BSE,NSE/Yahoo Finance,EUROTEXIND.NS,,,31-JAN-1996,
INE128A01029,Eveready Industries India Limited,EVEREADY,EVEREADY,531508,NSE+BSE,NSE/Yahoo Finance,EVEREADY.NS,,,27-APR-2005,
INE295A01018,Everest Industries Limited,EVERESTIND,EVERESTIND,508906,NSE+BSE,NSE/Yahoo Finance,EVERESTIND.NS,,,29-MAR-1995,
INE184H01027,Everest Kanto Cylinder Limited,EKC,EKC,532684,NSE+BSE,NSE/Yahoo Finance,EKC.NS,,,15-DEC-2005,
INE369A01029,Excel Industries Limited,EXCELINDUS,EXCELINDUS,500650,NSE+BSE,NSE/Yahoo Finance,EXCELINDUS.NS,,,16-JUN-2004,
INE606N01019,Excelsoft Technologies Limited,EXCELSOFT,EXCELSOFT,544617,NSE+BSE,NSE/Yahoo Finance,EXCELSOFT.NS,,,26-NOV-2025,
INE777F01014,Exicom Tele-Systems Limited,EXICOM,EXICOM,544133,NSE+BSE,NSE/Yahoo Finance,EXICOM.NS,,,05-MAR-2024,
INE302A01020,Exide Industries Limited,EXIDEIND,EXIDEIND#,100086,NSE+BSE,NSE/Yahoo Finance,EXIDEIND.NS,,,17-JUN-2003,
INE201K01015,Expleo Solutions Limited,EXPLEOSOL,EXPLEOSOL,533121,NSE+BSE,NSE/Yahoo Finance,EXPLEOSOL.NS,,,26-OCT-2009,
INE0GFE01026,Exxaro Tiles Limited,EXXARO,EXXARO,543327,NSE+BSE,NSE/Yahoo Finance,EXXARO.NS,,,16-AUG-2021,
INE512B01022,FCS Software Solutions Limited,FCSSOFT,FCSSOFT,532666,NSE+BSE,NSE/Yahoo Finance,FCSSOFT.NS,,,21-SEP-2005,
INE258B01022,FDC Limited,FDC,FDC,531599,NSE+BSE,NSE/Yahoo Finance,FDC.NS,,,07-AUG-1997,
INE451A01017,FORCE MOTORS LTD,FORCEMOT,FORCEMOT,500033,NSE+BSE,NSE/Yahoo Finance,FORCEMOT.NS,,,14-FEB-2024,
INE388Y01029,FSN E-Commerce Ventures Limited,NYKAA,NYKAA#,143384,NSE+BSE,NSE/Yahoo Finance,NYKAA.NS,,,10-NOV-2021,
INE0HF201011,Fabtech Technologies Limited,FABTECH,FABTECH,544558,NSE+BSE,NSE/Yahoo Finance,FABTECH.NS,,,07-OCT-2025,
INE0DNW01011,Fairchem Organics Limited,FAIRCHEMOR,FAIRCHEMOR,543252,NSE+BSE,NSE/Yahoo Finance,FAIRCHEMOR.NS,,,24-DEC-2020,
INE963C01033,Faze Three Limited,FAZE3Q,FAZE3Q,530079,NSE+BSE,NSE/Yahoo Finance,FAZE3Q.NS,,,18-NOV-2022,
INE007N01010,Fedbank Financial Services Limited,FEDFINA,FEDFINA,544027,NSE+BSE,NSE/Yahoo Finance,FEDFINA.NS,,,30-NOV-2023,
INE417D01020,Fedders Holding Limited,FEDDERSHOL,FEDDERSHOL,511628,NSE+BSE,NSE/Yahoo Finance,FEDDERSHOL.NS,,,20-APR-2026,
INE529A01010,Federal-Mogul Goetze (India) Limited.,FMGOETZE,FMGOETZE,505744,NSE+BSE,NSE/Yahoo Finance,FMGOETZE.NS,,,08-FEB-1995,
INE225B01021,Fermenta Biotech Limited,FERMENTA,FERMENTA,506414,NSE+BSE,NSE/Yahoo Finance,FERMENTA.NS,,,04-AUG-2026,
INE188A01015,Fertilizers and Chemicals Travancore Limited,FACT,FACT,590024,NSE+BSE,NSE/Yahoo Finance,FACT.NS,,,12-APR-1995,
INE296C01020,Fiberweb (India) Limited,FIBERWEB,FIBERWEB,507910,NSE+BSE,NSE/Yahoo Finance,FIBERWEB.NS,,,16-FEB-2022,
INE737H01014,Fiem Industries Limited,FIEMIND,FIEMIND,532768,NSE+BSE,NSE/Yahoo Finance,FIEMIND.NS,,,19-OCT-2006,
INE185E01021,Filatex Fashions Limited,FILATFASH,FILATFASH,532022,NSE+BSE,NSE/Yahoo Finance,FILATFASH.NS,,,06-MAY-2024,
INE816B01035,Filatex India Limited,FILATEX,FILATEX,526227,NSE+BSE,NSE/Yahoo Finance,FILATEX.NS,,,29-AUG-2011,
INE686Y01026,Fine Organic Industries Limited,FINEORG,FINEORG#,141557,NSE+BSE,NSE/Yahoo Finance,FINEORG.NS,,,02-JUL-2018,
INE045J01034,Fineotex Chemical Limited,FCL,FCL,533333,NSE+BSE,NSE/Yahoo Finance,FCL.NS,,,15-JAN-2015,
INE734I01027,Finkurve Financial Services Limited,FINKURVE,FINKURVE,508954,NSE+BSE,NSE/Yahoo Finance,FINKURVE.NS,,,01-OCT-2025,
INE02NC01014,Fino Payments Bank Limited,FINOPB,FINOPB,543386,NSE+BSE,NSE/Yahoo Finance,FINOPB.NS,,,12-NOV-2021,
INE235A01022,Finolex Cables Limited,FINCABLES,FINCABLES#,100144,NSE+BSE,NSE/Yahoo Finance,FINCABLES.NS,,,15-FEB-1995,
INE183A01024,Finolex Industries Limited,FINPIPE,FINPIPE#,100940,NSE+BSE,NSE/Yahoo Finance,FINPIPE.NS,,,08-FEB-1995,
INE684F01012,Firstsource Solutions Limited,FSL,FSL#,132809,NSE+BSE,NSE/Yahoo Finance,FSL.NS,,,22-FEB-2007,
INE771F01041,Fischer Medical Ventures Limited,FISCHER,FISCHER,524743,NSE+BSE,NSE/Yahoo Finance,FISCHER.NS,,,10-JUL-2025,
INE128S01021,Five-Star Business Finance Limited,FIVESTAR,FIVESTAR#,143663,NSE+BSE,NSE/Yahoo Finance,FIVESTAR.NS,,,21-NOV-2022,
INE00Y201027,Flair Writing Industries Limited,FLAIR,FLAIR,544030,NSE+BSE,NSE/Yahoo Finance,FLAIR.NS,,,01-DEC-2023,
INE060J01017,Flexituff Ventures International Limited,FLEXITUFF,FLEXITUFF,533638,NSE+BSE,NSE/Yahoo Finance,FLEXITUFF.NS,,,19-OCT-2011,
INE593W01028,Focus Lighting and Fixtures Limited,FOCUS,FOCUS$,210685,NSE+BSE,NSE/Yahoo Finance,FOCUS.NS,,,24-NOV-2021,
INE976E01023,Foods & Inns Limited,FOODSIN,FOODSIN,507552,NSE+BSE,NSE/Yahoo Finance,FOODSIN.NS,,,16-NOV-2021,
INE061F01013,Fortis Healthcare Limited,FORTIS,FORTIS#,132843,NSE+BSE,NSE/Yahoo Finance,FORTIS.NS,,,09-MAY-2007,
INE519A01011,Foseco India Limited,FOSECOIND,FOSECOIND,500150,NSE+BSE,NSE/Yahoo Finance,FOSECOIND.NS,,,05-MAY-2003,
INE212S01015,Fractal Analytics Limited,FRACTAL,FRACTAL,544700,NSE+BSE,NSE/Yahoo Finance,FRACTAL.NS,,,16-FEB-2026,
INE572D01014,Frontier Springs Limited,FRONTSP,FRONTSP,522195,NSE+BSE,NSE/Yahoo Finance,FRONTSP.NS,,,20-APR-2026,
INE12UR01024,Fujiyama Power Systems Limited,UTLSOLAR,UTLSOLAR,544613,NSE+BSE,NSE/Yahoo Finance,UTLSOLAR.NS,,,20-NOV-2025,
INE139R01012,Fusion Finance Limited,FUSION,FUSION,543652,NSE+BSE,NSE/Yahoo Finance,FUSION.NS,,,15-NOV-2022,
IN9623B01058,Future Enterprises Limited,FELDVR,FELDVR,570002,NSE+BSE,NSE/Yahoo Finance,FELDVR.NS,,,13-FEB-2009,
INE623B01027,Future Enterprises Limited,FEL,FEL,523574,NSE+BSE,NSE/Yahoo Finance,FEL.NS,,,05-NOV-2001,
INE452O01016,Future Lifestyle Fashions Limited,FLFL,FLFL,536507,NSE+BSE,NSE/Yahoo Finance,FLFL.NS,,,01-OCT-2013,
INE360L01017,Future Market Networks Limited,FMNL,FMNL,533296,NSE+BSE,NSE/Yahoo Finance,FMNL.NS,,,31-DEC-2010,
INE201P01022,G R Infraprojects Limited,GRINFRA,GRINFRA#,143317,NSE+BSE,NSE/Yahoo Finance,GRINFRA.NS,,,19-JUL-2021,
INE586X01012,G-TEC JAINX EDUCATION LIMITED,GTECJAINX,GTECJAINX,204471,NSE+BSE,NSE/Yahoo Finance,GTECJAINX.NS,,,13-NOV-2020,
INE224E01028,GACM Technologies Limited,GATECH,GATECH,531723,NSE+BSE,NSE/Yahoo Finance,GATECH.NS,,,25-JUL-2016,
INE224E01036,GACM Technologies Limited,GATECHDVR,GATECHDVR,570005,NSE+BSE,NSE/Yahoo Finance,GATECHDVR.NS,,,10-OCT-2017,
INE129A01019,GAIL (India) Limited,GAIL,GAIL#,132155,NSE+BSE,NSE/Yahoo Finance,GAIL.NS,,,02-APR-1997,
INE460C01014,GANESH HOUSING LIMITED,GANESHHOU,GANESHHOU#,126367,NSE+BSE,NSE/Yahoo Finance,GANESHHOU.NS,,,02-MAR-2007,
INE878A01011,GE Power India Limited,GVPIL,GVPIL,532309,NSE+BSE,NSE/Yahoo Finance,GVPIL.NS,,,19-APR-2000,
INE200A01026,GE Vernova T&D India Limited,GVT&D,GVTD#,122275,NSE+BSE,NSE/Yahoo Finance,GVT&D.NS,,,30-JUN-2008,
INE538A01037,GFL Limited,GFLLIMITED,GFLLIMITED,500173,NSE+BSE,NSE/Yahoo Finance,GFLLIMITED.NS,,,25-MAY-1995,
INE539A01019,GHCL Limited,GHCL,GHCL,500171,NSE+BSE,NSE/Yahoo Finance,GHCL.NS,,,31-JUL-2003,
INE0PA801013,GHCL Textiles Limited,GHCLTEXTIL,GHCLTEXTIL,543918,NSE+BSE,NSE/Yahoo Finance,GHCLTEXTIL.NS,,,12-JUN-2023,
INE289B01019,GIC Housing Finance Limited,GICHSGFIN,GICHSGFIN,511676,NSE+BSE,NSE/Yahoo Finance,GICHSGFIN.NS,,,08-MAY-1996,
INE1AG301022,GK Energy Limited,GKENERGY,GKENERGY,544525,NSE+BSE,NSE/Yahoo Finance,GKENERGY.NS,,,26-SEP-2025,
INE528A01020,GKW Limited,GKWLIMITED,GKWLIMITED,203307,NSE+BSE,NSE/Yahoo Finance,GKWLIMITED.NS,,,20-JUL-2009,
INE581X01021,GLOBE ENTERPRISES (INDIA) LIMITED,GLOBE,GLOBE,208134,NSE+BSE,NSE/Yahoo Finance,GLOBE.NS,,,07-OCT-2020,
INE075D01018,GM Breweries Limited,GMBREW,GMBREW,507488,NSE+BSE,NSE/Yahoo Finance,GMBREW.NS,,,23-AUG-1995,
INE541A01023,GMM Pfaudler Limited,GMMPFAUDLR,GMMPFAUDLR,505255,NSE+BSE,NSE/Yahoo Finance,GMMPFAUDLR.NS,,,05-MAR-2018,
INE776C01039,GMR AIRPORTS LIMITED,GMRAIRPORT,GMRAIRPORT#,132754,NSE+BSE,NSE/Yahoo Finance,GMRAIRPORT.NS,,,21-AUG-2006,
INE0CU601026,GMR Power and Urban Infra Limited,GMRP&UI,GMRP&UI,543490,NSE+BSE,NSE/Yahoo Finance,GMRP&UI.NS,,,23-MAR-2022,
INE934S01014,GNA Axles Limited,GNA,GNA,540124,NSE+BSE,NSE/Yahoo Finance,GNA.NS,,,26-SEP-2016,
INE18JU01028,GNG Electronics Limited,EBGNG,EBGNG,544455,NSE+BSE,NSE/Yahoo Finance,EBGNG.NS,,,30-JUL-2025,
INE077F01035,GOCL Corporation Limited,GOCLCORP,GOCLCORP,506480,NSE+BSE,NSE/Yahoo Finance,GOCLCORP.NS,,,26-JUN-2014,
INE586G01017,GP Petroleums Limited,GULFPETRO,GULFPETRO,532543,NSE+BSE,NSE/Yahoo Finance,GULFPETRO.NS,,,24-SEP-2004,
INE486R01017,GPT Healthcare Limited,GPTHEALTH,GPTHEALTH,544131,NSE+BSE,NSE/Yahoo Finance,GPTHEALTH.NS,,,29-FEB-2024,
INE390G01014,GPT Infraprojects Limited,GPTINFRA,GPTINFRA,533761,NSE+BSE,NSE/Yahoo Finance,GPTINFRA.NS,,,11-JUL-2016,
INE192H01020,GRM Overseas Limited,GRMOVER,GRMOVER,531449,NSE+BSE,NSE/Yahoo Finance,GRMOVER.NS,,,07-SEP-2022,
INE137I01015,GRP Limited,GRPLTD,GRPLTD,509152,NSE+BSE,NSE/Yahoo Finance,GRPLTD.NS,,,12-FEB-2015,
INE713R01022,GSP Crop Science Limited,GSPCROP,GSPCROP,544733,NSE+BSE,NSE/Yahoo Finance,GSPCROP.NS,,,24-MAR-2026,
INE871H01011,GSS Infotech Limited,GSS,GSS,532951,NSE+BSE,NSE/Yahoo Finance,GSS.NS,,,07-MAR-2008,
INE221H01019,GTL Infrastructure Limited,GTLINFRA,GTLINFRA,532775,NSE+BSE,NSE/Yahoo Finance,GTLINFRA.NS,,,09-NOV-2006,
INE043A01012,GTL Limited,GTL,GTL,500160,NSE+BSE,NSE/Yahoo Finance,GTL.NS,,,29-MAR-1995,
INE869I01013,GTPL Hathway Limited,GTPL,GTPL,540602,NSE+BSE,NSE/Yahoo Finance,GTPL.NS,,,04-JUL-2017,
INE844O01030,GUJARAT ENERGY LIMITED,GUJENERGY,GUJENERGY#,139336,NSE+BSE,NSE/Yahoo Finance,GUJENERGY.NS,,,15-SEP-2015,
INE251H01024,GVK Power & Infrastructure Limited,GVKPIL,GVKPIL,532708,NSE+BSE,NSE/Yahoo Finance,GVKPIL.NS,,,27-FEB-2006,
INE382T01030,GVP Infotech Limited,GVPTECH,GVPTECH,209405,NSE+BSE,NSE/Yahoo Finance,GVPTECH.NS,,,06-SEP-2022,
INE524A01029,Gabriel India Limited,GABRIEL,GABRIEL,505714,NSE+BSE,NSE/Yahoo Finance,GABRIEL.NS,,,20-APR-2005,
INE0RE001014,Gala Precision Engineering Limited,GALAPREC,GALAPREC,544244,NSE+BSE,NSE/Yahoo Finance,GALAPREC.NS,,,09-SEP-2024,
INE600K01018,Galaxy Surfactants Limited,GALAXYSURF,GALAXYSURF,540935,NSE+BSE,NSE/Yahoo Finance,GALAXYSURF.NS,,,08-FEB-2018,
INE297H01019,Gallantt Ispat Limited,GALLANTT,GALLANTT,532726,NSE+BSE,NSE/Yahoo Finance,GALLANTT.NS,,,04-APR-2006,
INE717W01049,Gandhar Oil Refinery (India) Limited,GANDHAR,GANDHAR,544029,NSE+BSE,NSE/Yahoo Finance,GANDHAR.NS,,,30-NOV-2023,
INE524B01027,Gandhi Special Tubes Limited,GANDHITUBE,GANDHITUBE,513108,NSE+BSE,NSE/Yahoo Finance,GANDHITUBE.NS,,,31-JAN-2007,
INE388A01029,Ganesh Benzoplast Limited,GANESHBE,GANESHBE,500153,NSE+BSE,NSE/Yahoo Finance,GANESHBE.NS,,,16-SEP-2021,
INE652V01016,Ganesh Consumer Products Limited,GANESHCP,GANESHCP,544528,NSE+BSE,NSE/Yahoo Finance,GANESHCP.NS,,,29-SEP-2025,
INE845D01014,Ganesha Ecosphere Limited,GANECOS,GANECOS,514167,NSE+BSE,NSE/Yahoo Finance,GANECOS.NS,,,09-MAR-2015,
INE691Z01023,Ganga Forging Limited,GANGAFORGE,GANGAFORGE,208199,NSE+BSE,NSE/Yahoo Finance,GANGAFORGE.NS,,,06-JUL-2021,
INE335W01016,Ganges Securities Limited,GANGESSECU,GANGESSECU,540647,NSE+BSE,NSE/Yahoo Finance,GANGESSECU.NS,,,28-JUL-2017,
INE382Z01011,Garden Reach Shipbuilders & Engineers Limited,GRSE,GRSE#,142011,NSE+BSE,NSE/Yahoo Finance,GRSE.NS,,,10-OCT-2018,
INE0JVO01026,Garuda Construction and Engineering Limited,GARUDA,GARUDA,544271,NSE+BSE,NSE/Yahoo Finance,GARUDA.NS,,,15-OCT-2024,
INE291A01017,Garware Hi-Tech Films Limited,GRWRHITECH,GRWRHITECH#,100655,NSE+BSE,NSE/Yahoo Finance,GRWRHITECH.NS,,,03-FEB-2022,
INE276A01018,Garware Technical Fibres Limited,GARFIBRES,GARFIBRES,509557,NSE+BSE,NSE/Yahoo Finance,GARFIBRES.NS,,,03-APR-2007,
INE079J01017,Gateway Distriparks Limited,GATEWAY,GATEWAY,543489,NSE+BSE,NSE/Yahoo Finance,GATEWAY.NS,,,22-MAR-2022,
INE0P8B01020,Gaudium IVF and Women Health Limited,GAUDIUMIVF,GAUDIUMIVF,544709,NSE+BSE,NSE/Yahoo Finance,GAUDIUMIVF.NS,,,27-FEB-2026,
INE287Z01012,Gayatri Highways Limited,GAYAHWS,GAYAHWS,541546,NSE+BSE,NSE/Yahoo Finance,GAYAHWS.NS,,,28-JUN-2018,
INE336H01023,Gayatri Projects Limited,GAYAPROJ,GAYAPROJ,532767,NSE+BSE,NSE/Yahoo Finance,GAYAPROJ.NS,,,22-AUG-2011,
INE916G01016,GeeCee Ventures Limited,GEECEE,GEECEE,532764,NSE+BSE,NSE/Yahoo Finance,GEECEE.NS,,,04-OCT-2006,
INE669X01032,Geekay Wires Limited,GEEKAYWIRE,GEEKAYWIRE,210728,NSE+BSE,NSE/Yahoo Finance,GEEKAYWIRE.NS,,,06-MAR-2020,
INE06XZ01023,Gem Aromatics Limited,GEMAROMA,GEMAROMA,544491,NSE+BSE,NSE/Yahoo Finance,GEMAROMA.NS,,,26-AUG-2025,
INE481Y01014,General Insurance Corporation of India,GICRE,GICRE#,140755,NSE+BSE,NSE/Yahoo Finance,GICRE.NS,,,25-OCT-2017,
INE854S01022,Generic Engineering Construction and Projects Limited,GENCON,GENCON,539407,NSE+BSE,NSE/Yahoo Finance,GENCON.NS,,,16-FEB-2021,
INE727B01026,Genesys International Corporation Limited,GENESYS,GENESYS,506109,NSE+BSE,NSE/Yahoo Finance,GENESYS.NS,,,23-JAN-2003,
INE06H201014,Gensol Engineering Limited,GENSOL,GENSOL,542851,NSE+BSE,NSE/Yahoo Finance,GENSOL.NS,,,03-JUL-2023,
INE949P01018,Genus Paper & Boards Limited,GENUSPAPER,GENUSPAPER,538961,NSE+BSE,NSE/Yahoo Finance,GENUSPAPER.NS,,,16-FEB-2015,
INE955D01029,Genus Power Infrastructures Limited,GENUSPOWER,GENUSPOWER#,130343,NSE+BSE,NSE/Yahoo Finance,GENUSPOWER.NS,,,08-JUL-2005,
INE007B01023,Geojit Financial Services Limited,GEOJITFSL,GEOJITFSL,532285,NSE+BSE,NSE/Yahoo Finance,GEOJITFSL.NS,,,01-JUL-2005,
INE047B01011,Gillanders Arbuthnot & Company Limited,GILLANDERS,GILLANDERS,532716,NSE+BSE,NSE/Yahoo Finance,GILLANDERS.NS,,,14-DEC-2009,
INE322A01010,Gillette India Limited,GILLETTE,GILLETTE#,107815,NSE+BSE,NSE/Yahoo Finance,GILLETTE.NS,,,30-JUL-2003,
INE424C01010,Ginni Filaments Limited,GINNIFILA,GINNIFILA,590025,NSE+BSE,NSE/Yahoo Finance,GINNIFILA.NS,,,10-MAY-1995,
INE068V01023,Gland Pharma Limited,GLAND,GLAND#,143245,NSE+BSE,NSE/Yahoo Finance,GLAND.NS,,,20-NOV-2020,
INE159A01016,GlaxoSmithKline Pharmaceuticals Limited,GLAXO,GLAXO#,100660,NSE+BSE,NSE/Yahoo Finance,GLAXO.NS,,,15-DEC-2000,
INE935A01035,Glenmark Pharmaceuticals Limited,GLENMARK,GLENMARK#,132296,NSE+BSE,NSE/Yahoo Finance,GLENMARK.NS,,,07-FEB-2000,
INE291W01037,Global Education Limited,GLOBAL,GLOBAL,212255,NSE+BSE,NSE/Yahoo Finance,GLOBAL.NS,,,07-DEC-2020,
INE474Q01031,Global Health Limited,MEDANTA,MEDANTA#,143654,NSE+BSE,NSE/Yahoo Finance,MEDANTA.NS,,,16-NOV-2022,
INE0JSX01015,Global Surfaces Limited,GSLSU,GSLSU,543829,NSE+BSE,NSE/Yahoo Finance,GSLSU.NS,,,23-MAR-2023,
INE792H01019,Global Vectra Helicorp Limited,GLOBALVECT,GLOBALVECT,532773,NSE+BSE,NSE/Yahoo Finance,GLOBALVECT.NS,,,27-OCT-2006,
INE0URU01010,Globale Tessile Limited,GLOBALE,GLOBALE,544234,NSE+BSE,NSE/Yahoo Finance,GLOBALE.NS,,,27-AUG-2024,
INE0V3U01015,Globe Civil Projects Limited,GLOBECIVIL,GLOBECIVIL,544424,NSE+BSE,NSE/Yahoo Finance,GLOBECIVIL.NS,,,01-JUL-2025,
INE947T01022,Globe International Carriers Limited,GICL,GICL,204730,NSE+BSE,NSE/Yahoo Finance,GICL.NS,,,18-FEB-2026,
INE615I01010,Globus Spirits Limited,GLOBUSSPR,GLOBUSSPR,533104,NSE+BSE,NSE/Yahoo Finance,GLOBUSSPR.NS,,,23-SEP-2009,
INE350Z01018,Gloster Limited,GLOSTERLTD,GLOSTERLTD,542351,NSE+BSE,NSE/Yahoo Finance,GLOSTERLTD.NS,,,26-APR-2024,
INE0TQE01026,Glottis Limited,GLOTTIS,GLOTTIS,544557,NSE+BSE,NSE/Yahoo Finance,GLOTTIS.NS,,,07-OCT-2025,
INE03JT01014,Go Digit General Insurance Limited,GODIGIT,GODIGIT#,144179,NSE+BSE,NSE/Yahoo Finance,GODIGIT.NS,,,23-MAY-2024,
INE0BJS01011,Go Fashion (India) Limited,GOCOLORS,GOCOLORS,543401,NSE+BSE,NSE/Yahoo Finance,GOCOLORS.NS,,,30-NOV-2021,
INE426D01013,Goa Carbon Limited,GOACARBON,GOACARBON,509567,NSE+BSE,NSE/Yahoo Finance,GOACARBON.NS,,,05-JUN-2007,
INE497S01012,Godavari Biorefineries Limited,GODAVARIB,GODAVARIB,544279,NSE+BSE,NSE/Yahoo Finance,GODAVARIB.NS,,,30-OCT-2024,
INE177H01039,Godawari Power And Ispat limited,GPIL,GPIL#,132734,NSE+BSE,NSE/Yahoo Finance,GPIL.NS,,,25-APR-2006,
INE260B01028,Godfrey Phillips India Limited,GODFRYPHLP,GODFRYPHLP#,100163,NSE+BSE,NSE/Yahoo Finance,GODFRYPHLP.NS,,,24-JUL-1996,
INE850D01014,Godrej Agrovet Limited,GODREJAGRO,GODREJAGRO#,140743,NSE+BSE,NSE/Yahoo Finance,GODREJAGRO.NS,,,16-OCT-2017,
INE102D01028,Godrej Consumer Products Limited,GODREJCP,GODREJCP#,132424,NSE+BSE,NSE/Yahoo Finance,GODREJCP.NS,,,20-JUN-2001,
INE233A01035,Godrej Industries Limited,GODREJIND,GODREJIND#,100164,NSE+BSE,NSE/Yahoo Finance,GODREJIND.NS,,,25-FEB-2003,
INE484J01027,Godrej Properties Limited,GODREJPROP,GODREJPROP#,133150,NSE+BSE,NSE/Yahoo Finance,GODREJPROP.NS,,,05-JAN-2010,
INE887G01027,Gokaldas Exports Limited,GOKEX,GOKEX,532630,NSE+BSE,NSE/Yahoo Finance,GOKEX.NS,,,27-APR-2005,
INE314T01033,Gokul Agro Resources Limited,GOKULAGRO,GOKULAGRO,539725,NSE+BSE,NSE/Yahoo Finance,GOKULAGRO.NS,,,11-MAR-2016,
INE020J01029,Gokul Refoils and Solvent Limited,GOKUL,GOKUL,532980,NSE+BSE,NSE/Yahoo Finance,GOKUL.NS,,,04-JUN-2008,
INE973A01010,Golden Tobacco Limited,GOLDENTOBC,GOLDENTOBC,500151,NSE+BSE,NSE/Yahoo Finance,GOLDENTOBC.NS,,,08-FEB-1995,
INE025B01025,Goldiam International Limited,GOLDIAM,GOLDIAM,526729,NSE+BSE,NSE/Yahoo Finance,GOLDIAM.NS,,,29-AUG-2005,
INE127I01024,Goodluck India Limited,GOODLUCK,GOODLUCK,530655,NSE+BSE,NSE/Yahoo Finance,GOODLUCK.NS,,,08-JAN-2015,
INE533A01012,Goodyear India Limited,GOODYEAR,GOODYEAR,500168,NSE+BSE,NSE/Yahoo Finance,GOODYEAR.NS,,,20-APR-2026,
INE0L9R01028,Gopal Snacks Limited,GOPAL,GOPAL,544140,NSE+BSE,NSE/Yahoo Finance,GOPAL.NS,,,14-MAR-2024,
INE705X01026,Goyal Aluminiums Limited,GOYALALUM,GOYALALUM,541152,NSE+BSE,NSE/Yahoo Finance,GOYALALUM.NS,,,04-NOV-2022,
INE361K01017,Gradiente Infotainment Limited,GRADIENTE,GRADIENTE,216243,NSE+BSE,NSE/Yahoo Finance,GRADIENTE.NS,,,08-MAY-2026,
INE926B01016,Grand Oak Canyons Distillery Limited,GRANDOAK,GRANDOAK,523862,NSE+BSE,NSE/Yahoo Finance,GRANDOAK.NS,,,20-APR-2026,
INE101D01020,Granules India Limited,GRANULES,GRANULES#,132482,NSE+BSE,NSE/Yahoo Finance,GRANULES.NS,,,20-JUN-2005,
INE371A01025,Graphite India Limited,GRAPHITE,GRAPHITE#,109488,NSE+BSE,NSE/Yahoo Finance,GRAPHITE.NS,,,07-FEB-2003,
INE047A01021,Grasim Industries Limited,GRASIM,GRASIM#,100300,NSE+BSE,NSE/Yahoo Finance,GRASIM.NS,,,10-MAY-1995,
INE266D01021,Grauer & Weil India Limited,GRAUWEIL,GRAUWEIL,505710,NSE+BSE,NSE/Yahoo Finance,GRAUWEIL.NS,,,20-APR-2026,
INE214F01026,Graviss Hospitality Limited,GRAVISSHO,GRAVISSHO,509546,NSE+BSE,NSE/Yahoo Finance,GRAVISSHO.NS,,,20-APR-2026,
INE024L01027,Gravita India Limited,GRAVITA,GRAVITA#,133282,NSE+BSE,NSE/Yahoo Finance,GRAVITA.NS,,,16-NOV-2010,
INE224A01026,Greaves Cotton Limited,GREAVESCOT,GREAVESCOT,501455,NSE+BSE,NSE/Yahoo Finance,GREAVESCOT.NS,,,09-SEP-2004,
INE544R01021,Greenlam Industries Limited,GREENLAM,GREENLAM,538979,NSE+BSE,NSE/Yahoo Finance,GREENLAM.NS,,,02-MAR-2015,
INE08ZM01014,Greenpanel Industries Limited,GREENPANEL,GREENPANEL,542857,NSE+BSE,NSE/Yahoo Finance,GREENPANEL.NS,,,23-OCT-2019,
INE461C01038,Greenply Industries Limited,GREENPLY,GREENPLY,526797,NSE+BSE,NSE/Yahoo Finance,GREENPLY.NS,,,06-MAR-1996,
INE199P01028,Gretex Corporate Services Limited,GCSL,GCSL,543324,NSE+BSE,NSE/Yahoo Finance,GCSL.NS,,,04-SEP-2025,
INE536A01023,Grindwell Norton Limited,GRINDWELL,GRINDWELL#,106076,NSE+BSE,NSE/Yahoo Finance,GRINDWELL.NS,,,11-SEP-2006,
INE742B01025,Gufic Biosciences Limited,GUFICBIO,GUFICBIO,509079,NSE+BSE,NSE/Yahoo Finance,GUFICBIO.NS,,,19-OCT-2004,
INE186A01019,Gujarat Alkalies and Chemicals Limited,GUJALKALI,GUJALKALI,530001,NSE+BSE,NSE/Yahoo Finance,GUJALKALI.NS,,,07-AUG-1997,
INE036B01030,Gujarat Ambuja Exports Limited,GAEL,GAEL,524226,NSE+BSE,NSE/Yahoo Finance,GAEL.NS,,,11-OCT-2000,
INE826C01016,Gujarat Apollo Industries Limited,GUJAPOLLO,GUJAPOLLO,522217,NSE+BSE,NSE/Yahoo Finance,GUJAPOLLO.NS,,,04-JUN-2007,
INE09N301011,Gujarat Fluorochemicals Limited,FLUOROCHEM,FLUOROCHEM#,142812,NSE+BSE,NSE/Yahoo Finance,FLUOROCHEM.NS,,,16-OCT-2019,
INE162A01010,Gujarat Industries Power Company Limited,GIPCL,GIPCL,517300,NSE+BSE,NSE/Yahoo Finance,GIPCL.NS,,,08-FEB-1995,
INE0V0W01025,Gujarat Kidney And Super Speciality Limited,GKSL,GKSL,544666,NSE+BSE,NSE/Yahoo Finance,GKSL.NS,,,30-DEC-2025,
INE540A01017,Gujarat Lease Financing Limited,GLFL,GLFL,500174,NSE+BSE,NSE/Yahoo Finance,GLFL.NS,,,08-FEB-1995,
INE131A01031,Gujarat Mineral Development Corporation Limited,GMDCLTD,GMDCLTD#,132181,NSE+BSE,NSE/Yahoo Finance,GMDCLTD.NS,,,17-DEC-1997,
INE113A01013,Gujarat Narmada Valley Fertilizers and Chemicals Limited,GNFC,GNFC,500670,NSE+BSE,NSE/Yahoo Finance,GNFC.NS,,,17-MAY-1995,
INE207H01018,Gujarat Natural Resources Limited,GNRL,GNRL,513536,NSE+BSE,NSE/Yahoo Finance,GNRL.NS,,,20-APR-2026,
INE517F01014,Gujarat Pipavav Port Limited,GPPL,GPPL,533248,NSE+BSE,NSE/Yahoo Finance,GPPL.NS,,,09-SEP-2010,
INE610B01024,Gujarat Raffia Industries Limited,GUJRAFFIA,GUJRAFFIA,523836,NSE+BSE,NSE/Yahoo Finance,GUJRAFFIA.NS,,,09-OCT-1996,
INE026A01025,Gujarat State Fertilizers & Chemicals Limited,GSFC,GSFC,500690,NSE+BSE,NSE/Yahoo Finance,GSFC.NS,,,06-SEP-1995,
INE942C01045,Gujarat Themis Biosyn Limited,GUJTHEM,GUJTHEM,506879,NSE+BSE,NSE/Yahoo Finance,GUJTHEM.NS,,,25-FEB-2025,
INE635Q01029,Gulf Oil Lubricants India Limited,GULFOILLUB,GULFOILLUB,538567,NSE+BSE,NSE/Yahoo Finance,GULFOILLUB.NS,,,31-JUL-2014,
INE255D01024,Gulshan Polyols Limited,GULPOLY,GULPOLY,532457,NSE+BSE,NSE/Yahoo Finance,GULPOLY.NS,,,28-JAN-2015,
INE724A01017,Gyftr Limited,GYFTR,GYFTR,507912,NSE+BSE,NSE/Yahoo Finance,GYFTR.NS,,,10-JUL-2026,
INE926X01010,H.G. Infra Engineering Limited,HGINFRA,HGINFRA#,141019,NSE+BSE,NSE/Yahoo Finance,HGINFRA.NS,,,09-MAR-2018,
INE320X01016,HALEOS LABS LIMITED,HALEOSLABS,HALEOSLABS,540679,NSE+BSE,NSE/Yahoo Finance,HALEOSLABS.NS,,,17-AUG-2017,
INE640B01021,HB Estate Developers Limited,HBESD,HBESD,532334,NSE+BSE,NSE/Yahoo Finance,HBESD.NS,,,20-APR-2026,
INE550B01022,HB Stockholdings Limited,HBSL,HBSL,532216,NSE+BSE,NSE/Yahoo Finance,HBSL.NS,,,23-JUL-2018,
INE292B01021,HBL Engineering Limited,HBLENGINE,HBLENGINE#,117271,NSE+BSE,NSE/Yahoo Finance,HBLENGINE.NS,,,04-JAN-2007,
INE236A01020,HCL Infosystems Limited,HCL-INSYS,HCL-INSYS,500179,NSE+BSE,NSE/Yahoo Finance,HCL-INSYS.NS,,,01-JAN-1997,
INE860A01027,HCL Technologies Limited,HCLTECH,HCLTECH#,132281,NSE+BSE,NSE/Yahoo Finance,HCLTECH.NS,,,06-JAN-2000,
INE756I01012,HDB Financial Services Limited,HDBFS,HDBFS,544429,NSE+BSE,NSE/Yahoo Finance,HDBFS.NS,,,02-JUL-2025,
INE127D01025,HDFC Asset Management Company Limited,HDFCAMC,HDFCAMC#,141729,NSE+BSE,NSE/Yahoo Finance,HDFCAMC.NS,,,06-AUG-2018,
INE040A01034,HDFC Bank Limited,HDFCBANK,HDFCBANK#,100180,NSE+BSE,NSE/Yahoo Finance,HDFCBANK.NS,,,08-NOV-1995,
INE795G01014,HDFC Life Insurance Company Limited,HDFCLIFE,HDFCLIFE#,140777,NSE+BSE,NSE/Yahoo Finance,HDFCLIFE.NS,,,17-NOV-2017,
INE558R01013,HEC Infra Projects Limited,HECPROJECT,HECPROJECT,202985,NSE+BSE,NSE/Yahoo Finance,HECPROJECT.NS,,,30-DEC-2021,
INE545A01024,HEG Limited,HEG,HEG,509631,NSE+BSE,NSE/Yahoo Finance,HEG.NS,,,10-MAY-1995,
INE548A01028,HFCL Limited,HFCL,HFCL#,100183,NSE+BSE,NSE/Yahoo Finance,HFCL.NS,,,09-MAR-2011,
INE461D01028,HLE Glascoat Limited,HLEGLAS,HLEGLAS,522215,NSE+BSE,NSE/Yahoo Finance,HLEGLAS.NS,,,09-FEB-2023,
INE102A01024,HLV LIMITED,HLVLTD,HLVLTD,500193,NSE+BSE,NSE/Yahoo Finance,HLVLTD.NS,,,19-JUL-1995,
INE0ECP01024,HMA Agro Industries Limited,HMAAGRO,HMAAGRO,543929,NSE+BSE,NSE/Yahoo Finance,HMAAGRO.NS,,,04-JUL-2023,
INE262A01018,HMT Limited,HMT,HMT,500191,NSE+BSE,NSE/Yahoo Finance,HMT.NS,,,29-AUG-2003,
INE0GSL01024,HP Adhesives Limited,HPAL,HPAL,543433,NSE+BSE,NSE/Yahoo Finance,HPAL.NS,,,27-DEC-2021,
INE495S01016,HPL Electric & Power Limited,HPL,HPL,540136,NSE+BSE,NSE/Yahoo Finance,HPL.NS,,,04-OCT-2016,
INE501G01024,HT Media Limited,HTMEDIA,HTMEDIA,532662,NSE+BSE,NSE/Yahoo Finance,HTMEDIA.NS,,,01-SEP-2005,
INE115S01010,Halder Venture Limited,HALDER,HALDER,539854,NSE+BSE,NSE/Yahoo Finance,HALDER.NS,,,19-JAN-2026,
INE506D01020,Haldyn Glass Limited,HALDYNGL,HALDYNGL,515147,NSE+BSE,NSE/Yahoo Finance,HALDYNGL.NS,,,20-APR-2026,
INE596H01014,HandsOn Global Management (HGM) Limited,HGM,HGM,532761,NSE+BSE,NSE/Yahoo Finance,HGM.NS,,,27-SEP-2006,
INE419U01012,Happiest Minds Technologies Limited,HAPPSTMNDS,HAPPSTMNDS#,143227,NSE+BSE,NSE/Yahoo Finance,HAPPSTMNDS.NS,,,17-SEP-2020,
INE330T01021,Happy Forgings Limited,HAPPYFORGE,HAPPYFORGE,544057,NSE+BSE,NSE/Yahoo Finance,HAPPYFORGE.NS,,,27-DEC-2023,
INE626Z01029,Hardwyn India Limited,HARDWYN,HARDWYN,541276,NSE+BSE,NSE/Yahoo Finance,HARDWYN.NS,,,12-APR-2022,
INE00EV01017,Hariom Pipe Industries Limited,HARIOMPIPE,HARIOMPIPE,543517,NSE+BSE,NSE/Yahoo Finance,HARIOMPIPE.NS,,,13-APR-2022,
INE544A01019,Harrisons  Malayalam Limited,HARRMALAYA,HARRMALAYA,500467,NSE+BSE,NSE/Yahoo Finance,HARRMALAYA.NS,,,08-FEB-1995,
INE0JUS01029,Harsha Engineers International Limited,HARSHA,HARSHA,543600,NSE+BSE,NSE/Yahoo Finance,HARSHA.NS,,,26-SEP-2022,
INE982F01036,Hathway Cable & Datacom Limited,HATHWAY,HATHWAY,533162,NSE+BSE,NSE/Yahoo Finance,HATHWAY.NS,,,25-FEB-2010,
INE473B01035,Hatsun Agro Product Limited,HATSUN,HATSUN#,131531,NSE+BSE,NSE/Yahoo Finance,HATSUN.NS,,,20-JUN-2014,
INE176B01034,Havells India Limited,HAVELLS,HAVELLS#,117354,NSE+BSE,NSE/Yahoo Finance,HAVELLS.NS,,,21-MAR-2001,
INE979B01015,Hawkins Cookers Limited,HAWKINCOOK,HAWKINCOOK,508486,NSE+BSE,NSE/Yahoo Finance,HAWKINCOOK.NS,,,20-APR-2026,
INE759V01019,Heads UP Ventures Limited,HEADSUP,HEADSUP,540210,NSE+BSE,NSE/Yahoo Finance,HEADSUP.NS,,,14-DEC-2016,
INE019J01013,Health X Platform Limited,HEALTHX,HEALTHX,533259,NSE+BSE,NSE/Yahoo Finance,HEALTHX.NS,,,05-OCT-2010,
INE075I01017,Healthcare Global Enterprises Limited,HCG,HCG,539787,NSE+BSE,NSE/Yahoo Finance,HCG.NS,,,30-MAR-2016,
INE578A01017,HeidelbergCement India Limited,HEIDELBERG,HEIDELBERG,500292,NSE+BSE,NSE/Yahoo Finance,HEIDELBERG.NS,,,15-MAR-1995,
INE0AJG01018,Hemisphere Properties India Limited,HEMIPROP,HEMIPROP,543242,NSE+BSE,NSE/Yahoo Finance,HEMIPROP.NS,,,22-OCT-2020,
INE694N01015,Heranba Industries Limited,HERANBA,HERANBA,543266,NSE+BSE,NSE/Yahoo Finance,HERANBA.NS,,,05-MAR-2021,
INE978A01027,Heritage Foods Limited,HERITGFOOD,HERITGFOOD,519552,NSE+BSE,NSE/Yahoo Finance,HERITGFOOD.NS,,,27-NOV-1996,
INE158A01026,Hero MotoCorp Limited,HEROMOTOCO,HEROMOTOCO#,100182,NSE+BSE,NSE/Yahoo Finance,HEROMOTOCO.NS,,,11-APR-2003,
INE782E01017,Hester Biosciences Limited,HESTERBIO,HESTERBIO,524669,NSE+BSE,NSE/Yahoo Finance,HESTERBIO.NS,,,13-MAR-2015,
INE750M01017,Hexa Tradex Limited,HEXATRADEX,HEXATRADEX,534328,NSE+BSE,NSE/Yahoo Finance,HEXATRADEX.NS,,,20-APR-2012,
INE0JUI01012,Hexagon Nutrition Limited,HEXAGON,HEXAGON,544785,NSE+BSE,NSE/Yahoo Finance,HEXAGON.NS,,,12-JUN-2026,
INE093A01041,Hexaware Technologies Limited,HEXT,HEXT,544362,NSE+BSE,NSE/Yahoo Finance,HEXT.NS,,,19-FEB-2025,
INE106T01025,Hi-Tech Pipes Limited,HITECH,HITECH,543411,NSE+BSE,NSE/Yahoo Finance,HITECH.NS,,,07-MAY-2018,
INE00RL01028,Highway Infrastructure Limited,HILINFRA,HILINFRA,544477,NSE+BSE,NSE/Yahoo Finance,HILINFRA.NS,,,12-AUG-2025,
INE475B01022,Hikal Limited,HIKAL,HIKAL,524735,NSE+BSE,NSE/Yahoo Finance,HIKAL.NS,,,14-FEB-2001,
INE788H01017,Hilton Metal Forging Limited,HILTON,HILTON,532847,NSE+BSE,NSE/Yahoo Finance,HILTON.NS,,,24-MAY-2007,
INE019C01026,Himadri Speciality Chemical Limited,HSCL,HSCL#,100184,NSE+BSE,NSE/Yahoo Finance,HSCL.NS,,,02-MAR-2007,
INE049A01027,Himatsingka Seide Limited,HIMATSEIDE,HIMATSEIDE,514043,NSE+BSE,NSE/Yahoo Finance,HIMATSEIDE.NS,,,08-FEB-1995,
INE835D01023,Hind Rectifiers Limited,HIRECT,HIRECT,504036,NSE+BSE,NSE/Yahoo Finance,HIRECT.NS,,,26-DEC-2006,
INE038A01020,Hindalco Industries Limited,HINDALCO,HINDALCO#,100440,NSE+BSE,NSE/Yahoo Finance,HINDALCO.NS,,,08-JAN-1997,
INE642Y01029,Hindcon Chemicals Limited,HINDCON,HINDCON,210804,NSE+BSE,NSE/Yahoo Finance,HINDCON.NS,,,05-JUL-2021,
INE05X901010,Hindprakash Industries Limited,HPIL,HPIL,543645,NSE+BSE,NSE/Yahoo Finance,HPIL.NS,,,07-NOV-2022,
INE170I01016,Hinduja Global Solutions Limited,HGS,HGS,532859,NSE+BSE,NSE/Yahoo Finance,HGS.NS,,,19-JUN-2007,
INE066F01020,Hindustan Aeronautics Limited,HAL,HAL#,141154,NSE+BSE,NSE/Yahoo Finance,HAL.NS,,,28-MAR-2018,
INE310C01029,Hindustan Composites Limited,HINDCOMPOS,HINDCOMPOS,509635,NSE+BSE,NSE/Yahoo Finance,HINDCOMPOS.NS,,,08-MAY-1996,
INE549A01026,Hindustan Construction Company Limited,HCC,HCC,500185,NSE+BSE,NSE/Yahoo Finance,HCC.NS,,,01-APR-2003,
INE531E01026,Hindustan Copper Limited,HINDCOPPER,HINDCOPPER#,113599,NSE+BSE,NSE/Yahoo Finance,HINDCOPPER.NS,,,15-SEP-2010,
INE254N01026,Hindustan Foods Limited,HNDFDS,HNDFDS,519126,NSE+BSE,NSE/Yahoo Finance,HNDFDS.NS,,,06-JUN-2023,
INE871K01015,Hindustan Media Ventures Limited,HMVL,HMVL,533217,NSE+BSE,NSE/Yahoo Finance,HMVL.NS,,,21-JUL-2010,
INE345A01011,Hindustan Oil Exploration Company Limited,HINDOILEXP,HINDOILEXP,500186,NSE+BSE,NSE/Yahoo Finance,HINDOILEXP.NS,,,23-SEP-2003,
INE094A01015,Hindustan Petroleum Corporation Limited,HINDPETRO,HINDPETRO#,100104,NSE+BSE,NSE/Yahoo Finance,HINDPETRO.NS,,,17-JUN-1998,
INE030A01027,Hindustan Unilever Limited,HINDUNILVR,HINDUNILVR#,100696,NSE+BSE,NSE/Yahoo Finance,HINDUNILVR.NS,,,06-JUL-1995,
INE267A01025,Hindustan Zinc Limited,HINDZINC,HINDZINC#,100188,NSE+BSE,NSE/Yahoo Finance,HINDZINC.NS,,,21-NOV-2006,
INE05AN01011,Hindware Home Innovation Limited,HINDWAREAP,HINDWAREAP,542905,NSE+BSE,NSE/Yahoo Finance,HINDWAREAP.NS,,,26-DEC-2019,
INE598C01011,Hisar Metal Industries Limited,HISARMETAL,HISARMETAL,590018,NSE+BSE,NSE/Yahoo Finance,HISARMETAL.NS,,,05-JAN-2017,
INE07Y701011,Hitachi Energy India Limited,POWERINDIA,POWERINDIA#,143187,NSE+BSE,NSE/Yahoo Finance,POWERINDIA.NS,,,30-MAR-2020,
INE120D01012,Hitech Corporation Limited,HITECHCORP,HITECHCORP,526217,NSE+BSE,NSE/Yahoo Finance,HITECHCORP.NS,,,20-DEC-2007,
INE481N01025,Home First Finance Company India Limited,HOMEFIRST,HOMEFIRST,543259,NSE+BSE,NSE/Yahoo Finance,HOMEFIRST.NS,,,03-FEB-2021,
INE0J5401028,Honasa Consumer Limited,HONASA,HONASA,544014,NSE+BSE,NSE/Yahoo Finance,HONASA.NS,,,07-NOV-2023,
INE634A01018,Honda India Power Products Limited,HONDAPOWER,HONDAPOWER,522064,NSE+BSE,NSE/Yahoo Finance,HONDAPOWER.NS,,,01-APR-2003,
INE671A01010,Honeywell Automation India Limited,HONAUT,HONAUT#,117174,NSE+BSE,NSE/Yahoo Finance,HONAUT.NS,,,18-JUL-2003,
INE031A01017,Housing & Urban Development Corporation Limited,HUDCO,HUDCO#,140530,NSE+BSE,NSE/Yahoo Finance,HUDCO.NS,,,19-MAY-2017,
INE191I01012,Housing Development and Infrastructure Limited,HDIL,HDIL,532873,NSE+BSE,NSE/Yahoo Finance,HDIL.NS,,,24-JUL-2007,
INE703H01016,Hubtown Limited,HUBTOWN,HUBTOWN,532799,NSE+BSE,NSE/Yahoo Finance,HUBTOWN.NS,,,07-FEB-2007,
INE275B01026,Huhtamaki India Limited,HUHTAMAKI,HUHTAMAKI,509820,NSE+BSE,NSE/Yahoo Finance,HUHTAMAKI.NS,,,01-OCT-2004,
INE965B01022,Hybrid Financial Services Limited,HYBRIDFIN,HYBRIDFIN,500262,NSE+BSE,NSE/Yahoo Finance,HYBRIDFIN.NS,,,05-DEC-2022,
INE0V6F01027,Hyundai Motor India Limited,HYUNDAI,HYUNDAI#,144274,NSE+BSE,NSE/Yahoo Finance,HYUNDAI.NS,,,22-OCT-2024,
INE613B01010,ICDS Limited,ICDSLTD,ICDSLTD,511194,NSE+BSE,NSE/Yahoo Finance,ICDSLTD.NS,,,17-NOV-1999,
INE090A01021,ICICI Bank Limited,ICICIBANK,ICICIBANK#,132174,NSE+BSE,NSE/Yahoo Finance,ICICIBANK.NS,,,17-SEP-1997,
INE765G01017,ICICI Lombard General Insurance Company Limited,ICICIGI,ICICIGI#,140716,NSE+BSE,NSE/Yahoo Finance,ICICIGI.NS,,,27-SEP-2017,
INE346A01027,ICICI Prudential Asset Management Company Limited,ICICIAMC,ICICIAMC,544658,NSE+BSE,NSE/Yahoo Finance,ICICIAMC.NS,,,19-DEC-2025,
INE726G01019,ICICI Prudential Life Insurance Company Limited,ICICIPRULI,ICICIPRULI#,140133,NSE+BSE,NSE/Yahoo Finance,ICICIPRULI.NS,,,29-SEP-2016,
INE725G01011,ICRA Limited,ICRA,ICRA,532835,NSE+BSE,NSE/Yahoo Finance,ICRA.NS,,,13-APR-2007,
INE008A01015,IDBI Bank Limited,IDBI,IDBI#,100116,NSE+BSE,NSE/Yahoo Finance,IDBI.NS,,,20-SEP-1995,
INE092T01019,IDFC First Bank Limited,IDFCFIRSTB,IDFCFIRSTB#,139437,NSE+BSE,NSE/Yahoo Finance,IDFCFIRSTB.NS,,,06-NOV-2015,
INE076C01018,IFB Agro Industries Limited,IFBAGRO,IFBAGRO,507438,NSE+BSE,NSE/Yahoo Finance,IFBAGRO.NS,,,03-APR-1996,
INE559A01017,IFB Industries Limited,IFBIND,IFBIND,505726,NSE+BSE,NSE/Yahoo Finance,IFBIND.NS,,,29-MAR-1995,
INE039A01010,IFCI Limited,IFCI,IFCI#,100106,NSE+BSE,NSE/Yahoo Finance,IFCI.NS,,,26-APR-1995,
INE133Y01011,IFGL Refractories Limited,IFGLEXPOR,IFGLEXPOR,540774,NSE+BSE,NSE/Yahoo Finance,IFGLEXPOR.NS,,,14-NOV-2017,
INE204A01010,IG Petrochemicals Limited,IGPL,IGPL,500199,NSE+BSE,NSE/Yahoo Finance,IGPL.NS,,,29-JAN-2007,
INE489L01022,IIFL Capital Services Limited,IIFLCAPS,IIFLCAPS#,142773,NSE+BSE,NSE/Yahoo Finance,IIFLCAPS.NS,,,20-SEP-2019,
INE530B01024,IIFL Finance Limited,IIFL,IIFL#,132636,NSE+BSE,NSE/Yahoo Finance,IIFL.NS,,,17-MAY-2005,
INE0LOJ01019,IKIO Technologies Limited,IKIO,IKIO,543923,NSE+BSE,NSE/Yahoo Finance,IKIO.NS,,,16-JUN-2023,
INE369I01014,IL&FS Engineering and Construction Company Limited,IL&FSENGG,IL&FSENGG,532907,NSE+BSE,NSE/Yahoo Finance,IL&FSENGG.NS,,,25-OCT-2007,
INE050B01023,IL&FS Investment Managers Limited,IVC,IVC,511208,NSE+BSE,NSE/Yahoo Finance,IVC.NS,,,15-SEP-1999,
INE975G01012,IL&FS Transportation Networks Limited,IL&FSTRANS,IL&FSTRANS,533177,NSE+BSE,NSE/Yahoo Finance,IL&FSTRANS.NS,,,30-MAR-2010,
INE452L01012,INCREDIBLE INDUSTRIES LIMITED,INCREDIBLE,INCREDIBLE,538365,NSE+BSE,NSE/Yahoo Finance,INCREDIBLE.NS,,,01-JUL-2016,
INE084101034,INDO-MIM Limited,INDOMIM,INDOMIM,544837,NSE+BSE,NSE/Yahoo Finance,INDOMIM.NS,,,30-JUL-2026,
INE616N01034,INOX India Limited,INOXINDIA,INOXINDIA#,144046,NSE+BSE,NSE/Yahoo Finance,INOXINDIA.NS,,,21-DEC-2023,
INE485C01029,IOL Chemicals and Pharmaceuticals Limited,IOLCP,IOLCP,524164,NSE+BSE,NSE/Yahoo Finance,IOLCP.NS,,,08-NOV-2010,
INE570A01022,ION Exchange (India) Limited,IONEXCHANG,IONEXCHANG,500214,NSE+BSE,NSE/Yahoo Finance,IONEXCHANG.NS,,,22-FEB-2022,
INE571A01038,IPCA Laboratories Limited,IPCALAB,IPCALAB#,124494,NSE+BSE,NSE/Yahoo Finance,IPCALAB.NS,,,08-FEB-1995,
INE821I01022,IRB Infrastructure Developers Limited,IRB,IRB#,132947,NSE+BSE,NSE/Yahoo Finance,IRB.NS,,,25-FEB-2008,
INE864K01010,IRIS RegTech Solutions Limited,IRIS,IRIS,540735,NSE+BSE,NSE/Yahoo Finance,IRIS.NS,,,08-NOV-2021,
INE07U701015,IRM Energy Limited,IRMENERGY,IRMENERGY,544004,NSE+BSE,NSE/Yahoo Finance,IRMENERGY.NS,,,26-OCT-2023,
INE379A01028,ITC Hotels Limited,ITCHOTELS,ITCHOTELS,544325,NSE+BSE,NSE/Yahoo Finance,ITCHOTELS.NS,,,29-JAN-2025,
INE154A01025,ITC Limited,ITC,ITC#,100875,NSE+BSE,NSE/Yahoo Finance,ITC.NS,,,23-AUG-1995,
INE248A01017,ITI Limited,ITI,ITI#,123610,NSE+BSE,NSE/Yahoo Finance,ITI.NS,,,15-SEP-2003,
INE043C01018,IVP Limited,IVP,IVP,507580,NSE+BSE,NSE/Yahoo Finance,IVP.NS,,,13-SEP-1995,
INE848A01014,IZMO Limited,IZMO,IZMO,532341,NSE+BSE,NSE/Yahoo Finance,IZMO.NS,,,05-FEB-2007,
INE520Y01019,Ice Make Refrigeration Limited,ICEMAKE,ICEMAKE,201038,NSE+BSE,NSE/Yahoo Finance,ICEMAKE.NS,,,12-OCT-2020,
INE349Y01013,Ideaforge Technology Limited,IDEAFORGE,IDEAFORGE,543932,NSE+BSE,NSE/Yahoo Finance,IDEAFORGE.NS,,,07-JUL-2023,
INE188B01013,Igarashi Motors India Limited,IGARASHI,IGARASHI,517380,NSE+BSE,NSE/Yahoo Finance,IGARASHI.NS,,,09-OCT-2003,
INE172N01012,Imagicaaworld Entertainment Limited,IMAGICAA,IMAGICAA,539056,NSE+BSE,NSE/Yahoo Finance,IMAGICAA.NS,,,06-APR-2015,
INE691G01015,Impex Ferro Tech Limited,IMPEXFERRO,IMPEXFERRO,532614,NSE+BSE,NSE/Yahoo Finance,IMPEXFERRO.NS,,,03-FEB-2005,
INE915B01019,Ind-Swift Laboratories Limited,INDSWFTLAB,INDSWFTLAB,532305,NSE+BSE,NSE/Yahoo Finance,INDSWFTLAB.NS,,,02-JUL-1997,
INE841B01017,Indbank Merchant Banking Services Limited,INDBANK,INDBANK,511473,NSE+BSE,NSE/Yahoo Finance,INDBANK.NS,,,08-OCT-2008,
INE0O9T01021,Indef Manufacturing Limited,BAJAJINDEF,BAJAJINDEF,544364,NSE+BSE,NSE/Yahoo Finance,BAJAJINDEF.NS,,,21-FEB-2025,
INE065X01017,Indegene Limited,INDGN,INDGN#,144172,NSE+BSE,NSE/Yahoo Finance,INDGN.NS,,,13-MAY-2024,
INE560A01023,India Glycols Limited,INDIAGLYCO,INDIAGLYCO,500201,NSE+BSE,NSE/Yahoo Finance,INDIAGLYCO.NS,,,01-JUL-2005,
INE547E01014,India Motor Parts and Accessories Limited,IMPAL,IMPAL,590065,NSE+BSE,NSE/Yahoo Finance,IMPAL.NS,,,07-OCT-2005,
INE092B01025,India Nippon Electricals Limited,INDNIPPON,INDNIPPON,532240,NSE+BSE,NSE/Yahoo Finance,INDNIPPON.NS,,,07-MAY-1997,
INE0D6701023,India Pesticides Limited,IPL,IPL,543311,NSE+BSE,NSE/Yahoo Finance,IPL.NS,,,05-JUL-2021,
INE922K01024,India Shelter Finance Corporation Limited,INDIASHLTR,INDIASHLTR,544044,NSE+BSE,NSE/Yahoo Finance,INDIASHLTR.NS,,,20-DEC-2023,
INE353K01014,India Tourism Development Corporation Limited,ITDC,ITDC,532189,NSE+BSE,NSE/Yahoo Finance,ITDC.NS,,,30-DEC-2016,
INE126M01010,Indiabulls Limited,IBULLSLTD,IBULLSLTD,533520,NSE+BSE,NSE/Yahoo Finance,IBULLSLTD.NS,,,18-AUG-2011,
INE933S01016,Indiamart Intermesh Limited,INDIAMART,INDIAMART#,142726,NSE+BSE,NSE/Yahoo Finance,INDIAMART.NS,,,04-JUL-2019,
INE562A01011,Indian Bank,INDIANB,INDIANB#,132814,NSE+BSE,NSE/Yahoo Finance,INDIANB.NS,,,01-MAR-2007,
INE061A01014,Indian Card Clothing Company Limited,INDIANCARD,INDIANCARD,509692,NSE+BSE,NSE/Yahoo Finance,INDIANCARD.NS,,,08-JAN-1997,
INE022Q01020,Indian Energy Exchange Limited,IEX,IEX#,140750,NSE+BSE,NSE/Yahoo Finance,IEX.NS,,,23-OCT-2017,
INE323C01030,Indian Hume Pipe Company Limited,INDIANHUME,INDIANHUME,504741,NSE+BSE,NSE/Yahoo Finance,INDIANHUME.NS,,,30-AUG-1995,
INE919H01018,Indian Metals & Ferro Alloys Limited,IMFA,IMFA,533047,NSE+BSE,NSE/Yahoo Finance,IMFA.NS,,,23-JUL-2010,
INE242A01010,Indian Oil Corporation Limited,IOC,IOC#,130965,NSE+BSE,NSE/Yahoo Finance,IOC.NS,,,24-JUL-1996,
INE565A01014,Indian Overseas Bank,IOB,IOB#,132388,NSE+BSE,NSE/Yahoo Finance,IOB.NS,,,07-DEC-2000,
INE335Y01020,Indian Railway Catering And Tourism Corporation Limited,IRCTC,IRCTC#,142830,NSE+BSE,NSE/Yahoo Finance,IRCTC.NS,,,14-OCT-2019,
INE053F01010,Indian Railway Finance Corporation Limited,IRFC,IRFC#,143257,NSE+BSE,NSE/Yahoo Finance,IRFC.NS,,,29-JAN-2021,
INE202E01016,Indian Renewable Energy Development Agency Limited,IREDA,IREDA#,144026,NSE+BSE,NSE/Yahoo Finance,IREDA.NS,,,29-NOV-2023,
INE611L01021,Indian Terrain Fashions Limited,INDTERRAIN,INDTERRAIN,533329,NSE+BSE,NSE/Yahoo Finance,INDTERRAIN.NS,,,11-MAR-2011,
INE09VQ01012,Indigo Paints Limited,INDIGOPNTS,INDIGOPNTS,543258,NSE+BSE,NSE/Yahoo Finance,INDIGOPNTS.NS,,,02-FEB-2021,
INE06ST01018,Indiqube Spaces Limited,INDIQUBE,INDIQUBE,544454,NSE+BSE,NSE/Yahoo Finance,INDIQUBE.NS,,,30-JUL-2025,
INE760F01028,Indo Amines Limited,INDOAMIN,INDOAMIN,524648,NSE+BSE,NSE/Yahoo Finance,INDOAMIN.NS,,,29-APR-2022,
INE803D01021,Indo Borax & Chemicals Limited,INDOBORAX,INDOBORAX,524342,NSE+BSE,NSE/Yahoo Finance,INDOBORAX.NS,,,29-MAR-2022,
INE483B01026,Indo Count Industries Limited,ICIL,ICIL,521016,NSE+BSE,NSE/Yahoo Finance,ICIL.NS,,,12-SEP-2005,
INE622H01018,Indo Farm Equipment Limited,INDOFARM,INDOFARM,544328,NSE+BSE,NSE/Yahoo Finance,INDOFARM.NS,,,07-JAN-2025,
INE156A01020,Indo Rama Synthetics (India) Limited,INDORAMA,INDORAMA,500207,NSE+BSE,NSE/Yahoo Finance,INDORAMA.NS,,,20-JUN-2003,
INE332H01014,Indo Tech Transformers Limited,INDOTECH,INDOTECH,532717,NSE+BSE,NSE/Yahoo Finance,INDOTECH.NS,,,16-MAR-2006,
INE337M01021,Indo Thai Securities Limited,INDOTHAI,INDOTHAI,533676,NSE+BSE,NSE/Yahoo Finance,INDOTHAI.NS,,,02-NOV-2011,
INE250Z01010,Indo Us Biotech Limited,INDOUS,INDOUS,541304,NSE+BSE,NSE/Yahoo Finance,INDOUS.NS,,,27-SEP-2024,
INE567A01028,Indo-National Limited,NIPPOBATRY,NIPPOBATRY,504058,NSE+BSE,NSE/Yahoo Finance,NIPPOBATRY.NS,,,06-OCT-1999,
INE896L01010,IndoStar Capital Finance Limited,INDOSTAR,INDOSTAR,541336,NSE+BSE,NSE/Yahoo Finance,INDOSTAR.NS,,,21-MAY-2018,
INE873D01024,Indoco Remedies Limited,INDOCO,INDOCO,532612,NSE+BSE,NSE/Yahoo Finance,INDOCO.NS,,,14-JAN-2005,
INE05J901018,Indogulf Cropsciences Limited,IGCL,IGCL,544432,NSE+BSE,NSE/Yahoo Finance,IGCL.NS,,,03-JUL-2025,
INE866K01023,Indosolar Limited,WAAREEINDO,WAAREEINDO,533257,NSE+BSE,NSE/Yahoo Finance,WAAREEINDO.NS,,,29-SEP-2010,
INE227G01018,Indowind Energy Limited,INDOWIND,INDOWIND,532894,NSE+BSE,NSE/Yahoo Finance,INDOWIND.NS,,,14-SEP-2007,
INE203G01027,Indraprastha Gas Limited,IGL,IGL#,132514,NSE+BSE,NSE/Yahoo Finance,IGL.NS,,,26-DEC-2003,
INE681B01017,Indraprastha Medical Corporation Limited,INDRAMEDCO,INDRAMEDCO,532150,NSE+BSE,NSE/Yahoo Finance,INDRAMEDCO.NS,,,17-APR-1997,
INE121J01017,Indus Towers Limited,INDUSTOWER,INDUSTOWER,534816,NSE+BSE,NSE/Yahoo Finance,INDUSTOWER.NS,,,28-DEC-2012,
INE095A01012,IndusInd Bank Limited,INDUSINDBK,INDUSINDBK#,132187,NSE+BSE,NSE/Yahoo Finance,INDUSINDBK.NS,,,28-JAN-1998,
INE620D01011,Industrial & Prudential Investment Company Limited,INDPRUD,INDPRUD,501298,NSE+BSE,NSE/Yahoo Finance,INDPRUD.NS,,,20-APR-2026,
INE886A01014,Industrial Investment Trust Limited,IITL,IITL,501295,NSE+BSE,NSE/Yahoo Finance,IITL.NS,,,17-AUG-2010,
INE663F01032,Info Edge (India) Limited,NAUKRI,NAUKRI#,132777,NSE+BSE,NSE/Yahoo Finance,NAUKRI.NS,,,21-NOV-2006,
INE344S01016,InfoBeans Technologies Limited,INFOBEAN,INFOBEAN,543644,NSE+BSE,NSE/Yahoo Finance,INFOBEAN.NS,,,15-JUL-2019,
INE669A01022,Infomedia Press Limited,INFOMEDIA,INFOMEDIA,509069,NSE+BSE,NSE/Yahoo Finance,INFOMEDIA.NS,,,12-OCT-2006,
INE009A01021,Infosys Limited,INFY,INFY#,100209,NSE+BSE,NSE/Yahoo Finance,INFY.NS,,,08-FEB-1995,
INE177A01018,Ingersoll Rand (India) Limited,INGERRAND,INGERRAND#,100210,NSE+BSE,NSE/Yahoo Finance,INGERRAND.NS,,,15-APR-1999,
INE0DUT01020,Innova Captab Limited,INNOVACAP,INNOVACAP,544067,NSE+BSE,NSE/Yahoo Finance,INNOVACAP.NS,,,29-DEC-2023,
INE403Y01018,Innovana Thinklabs Limited,INNOVANA,INNOVANA,544302,NSE+BSE,NSE/Yahoo Finance,INNOVANA.NS,,,17-DEC-2024,
INE0ADB01012,Innovision Limited,INNOVISION,INNOVISION,544732,NSE+BSE,NSE/Yahoo Finance,INNOVISION.NS,,,23-MAR-2026,
INE510W01014,Inox Green Energy Services Limited,INOXGREEN,INOXGREEN,543667,NSE+BSE,NSE/Yahoo Finance,INOXGREEN.NS,,,23-NOV-2022,
INE066P01011,Inox Wind Limited,INOXWIND,INOXWIND#,139083,NSE+BSE,NSE/Yahoo Finance,INOXWIND.NS,,,09-APR-2015,
INE070I01018,Insecticides (India) Limited,INSECTICID,INSECTICID,532851,NSE+BSE,NSE/Yahoo Finance,INSECTICID.NS,,,30-MAY-2007,
INE0LGX01024,Insolation Energy Limited,INA,INA,543620,NSE+BSE,NSE/Yahoo Finance,INA.NS,,,09-MAR-2026,
INE020G01017,Inspirisys Solutions Limited,INSPIRISYS,INSPIRISYS,532774,NSE+BSE,NSE/Yahoo Finance,INSPIRISYS.NS,,,30-OCT-2006,
INE418N01035,Integra Essentia Limited,ESSENTIA,ESSENTIA,535958,NSE+BSE,NSE/Yahoo Finance,ESSENTIA.NS,,,20-AUG-2013,
INE306R01017,Intellect Design Arena Limited,INTELLECT,INTELLECT#,138835,NSE+BSE,NSE/Yahoo Finance,INTELLECT.NS,,,18-DEC-2014,
INE781A01025,Intense Technologies Limited,INTENTECH,INTENTECH,532326,NSE+BSE,NSE/Yahoo Finance,INTENTECH.NS,,,23-MAR-2017,
INE646L01027,InterGlobe Aviation Limited,INDIGO,INDIGO#,139448,NSE+BSE,NSE/Yahoo Finance,INDIGO.NS,,,10-NOV-2015,
INE00M901018,Interarch Building Solutions Limited,INTERARCH,INTERARCH,544232,NSE+BSE,NSE/Yahoo Finance,INTERARCH.NS,,,26-AUG-2024,
INE575C01027,International Conveyors Limited,INTLCONV,INTLCONV,509709,NSE+BSE,NSE/Yahoo Finance,INTLCONV.NS,,,16-SEP-2021,
INE0Q9301021,International Gemological Institute Limited,IGIL,IGIL#,144311,NSE+BSE,NSE/Yahoo Finance,IGIL.NS,,,20-DEC-2024,
INE566K01011,Intrasoft Technologies Limited,ISFT,ISFT,533181,NSE+BSE,NSE/Yahoo Finance,ISFT.NS,,,12-APR-2010,
INE878H01024,Inventure Growth & Securities Limited,INVENTURE,INVENTURE,533506,NSE+BSE,NSE/Yahoo Finance,INVENTURE.NS,,,04-AUG-2011,
INE115Q01022,Inventurus Knowledge Solutions Limited,IKS,IKS#,144309,NSE+BSE,NSE/Yahoo Finance,IKS.NS,,,19-DEC-2024,
INE155E01016,Investment & Precision Castings Limited,INVPRECQ,INVPRECQ,504786,NSE+BSE,NSE/Yahoo Finance,INVPRECQ.NS,,,20-APR-2026,
INE962Y01021,Ircon International Limited,IRCON,IRCON#,141956,NSE+BSE,NSE/Yahoo Finance,IRCON.NS,,,28-SEP-2018,
INE01GN01025,Iris Clothings Limited,IRISDOREME,IRISDOREME,210539,NSE+BSE,NSE/Yahoo Finance,IRISDOREME.NS,,,22-FEB-2021,
INE858B01029,Isgec Heavy Engineering Limited,ISGEC,ISGEC#,133033,NSE+BSE,NSE/Yahoo Finance,ISGEC.NS,,,05-MAY-2021,
INE561M01018,Ishan Dyes and Chemicals Limited,ISHANCH,ISHANCH,531109,NSE+BSE,NSE/Yahoo Finance,ISHANCH.NS,,,24-MAR-2025,
INE056801025,Ivalue Infosolutions Limited,IVALUE,IVALUE,544523,NSE+BSE,NSE/Yahoo Finance,IVALUE.NS,,,25-SEP-2025,
INE0MB501011,J.G.Chemicals Limited,JGCHEM,JGCHEM,544138,NSE+BSE,NSE/Yahoo Finance,JGCHEM.NS,,,13-MAR-2024,
INE576I01022,J.Kumar Infraprojects Limited,JKIL,JKIL,532940,NSE+BSE,NSE/Yahoo Finance,JKIL.NS,,,12-FEB-2008,
INE927D01051,JBM Auto Limited,JBMA,JBMA#,132605,NSE+BSE,NSE/Yahoo Finance,JBMA.NS,,,17-DEC-2004,
INE544H01014,JHS Svendgaard Laboratories Limited,JHS,JHS,532771,NSE+BSE,NSE/Yahoo Finance,JHS.NS,,,21-OCT-2006,
INE03DD01011,JHS Svendgaard Retail Ventures Limited,RETAIL,RETAIL,544197,NSE+BSE,NSE/Yahoo Finance,RETAIL.NS,,,26-JUN-2024,
INE749A01030,JINDAL STEEL LIMITED,JINDALSTEL,JINDALSTEL#,132286,NSE+BSE,NSE/Yahoo Finance,JINDALSTEL.NS,,,29-DEC-1999,
INE863T01013,JITF Infralogistics Limited,JITFINFRA,JITFINFRA,540311,NSE+BSE,NSE/Yahoo Finance,JITFINFRA.NS,,,27-FEB-2017,
INE823G01014,JK Cement Limited,JKCEMENT,JKCEMENT#,132644,NSE+BSE,NSE/Yahoo Finance,JKCEMENT.NS,,,14-MAR-2006,
INE786A01032,JK Lakshmi Cement Limited,JKLAKSHMI,JKLAKSHMI,500380,NSE+BSE,NSE/Yahoo Finance,JKLAKSHMI.NS,,,19-JUN-2006,
INE789E01012,JK Paper Limited,JKPAPER,JKPAPER,532162,NSE+BSE,NSE/Yahoo Finance,JKPAPER.NS,,,16-JUN-2005,
INE573A01042,JK Tyre & Industries Limited,JKTYRE,JKTYRE#,130007,NSE+BSE,NSE/Yahoo Finance,JKTYRE.NS,,,19-MAR-2007,
INE780C01023,JM Financial Limited,JMFINANCIL,JMFINANCIL#,123405,NSE+BSE,NSE/Yahoo Finance,JMFINANCIL.NS,,,10-OCT-2006,
INE0OAF01028,JNK India Limited,JNKINDIA,JNKINDIA,544167,NSE+BSE,NSE/Yahoo Finance,JNKINDIA.NS,,,30-APR-2024,
INE718I01012,JSW Cement Limited,JSWCEMENT,JSWCEMENT,544480,NSE+BSE,NSE/Yahoo Finance,JSWCEMENT.NS,,,14-AUG-2025,
INE133A01011,JSW Dulux Limited,JSWDULUX,JSWDULUX#,100710,NSE+BSE,NSE/Yahoo Finance,JSWDULUX.NS,,,28-JUN-2001,
INE121E01018,JSW Energy Limited,JSWENERGY,JSWENERGY#,133148,NSE+BSE,NSE/Yahoo Finance,JSWENERGY.NS,,,04-JAN-2010,
INE824G01012,JSW Holdings Limited,JSWHL,JSWHL#,132642,NSE+BSE,NSE/Yahoo Finance,JSWHL.NS,,,21-JUN-2005,
INE880J01026,JSW Infrastructure Limited,JSWINFRA,JSWINFRA#,143994,NSE+BSE,NSE/Yahoo Finance,JSWINFRA.NS,,,03-OCT-2023,
INE019A01038,JSW Steel Limited,JSWSTEEL,JSWSTEEL#,100228,NSE+BSE,NSE/Yahoo Finance,JSWSTEEL.NS,,,23-MAR-2005,
INE391J01032,JTL INDUSTRIES LIMITED,JTLIND,JTLIND,534600,NSE+BSE,NSE/Yahoo Finance,JTLIND.NS,,,12-JUN-2023,
INE199G01027,Jagran Prakashan Limited,JAGRAN,JAGRAN,532705,NSE+BSE,NSE/Yahoo Finance,JAGRAN.NS,,,22-FEB-2006,
INE048B01035,Jagsonpal Pharmaceuticals Limited,JAGSNPHARM,JAGSNPHARM,507789,NSE+BSE,NSE/Yahoo Finance,JAGSNPHARM.NS,,,01-MAR-2000,
INE091G01026,Jai Balaji Industries Limited,JAIBALAJI,JAIBALAJI,532976,NSE+BSE,NSE/Yahoo Finance,JAIBALAJI.NS,,,09-DEC-2003,
INE070D01027,Jai Corp Limited,JAICORPLTD,JAICORPLTD,512237,NSE+BSE,NSE/Yahoo Finance,JAICORPLTD.NS,,,26-NOV-1997,
IN9175A01010,Jain Irrigation Systems Limited,JISLDVREQS,JISLDVREQS,570004,NSE+BSE,NSE/Yahoo Finance,JISLDVREQS.NS,,,30-NOV-2011,
INE175A01038,Jain Irrigation Systems Limited,JISLJALEQS,JISLJALEQS,500219,NSE+BSE,NSE/Yahoo Finance,JISLJALEQS.NS,,,13-AUG-2001,
INE0YD401026,Jain Resource Recycling Limited,JAINREC,JAINREC,544537,NSE+BSE,NSE/Yahoo Finance,JAINREC.NS,,,01-OCT-2025,
INE351F01018,Jaiprakash Power Ventures Limited,JPPOWER,JPPOWER#,132627,NSE+BSE,NSE/Yahoo Finance,JPPOWER.NS,,,18-APR-2005,
INE039C01032,Jamna Auto Industries Limited,JAMNAAUTO,JAMNAAUTO,520051,NSE+BSE,NSE/Yahoo Finance,JAMNAAUTO.NS,,,10-DEC-2010,
INE953L01027,Jana Small Finance Bank Limited,JSFB,JSFB,544118,NSE+BSE,NSE/Yahoo Finance,JSFB.NS,,,14-FEB-2024,
INE00YJ01010,Jaro Institute of Technology Management and Research Limited,JARO,JARO,544534,NSE+BSE,NSE/Yahoo Finance,JARO.NS,,,30-SEP-2025,
INE039O01029,Jash Engineering Limited,JASH,JASH,544402,NSE+BSE,NSE/Yahoo Finance,JASH.NS,,,30-OCT-2019,
INE571B01036,Jay Bharat Maruti Limited,JAYBARMARU,JAYBARMARU,520066,NSE+BSE,NSE/Yahoo Finance,JAYBARMARU.NS,,,03-JAN-1996,
INE785A01026,Jayant Agro Organics Limited,JAYAGROGN,JAYAGROGN,524330,NSE+BSE,NSE/Yahoo Finance,JAYAGROGN.NS,,,17-APR-1996,
INE854B01010,Jayaswal Neco Industries Limited,JAYNECOIND,JAYNECOIND,522285,NSE+BSE,NSE/Yahoo Finance,JAYNECOIND.NS,,,10-MAY-1995,
INE903A01025,Jaykay Enterprises Limited,JAYKAY,JAYKAY,500306,NSE+BSE,NSE/Yahoo Finance,JAYKAY.NS,,,03-DEC-2025,
INE364A01020,Jayshree Tea & Industries Limited,JAYSREETEA,JAYSREETEA,509715,NSE+BSE,NSE/Yahoo Finance,JAYSREETEA.NS,,,15-FEB-1995,
INE0J5801029,Jeena Sikho Lifecare Limited,JSLL,JSLL,544476,NSE+BSE,NSE/Yahoo Finance,JSLL.NS,,,11-AUG-2025,
INE982V01025,Jet Freight Logistics Limited,JETFREIGHT,JETFREIGHT,543420,NSE+BSE,NSE/Yahoo Finance,JETFREIGHT.NS,,,21-DEC-2021,
INE742C01031,Jindal Drilling And Industries Limited,JINDRILL,JINDRILL,511034,NSE+BSE,NSE/Yahoo Finance,JINDRILL.NS,,,22-DEC-2006,
INE796G01012,Jindal Photo Limited,JINDALPHOT,JINDALPHOT,532624,NSE+BSE,NSE/Yahoo Finance,JINDALPHOT.NS,,,07-APR-2005,
INE197D01010,Jindal Poly Films Limited,JINDALPOLY,JINDALPOLY,500227,NSE+BSE,NSE/Yahoo Finance,JINDALPOLY.NS,,,21-JAN-2002,
INE147P01019,Jindal Poly Investment and Finance Company Limited,JPOLYINVST,JPOLYINVST,536773,NSE+BSE,NSE/Yahoo Finance,JPOLYINVST.NS,,,11-NOV-2013,
INE324A01032,Jindal Saw Limited,JINDALSAW,JINDALSAW#,100378,NSE+BSE,NSE/Yahoo Finance,JINDALSAW.NS,,,29-APR-2003,
INE220G01021,Jindal Stainless Limited,JSL,JSL#,132508,NSE+BSE,NSE/Yahoo Finance,JSL.NS,,,17-NOV-2003,
INE247D01039,Jindal Worldwide Limited,JINDWORLD,JINDWORLD,531543,NSE+BSE,NSE/Yahoo Finance,JINDWORLD.NS,,,25-NOV-2010,
INE1FF001016,Jinkushal Industries Limited,JKIPL,JKIPL,544547,NSE+BSE,NSE/Yahoo Finance,JKIPL.NS,,,03-OCT-2025,
INE758E01017,Jio Financial Services Limited,JIOFIN,JIOFIN,543940,NSE+BSE,NSE/Yahoo Finance,JIOFIN.NS,,,21-AUG-2023,
INE839G01010,Jocil Limited,JOCIL,JOCIL,204263,NSE+BSE,NSE/Yahoo Finance,JOCIL.NS,,,08-OCT-2008,
INE515A01019,John Cockerill India Limited,COCKERILL,COCKERILL,500147,NSE+BSE,NSE/Yahoo Finance,COCKERILL.NS,,,20-APR-2026,
INE643A01035,Jtekt India Limited,JTEKTINDIA,JTEKTINDIA,520057,NSE+BSE,NSE/Yahoo Finance,JTEKTINDIA.NS,,,12-JAN-2004,
INE03CC01015,Jubilant Agri and Consumer Products Limited,JUBLCPL,JUBLCPL,544355,NSE+BSE,NSE/Yahoo Finance,JUBLCPL.NS,,,14-FEB-2025,
INE797F01020,Jubilant Foodworks Limited,JUBLFOOD,JUBLFOOD#,133155,NSE+BSE,NSE/Yahoo Finance,JUBLFOOD.NS,,,08-FEB-2010,
INE0BY001018,Jubilant Ingrevia Limited,JUBLINGREA,JUBLINGREA#,143271,NSE+BSE,NSE/Yahoo Finance,JUBLINGREA.NS,,,19-MAR-2021,
INE700A01033,Jubilant Pharmova Limited,JUBLPHARMA,JUBLPHARMA#,130019,NSE+BSE,NSE/Yahoo Finance,JUBLPHARMA.NS,,,16-JUN-2003,
INE412C01023,Jullundur Motor Agency (Delhi) Limited,JMA,JMA,200283,NSE+BSE,NSE/Yahoo Finance,JMA.NS,,,16-MAR-2015,
INE05C901015,Juniper Green Energy Limited,JNPR,JNPR,544853,NSE+BSE,NSE/Yahoo Finance,JNPR.NS,,,06-AUG-2026,
INE696F01016,Juniper Hotels Limited,JUNIPER,JUNIPER,544129,NSE+BSE,NSE/Yahoo Finance,JUNIPER.NS,,,28-FEB-2024,
INE682M01020,Jupiter Life Line Hospitals Limited,JLHL,JLHL#,143980,NSE+BSE,NSE/Yahoo Finance,JLHL.NS,,,18-SEP-2023,
INE209L01016,Jupiter Wagons Limited,JWL,JWL#,133272,NSE+BSE,NSE/Yahoo Finance,JWL.NS,,,18-OCT-2010,
INE599M01018,Just Dial Limited,JUSTDIAL,JUSTDIAL,535648,NSE+BSE,NSE/Yahoo Finance,JUSTDIAL.NS,,,05-JUN-2013,
INE668F01031,Jyothy Labs Limited,JYOTHYLAB,JYOTHYLAB#,132926,NSE+BSE,NSE/Yahoo Finance,JYOTHYLAB.NS,,,19-DEC-2007,
INE980O01024,Jyoti CNC Automation Limited,JYOTICNC,JYOTICNC#,144081,NSE+BSE,NSE/Yahoo Finance,JYOTICNC.NS,,,16-JAN-2024,
INE197A01024,Jyoti Structures Limited,JYOTISTRUC,JYOTISTRUC,513250,NSE+BSE,NSE/Yahoo Finance,JYOTISTRUC.NS,,,19-JUL-1995,
INE157H01023,K.M.Sugar Mills Limited,KMSUGAR,KMSUGAR,532673,NSE+BSE,NSE/Yahoo Finance,KMSUGAR.NS,,,31-MAY-2007,
INE127T01021,K.P. Energy Limited,KPEL,KPEL,539686,NSE+BSE,NSE/Yahoo Finance,KPEL.NS,,,14-NOV-2024,
INE930H01031,K.P.R. Mill Limited,KPRMILL,KPRMILL#,132889,NSE+BSE,NSE/Yahoo Finance,KPRMILL.NS,,,28-AUG-2007,
INE805C01028,KCP Limited,KCP,KCP,590066,NSE+BSE,NSE/Yahoo Finance,KCP.NS,,,09-APR-1997,
INE790B01024,KCP Sugar and Industries Corporation Limited,KCPSUGIND,KCPSUGIND,533192,NSE+BSE,NSE/Yahoo Finance,KCPSUGIND.NS,,,11-JUN-1997,
INE291D01011,KDDL Limited,KDDL,KDDL,532054,NSE+BSE,NSE/Yahoo Finance,KDDL.NS,,,23-MAR-2016,
INE389H01022,KEC International Limited,KEC,KEC#,132714,NSE+BSE,NSE/Yahoo Finance,KEC.NS,,,10-MAR-2006,
INE878B01027,KEI Industries Limited,KEI,KEI#,117569,NSE+BSE,NSE/Yahoo Finance,KEI.NS,,,23-MAR-2006,
INE880L01014,KIOCL Limited,KIOCL,KIOCL#,140680,NSE+BSE,NSE/Yahoo Finance,KIOCL.NS,,,29-NOV-2016,
INE0KNW01016,KN Agri Resources Limited,KNAGRI,KNAGRI,208662,NSE+BSE,NSE/Yahoo Finance,KNAGRI.NS,,,09-DEC-2025,
INE634I01029,KNR Constructions Limited,KNRCON,KNRCON,532942,NSE+BSE,NSE/Yahoo Finance,KNRCON.NS,,,18-FEB-2008,
INE542W01025,KPI Green Energy Limited,KPIGREEN,KPIGREEN#,142323,NSE+BSE,NSE/Yahoo Finance,KPIGREEN.NS,,,27-JUL-2021,
INE04I401011,KPIT Technologies Limited,KPITTECH,KPITTECH#,142651,NSE+BSE,NSE/Yahoo Finance,KPITTECH.NS,,,22-APR-2019,
INE001B01026,KRBL Limited,KRBL,KRBL,530813,NSE+BSE,NSE/Yahoo Finance,KRBL.NS,,,21-JAN-2002,
INE0Q3J01015,KRN Heat Exchanger and Refrigeration Limited,KRN,KRN,544263,NSE+BSE,NSE/Yahoo Finance,KRN.NS,,,03-OCT-2024,
INE987S01020,KSH International Limited,KSHINTL,KSHINTL,544664,NSE+BSE,NSE/Yahoo Finance,KSHINTL.NS,,,23-DEC-2025,
INE1SPP01016,KSR Footwear Limited,KSR,KSR,544615,NSE+BSE,NSE/Yahoo Finance,KSR.NS,,,27-NOV-2025,
INE900B01029,Kabra Extrusion Technik Limited,KABRAEXTRU,KABRAEXTRU,524109,NSE+BSE,NSE/Yahoo Finance,KABRAEXTRU.NS,,,06-SEP-1995,
INE217B01036,Kajaria Ceramics Limited,KAJARIACER,KAJARIACER#,100233,NSE+BSE,NSE/Yahoo Finance,KAJARIACER.NS,,,01-JUN-2004,
INE437B01014,Kakatiya Cement Sugar & Industries Limited,KAKATCEM,KAKATCEM,500234,NSE+BSE,NSE/Yahoo Finance,KAKATCEM.NS,,,13-DEC-1995,
INE227J01012,Kalpataru Limited,KALPATARU,KALPATARU,544423,NSE+BSE,NSE/Yahoo Finance,KALPATARU.NS,,,01-JUL-2025,
INE220B01022,Kalpataru Projects International Limited,KPIL,KPIL#,122287,NSE+BSE,NSE/Yahoo Finance,KPIL.NS,,,15-DEC-2000,
INE303R01014,Kalyan Jewellers India Limited,KALYANKJIL,KALYANKJIL#,143278,NSE+BSE,NSE/Yahoo Finance,KALYANKJIL.NS,,,26-MAR-2021,
INE610E01010,Kalyani Commercials Limited,KALYANI,KALYANI$,204505,NSE+BSE,NSE/Yahoo Finance,KALYANI.NS,,,13-FEB-2017,
INE314G01014,Kalyani Forge Limited,KALYANIFRG,KALYANIFRG,513509,NSE+BSE,NSE/Yahoo Finance,KALYANIFRG.NS,,,20-DEC-2007,
INE029L01018,Kalyani Investment Company Limited,KICL,KICL,533302,NSE+BSE,NSE/Yahoo Finance,KICL.NS,,,14-JAN-2011,
INE907A01026,Kalyani Steels Limited,KSL,KSL,500235,NSE+BSE,NSE/Yahoo Finance,KSL.NS,,,19-MAY-2010,
INE411F01010,Kama Holdings Limited,KAMAHOLD,KAMAHOLD,532468,NSE+BSE,NSE/Yahoo Finance,KAMAHOLD.NS,,,20-APR-2026,
INE967C01018,Kamat Hotels (I) Limited,KAMATHOTEL,KAMATHOTEL,526668,NSE+BSE,NSE/Yahoo Finance,KAMATHOTEL.NS,,,29-MAY-1996,
INE390H01020,Kamdhenu Limited,KAMDHENU,KAMDHENU,532741,NSE+BSE,NSE/Yahoo Finance,KAMDHENU.NS,,,09-MAY-2006,
INE0BTI01037,Kamdhenu Ventures Limited,KAMOPAINTS,KAMOPAINTS,543747,NSE+BSE,NSE/Yahoo Finance,KAMOPAINTS.NS,,,24-JAN-2023,
INE879E01037,Kanani Industries Limited,KANANIIND,KANANIIND,506184,NSE+BSE,NSE/Yahoo Finance,KANANIIND.NS,,,14-DEC-2011,
INE081G01019,Kanchi Karpooram Limited,KANCHI,KANCHI,538896,NSE+BSE,NSE/Yahoo Finance,KANCHI.NS,,,20-APR-2026,
INE138C01024,Kanoria Chemicals & Industries Limited,KANORICHEM,KANORICHEM,506525,NSE+BSE,NSE/Yahoo Finance,KANORICHEM.NS,,,08-FEB-1995,
INE694E01014,Kanpur Plastipack Limited,KANPRPLA,KANPRPLA,507779,NSE+BSE,NSE/Yahoo Finance,KANPRPLA.NS,,,01-JAN-2021,
INE531A01024,Kansai Nerolac Paints Limited,KANSAINER,KANSAINER#,100165,NSE+BSE,NSE/Yahoo Finance,KANSAINER.NS,,,15-SEP-2003,
INE542Z01028,Kapston Services Limited,KAPSTON,KAPSTON,211859,NSE+BSE,NSE/Yahoo Finance,KAPSTON.NS,,,27-MAY-2020,
INE725L01011,Karma Energy Limited,KARMAENG,KARMAENG,533451,NSE+BSE,NSE/Yahoo Finance,KARMAENG.NS,,,28-JUN-2011,
INE036D01028,Karur Vysya Bank Limited,KARURVYSYA,KARURVYSYA,590003,NSE+BSE,NSE/Yahoo Finance,KARURVYSYA.NS,,,26-JUL-2000,
INE234I01028,Kaushalya Infrastructure Development Corporation Limited,KAUSHALYA,KAUSHALYA,532925,NSE+BSE,NSE/Yahoo Finance,KAUSHALYA.NS,,,14-DEC-2007,
INE455I01029,Kaveri Seed Company Limited,KSCL,KSCL,532899,NSE+BSE,NSE/Yahoo Finance,KSCL.NS,,,04-OCT-2007,
INE641C01019,Kavveri Defence & Wireless Technologies Limited,KAVDEFENCE,KAVDEFENCE,590041,NSE+BSE,NSE/Yahoo Finance,KAVDEFENCE.NS,,,29-JAN-2008,
INE587G01015,Kaya Limited,KAYA,KAYA,539276,NSE+BSE,NSE/Yahoo Finance,KAYA.NS,,,14-AUG-2015,
INE918Z01012,Kaynes Technology India Limited,KAYNES,KAYNES#,143664,NSE+BSE,NSE/Yahoo Finance,KAYNES.NS,,,22-NOV-2022,
INE164B01030,Kellton Tech Solutions Limited,KELLTONTEC,KELLTONTEC,519602,NSE+BSE,NSE/Yahoo Finance,KELLTONTEC.NS,,,02-MAR-2016,
INE717A01029,Kennametal India Limited,KENNAMET,KENNAMET,505890,NSE+BSE,NSE/Yahoo Finance,KENNAMET.NS,,,20-APR-2026,
INE202H01019,Kernex Microsystems (India) Limited,KERNEX,KERNEX,532686,NSE+BSE,NSE/Yahoo Finance,KERNEX.NS,,,20-DEC-2005,
INE087A01019,Kesoram Industries Limited,KESORAMIND,KESORAMIND,502937,NSE+BSE,NSE/Yahoo Finance,KESORAMIND.NS,,,06-SEP-1995,
INE401H01017,Kewal Kiran Clothing Limited,KKCL,KKCL,532732,NSE+BSE,NSE/Yahoo Finance,KKCL.NS,,,13-APR-2006,
INE681C01015,Keynote Financial Services Limited,KEYFINSERV,KEYFINSERV,512597,NSE+BSE,NSE/Yahoo Finance,KEYFINSERV.NS,,,26-JUN-1996,
INE263M01029,Keystone Realtors Limited,RUSTOMJEE,RUSTOMJEE,543669,NSE+BSE,NSE/Yahoo Finance,RUSTOMJEE.NS,,,24-NOV-2022,
INE138Y01010,Kfin Technologies Limited,KFINTECH,KFINTECH#,143720,NSE+BSE,NSE/Yahoo Finance,KFINTECH.NS,,,29-DEC-2022,
INE834I01025,Khadim India Limited,KHADIM,KHADIM,540775,NSE+BSE,NSE/Yahoo Finance,KHADIM.NS,,,14-NOV-2017,
INE731C01018,Khaitan (India) Limited,KHAITANLTD,KHAITANLTD,590068,NSE+BSE,NSE/Yahoo Finance,KHAITANLTD.NS,,,20-DEC-1995,
INE745B01028,Khaitan Chemicals & Fertilizers Limited,KHAICHEM,KHAICHEM,507794,NSE+BSE,NSE/Yahoo Finance,KHAICHEM.NS,,,30-OCT-2020,
INE060B01014,Khandwala Securities Limited,KHANDSE,KHANDSE,531892,NSE+BSE,NSE/Yahoo Finance,KHANDSE.NS,,,07-FEB-2001,
INE338F01015,Kilburn Engineering Limited,KLBRENG-B,KLBRENG-B,522101,NSE+BSE,NSE/Yahoo Finance,KLBRENG-B.NS,,,20-APR-2026,
INE729D01010,Kilitch Drugs (India) Limited,KILITCH,KILITCH,524500,NSE+BSE,NSE/Yahoo Finance,KILITCH.NS,,,29-SEP-2010,
INE473D01015,Kingfa Science & Technology (India) Limited,KINGFA,KINGFA,524019,NSE+BSE,NSE/Yahoo Finance,KINGFA.NS,,,15-NOV-2016,
INE555P01013,Kiran Vyapar Limited,KIRANVYPAR,KIRANVYPAR,537750,NSE+BSE,NSE/Yahoo Finance,KIRANVYPAR.NS,,,20-APR-2026,
INE415I01015,Kiri Industries Limited,KIRIINDUS,KIRIINDUS,532967,NSE+BSE,NSE/Yahoo Finance,KIRIINDUS.NS,,,22-APR-2008,
INE732A01036,Kirloskar Brothers Limited,KIRLOSBROS,KIRLOSBROS#,100241,NSE+BSE,NSE/Yahoo Finance,KIRLOSBROS.NS,,,20-APR-2010,
INE134B01017,Kirloskar Electric Company Limited,KECL,KECL,533193,NSE+BSE,NSE/Yahoo Finance,KECL.NS,,,09-MAR-2010,
INE884B01025,Kirloskar Ferrous Industries Limited,KIRLFER,KIRLFER,500245,NSE+BSE,NSE/Yahoo Finance,KIRLFER.NS,,,20-APR-2026,
INE250A01039,Kirloskar Industries Limited,KIRLOSIND,KIRLOSIND,500243,NSE+BSE,NSE/Yahoo Finance,KIRLOSIND.NS,,,24-JUN-2010,
INE146L01010,Kirloskar Oil Engines Limited,KIRLOSENG,KIRLOSENG#,133293,NSE+BSE,NSE/Yahoo Finance,KIRLOSENG.NS,,,24-DEC-2010,
INE811A01020,Kirloskar Pneumatic Company Limited,KIRLPNU,KIRLPNU#,105283,NSE+BSE,NSE/Yahoo Finance,KIRLPNU.NS,,,26-APR-2023,
INE602G01020,Kitex Garments Limited,KITEX,KITEX,521248,NSE+BSE,NSE/Yahoo Finance,KITEX.NS,,,25-SEP-2012,
INE17QZ01016,Knack Packaging Limited,KNACK,KNACK,544814,NSE+BSE,NSE/Yahoo Finance,KNACK.NS,,,08-JUL-2026,
INE0CJD01029,Knowledge Marine & Engineering Works Limited,KMEW,KMEW,543273,NSE+BSE,NSE/Yahoo Finance,KMEW.NS,,,14-NOV-2024,
INE080B01012,Kohinoor Foods Limited,KOHINOOR,KOHINOOR,512559,NSE+BSE,NSE/Yahoo Finance,KOHINOOR.NS,,,20-OCT-1999,
INE760A01029,Kokuyo Camlin Limited,KOKUYOCMLN,KOKUYOCMLN,523207,NSE+BSE,NSE/Yahoo Finance,KOKUYOCMLN.NS,,,28-JUL-2008,
INE094I01018,Kolte - Patil Developers Limited,KOLTEPATIL,KOLTEPATIL,532924,NSE+BSE,NSE/Yahoo Finance,KOLTEPATIL.NS,,,13-DEC-2007,
INE082A01010,Kopran Limited,KOPRAN,KOPRAN,524280,NSE+BSE,NSE/Yahoo Finance,KOPRAN.NS,,,09-JUN-1999,
INE237A01036,Kotak Mahindra Bank Limited,KOTAKBANK,KOTAKBANK#,100247,NSE+BSE,NSE/Yahoo Finance,KOTAKBANK.NS,,,20-DEC-1995,
INE972A01020,Kothari Industrial Corporation Limited,KOTIC,KOTIC,509732,NSE+BSE,NSE/Yahoo Finance,KOTIC.NS,,,20-APR-2026,
INE720A01015,Kothari Petrochemicals Limited,KOTHARIPET,KOTHARIPET,203356,NSE+BSE,NSE/Yahoo Finance,KOTHARIPET.NS,,,02-NOV-1996,
INE823A01017,Kothari Products Limited,KOTHARIPRO,KOTHARIPRO,530299,NSE+BSE,NSE/Yahoo Finance,KOTHARIPRO.NS,,,03-JUN-1998,
INE419A01022,Kothari Sugars And Chemicals Limited,KOTARISUG,KOTARISUG,203887,NSE+BSE,NSE/Yahoo Finance,KOTARISUG.NS,,,13-DEC-2004,
INE0J0B01017,Kotyark Industries Limited,KOTYARK,KOTYARK,544726,NSE+BSE,NSE/Yahoo Finance,KOTYARK.NS,,,12-MAR-2026,
INE177F01017,Kovai Medical Center & Hospital Limited,KOVAI,KOVAI,523323,NSE+BSE,NSE/Yahoo Finance,KOVAI.NS,,,20-APR-2026,
INE268B01013,Krebs Biochemicals and Industries Limited,KREBSBIO,KREBSBIO,524518,NSE+BSE,NSE/Yahoo Finance,KREBSBIO.NS,,,03-JAN-1996,
INE524L01026,Kridhan Infra Limited,KRIDHANINF,KRIDHANINF,533482,NSE+BSE,NSE/Yahoo Finance,KRIDHANINF.NS,,,11-DEC-2015,
INE506W01020,Krishana Phoschem Limited,KRISHANA,KRISHANA,201480,NSE+BSE,NSE/Yahoo Finance,KRISHANA.NS,,,22-AUG-2019,
INE0GGO01015,Krishival Foods Limited,KRISHIVAL,KRISHIVAL,544416,NSE+BSE,NSE/Yahoo Finance,KRISHIVAL.NS,,,20-JUN-2025,
INE0J5601015,Krishna Defence And Allied Industries Limited,KRISHNADEF,KRISHNADEF,208731,NSE+BSE,NSE/Yahoo Finance,KRISHNADEF.NS,,,30-DEC-2025,
INE967H01025,Krishna Institute of Medical Sciences Limited,KIMS,KIMS#,143308,NSE+BSE,NSE/Yahoo Finance,KIMS.NS,,,28-JUN-2021,
INE479D01038,Kriti Industries (India) Limited,KRITI,KRITI,526423,NSE+BSE,NSE/Yahoo Finance,KRITI.NS,,,01-NOV-2021,
INE798K01010,Kriti Nutrients Limited,KRITINUT,KRITINUT,533210,NSE+BSE,NSE/Yahoo Finance,KRITINUT.NS,,,07-OCT-2022,
INE00Z501029,Kritika Wires Limited,KRITIKA,KRITIKA,209061,NSE+BSE,NSE/Yahoo Finance,KRITIKA.NS,,,04-MAY-2022,
INE0ATZ01017,Kronox Lab Sciences Limited,KRONOX,KRONOX,544187,NSE+BSE,NSE/Yahoo Finance,KRONOX.NS,,,10-JUN-2024,
INE0O6601022,Kross Limited,KROSS,KROSS,544253,NSE+BSE,NSE/Yahoo Finance,KROSS.NS,,,16-SEP-2024,
INE08LI01020,Krsnaa Diagnostics Limited,KRSNAA,KRSNAA,543328,NSE+BSE,NSE/Yahoo Finance,KRSNAA.NS,,,16-AUG-2021,
INE0QN801017,Krystal Integrated Services Limited,KRYSTAL,KRYSTAL,544149,NSE+BSE,NSE/Yahoo Finance,KRYSTAL.NS,,,21-MAR-2024,
INE999A01023,Ksb Limited,KSB,KSB#,100249,NSE+BSE,NSE/Yahoo Finance,KSB.NS,,,08-FEB-1995,
INE013801027,Kshitij Polyline Limited,KSHITIJPOL,KSHITIJPOL,209192,NSE+BSE,NSE/Yahoo Finance,KSHITIJPOL.NS,,,27-JUL-2022,
INE0D6I01023,Ksolves India Limited,KSOLVES,KSOLVES,543599,NSE+BSE,NSE/Yahoo Finance,KSOLVES.NS,,,23-SEP-2022,
INE529I01021,Kuantum Papers Limited,KUANTUM,KUANTUM,532937,NSE+BSE,NSE/Yahoo Finance,KUANTUM.NS,,,23-OCT-2019,
INE0ISX01025,Kusumgar Limited,KUSUMGAR,KUSUMGAR,544821,NSE+BSE,NSE/Yahoo Finance,KUSUMGAR.NS,,,15-JUL-2026,
INE552U01010,Kwality Pharmaceuticals Limited,KPL,KPL,539997,NSE+BSE,NSE/Yahoo Finance,KPL.NS,,,20-APR-2026,
INE2KCE01013,Kwality Wall's (India) Limited,KWIL,KWIL,544622,NSE+BSE,NSE/Yahoo Finance,KWIL.NS,,,16-FEB-2026,
INE498L01015,L&T Finance Limited,LTF,LTF#,133519,NSE+BSE,NSE/Yahoo Finance,LTF.NS,,,12-AUG-2011,
INE010V01017,L&T Technology Services Limited,LTTS,LTTS#,140115,NSE+BSE,NSE/Yahoo Finance,LTTS.NS,,,23-SEP-2016,
INE938A01021,LCC Infotech Limited,LCCINFOTEC,LCCINFOTEC,532019,NSE+BSE,NSE/Yahoo Finance,LCCINFOTEC.NS,,,02-MAR-2000,
INE337A01034,LG Balakrishnan & Bros Limited,LGBBROSLTD,LGBBROSLTD,500250,NSE+BSE,NSE/Yahoo Finance,LGBBROSLTD.NS,,,30-MAR-2010,
INE324D01010,LG Electronics India Limited,LGEINDIA,LGEINDIA,544576,NSE+BSE,NSE/Yahoo Finance,LGEINDIA.NS,,,14-OCT-2025,
INE115A01026,LIC Housing Finance Limited,LICHSGFIN,LICHSGFIN#,100253,NSE+BSE,NSE/Yahoo Finance,LICHSGFIN.NS,,,29-JUL-1998,
INE093R01011,LLOYDS ENGINEERING WORKS LIMITED,LLOYDSENGG,LLOYDSENGG,539992,NSE+BSE,NSE/Yahoo Finance,LLOYDSENGG.NS,,,18-JUL-2016,
INE269B01029,LMW Limited,LMW,LMW#,100252,NSE+BSE,NSE/Yahoo Finance,LMW.NS,,,29-MAR-1995,
INE818H01020,LT Foods Limited,LTFOODS,LTFOODS#,132783,NSE+BSE,NSE/Yahoo Finance,LTFOODS.NS,,,18-DEC-2006,
INE214T01019,LTM Limited,LTM,LTM#,140005,NSE+BSE,NSE/Yahoo Finance,LTM.NS,,,21-JUL-2016,
INE059D01020,La Opala RG Limited,LAOPALA,LAOPALA,526947,NSE+BSE,NSE/Yahoo Finance,LAOPALA.NS,,,16-MAR-2007,
INE548Z01017,Lagnam Spintex Limited,LAGNAM,LAGNAM,202362,NSE+BSE,NSE/Yahoo Finance,LAGNAM.NS,,,30-SEP-2021,
INE515C01023,Lahoti Overseas Limited,LAHOTIOV,LAHOTIOV,531842,NSE+BSE,NSE/Yahoo Finance,LAHOTIOV.NS,,,20-APR-2026,
INE850E01012,Lakshmi Finance & Industrial Corporation Limited,LFIC,LFIC,204994,NSE+BSE,NSE/Yahoo Finance,LFIC.NS,,,15-APR-2015,
INE651C01018,Lakshmi Precision Screws Limited,LAKPRE,LAKPRE,506079,NSE+BSE,NSE/Yahoo Finance,LAKPRE.NS,,,26-SEP-2006,
INE112F01022,Lambodhara Textiles Limited,LAMBODHARA,LAMBODHARA,590075,NSE+BSE,NSE/Yahoo Finance,LAMBODHARA.NS,,,04-FEB-2015,
INE572G01025,Lancor Holdings Limited,LANCORHOL,LANCORHOL,509048,NSE+BSE,NSE/Yahoo Finance,LANCORHOL.NS,,,12-MAR-2024,
INE559R01029,Landmark Cars Limited,LANDMARK,LANDMARK,543714,NSE+BSE,NSE/Yahoo Finance,LANDMARK.NS,,,23-DEC-2022,
INE197J01017,Landmark Property Development Company Limited,LPDC,LPDC,533012,NSE+BSE,NSE/Yahoo Finance,LPDC.NS,,,12-AUG-2008,
INE688J01023,Landsmill Green Limited,LANDSMILL,LANDSMILL,533090,NSE+BSE,NSE/Yahoo Finance,LANDSMILL.NS,,,03-AUG-2009,
INE018A01030,Larsen & Toubro Limited,LT,LT#,100510,NSE+BSE,NSE/Yahoo Finance,LT.NS,,,23-JUN-2004,
INE670X01014,Lasa Supergenerics Limited,LASA,LASA,540702,NSE+BSE,NSE/Yahoo Finance,LASA.NS,,,21-SEP-2017,
INE17IR01028,Laser Power & Infra Limited,LASERPOWER,LASERPOWER,544822,NSE+BSE,NSE/Yahoo Finance,LASERPOWER.NS,,,16-JUL-2026,
INE0I7C01011,Latent View Analytics Limited,LATENTVIEW,LATENTVIEW#,143398,NSE+BSE,NSE/Yahoo Finance,LATENTVIEW.NS,,,23-NOV-2021,
INE262Z01023,Latteys Industries Limited,LATTEYS,LATTEYS,209471,NSE+BSE,NSE/Yahoo Finance,LATTEYS.NS,,,23-MAY-2023,
INE947Q01028,Laurus Labs Limited,LAURUSLABS,LAURUSLABS#,140222,NSE+BSE,NSE/Yahoo Finance,LAURUSLABS.NS,,,19-DEC-2016,
INE801V01019,Laxmi Cotspin Limited,LAXMICOT,LAXMICOT,202410,NSE+BSE,NSE/Yahoo Finance,LAXMICOT.NS,,,12-NOV-2021,
INE0WO601020,Laxmi Dental Limited,LAXMIDENTL,LAXMIDENTL,544339,NSE+BSE,NSE/Yahoo Finance,LAXMIDENTL.NS,,,20-JAN-2025,
INE258Y01016,Laxmi Goldorna House Limited,LGHL,LGHL,206778,NSE+BSE,NSE/Yahoo Finance,LGHL.NS,,,10-NOV-2023,
INE06WU01026,Laxmi India Finance Limited,LAXMIINDIA,LAXMIINDIA,544465,NSE+BSE,NSE/Yahoo Finance,LAXMIINDIA.NS,,,05-AUG-2025,
INE576O01020,Laxmi Organic Industries Limited,LXCHEM,LXCHEM,543277,NSE+BSE,NSE/Yahoo Finance,LXCHEM.NS,,,25-MAR-2021,
INE0G1L01025,Le Merite Exports Limited,LEMERITE,LEMERITE,208757,NSE+BSE,NSE/Yahoo Finance,LEMERITE.NS,,,12-DEC-2025,
INE0HV901016,Le Travenues Technology Limited,IXIGO,IXIGO,544192,NSE+BSE,NSE/Yahoo Finance,IXIGO.NS,,,18-JUN-2024,
INE0AQ201015,Leela Palaces Hotels & Resorts Limited,THELEELA,THELEELA,544408,NSE+BSE,NSE/Yahoo Finance,THELEELA.NS,,,02-JUN-2025,
INE970X01018,Lemon Tree Hotels Limited,LEMONTREE,LEMONTREE#,141233,NSE+BSE,NSE/Yahoo Finance,LEMONTREE.NS,,,09-APR-2018,
INE956O01016,Lenskart Solutions Limited,LENSKART,LENSKART,544600,NSE+BSE,NSE/Yahoo Finance,LENSKART.NS,,,10-NOV-2025,
INE500X01013,Lexus Granito (India) Limited,LEXUS,LEXUS,206238,NSE+BSE,NSE/Yahoo Finance,LEXUS.NS,,,13-MAR-2023,
INE908V01012,Libas Consumer Products Limited,LIBAS,LIBAS,205469,NSE+BSE,NSE/Yahoo Finance,LIBAS.NS,,,23-JUL-2019,
INE557B01019,Liberty Shoes Limited,LIBERTSHOE,LIBERTSHOE,526596,NSE+BSE,NSE/Yahoo Finance,LIBERTSHOE.NS,,,27-SEP-1995,
INE0J1Y01017,Life Insurance Corporation Of India,LICI,LICI#,143526,NSE+BSE,NSE/Yahoo Finance,LICI.NS,,,17-MAY-2022,
INE060901027,Likhitha Infrastructure Limited,LIKHITHA,LIKHITHA,543240,NSE+BSE,NSE/Yahoo Finance,LIKHITHA.NS,,,15-OCT-2020,
INE802B01027,Linc Limited,LINC,LINC,531241,NSE+BSE,NSE/Yahoo Finance,LINC.NS,,,09-MAR-2015,
INE405C01035,Lincoln Pharmaceuticals Limited,LINCOLN,LINCOLN,531633,NSE+BSE,NSE/Yahoo Finance,LINCOLN.NS,,,17-DEC-2015,
INE473A01011,Linde India Limited,LINDEINDIA,LINDEINDIA#,123457,NSE+BSE,NSE/Yahoo Finance,LINDEINDIA.NS,,,16-JUN-1999,
INE080I01025,Lloyds Enterprises Limited,LLOYDSENT,LLOYDSENT,512463,NSE+BSE,NSE/Yahoo Finance,LLOYDSENT.NS,,,17-OCT-2024,
INE281B01032,Lloyds Metals And Energy Limited,LLOYDSME,LLOYDSME#,112455,NSE+BSE,NSE/Yahoo Finance,LLOYDSME.NS,,,17-JUL-2023,
INE670K01029,Lodha Developers Limited,LODHA,LODHA#,143287,NSE+BSE,NSE/Yahoo Finance,LODHA.NS,,,19-APR-2021,
INE0QJW01029,Lohia Corp Limited,LCL,LCL,544839,NSE+BSE,NSE/Yahoo Finance,LCL.NS,,,30-JUL-2026,
INE397H01017,Lokesh Machines Limited,LOKESHMACH,LOKESHMACH,532740,NSE+BSE,NSE/Yahoo Finance,LOKESHMACH.NS,,,05-MAY-2006,
INE846D01012,Lords Chloro Alkali Limited,LORDSCHLO,LORDSCHLO,500284,NSE+BSE,NSE/Yahoo Finance,LORDSCHLO.NS,,,28-AUG-2023,
INE740X01023,Lorenzini Apparels Limited,LAL,LAL,540952,NSE+BSE,NSE/Yahoo Finance,LAL.NS,,,10-APR-2023,
INE947I01017,Lotus Eye Hospital and Institute Limited,LOTUSEYE,LOTUSEYE,532998,NSE+BSE,NSE/Yahoo Finance,LOTUSEYE.NS,,,11-JUL-2008,
INE597L01014,Lovable Lingerie Limited,LOVABLE,LOVABLE,533343,NSE+BSE,NSE/Yahoo Finance,LOVABLE.NS,,,24-MAR-2011,
INE970D01010,Loyal Textile Mills Limited,LOYALTEX,LOYALTEX,514036,NSE+BSE,NSE/Yahoo Finance,LOYALTEX.NS,,,11-AUG-2022,
INE872H01027,Lumax Auto Technologies Limited,LUMAXTECH,LUMAXTECH,532796,NSE+BSE,NSE/Yahoo Finance,LUMAXTECH.NS,,,16-JAN-2007,
INE162B01018,Lumax Industries Limited,LUMAXIND,LUMAXIND,517206,NSE+BSE,NSE/Yahoo Finance,LUMAXIND.NS,,,06-SEP-1995,
INE326A01037,Lupin Limited,LUPIN,LUPIN#,100257,NSE+BSE,NSE/Yahoo Finance,LUPIN.NS,,,10-SEP-2001,
INE150G01020,Lux Industries Limited,LUXIND,LUXIND,539542,NSE+BSE,NSE/Yahoo Finance,LUXIND.NS,,,30-NOV-2015,
INE933A01014,Lyka Labs Limited,LYKALABS,LYKALABS,500259,NSE+BSE,NSE/Yahoo Finance,LYKALABS.NS,,,08-FEB-1995,
INE08N601015,M & B Engineering Limited,MBEL,MBEL,544470,NSE+BSE,NSE/Yahoo Finance,MBEL.NS,,,06-AUG-2025,
INE964W01021,M K Proteins Limited,MKPL,MKPL,543919,NSE+BSE,NSE/Yahoo Finance,MKPL.NS,,,13-JUN-2023,
INE813V01022,M TEK COPPER LIMITED,MCL,MCL,200072,NSE+BSE,NSE/Yahoo Finance,MCL.NS,,,19-AUG-2020,
INE348L01012,MAS Financial Services Limited,MASFIN,MASFIN,540749,NSE+BSE,NSE/Yahoo Finance,MASFIN.NS,,,18-OCT-2017,
INE912H01013,MBL Infrastructure Limited,MBLINFRA,MBLINFRA,533152,NSE+BSE,NSE/Yahoo Finance,MBLINFRA.NS,,,11-JAN-2010,
INE776I01010,MEP Infrastructure Developers Limited,MEP,MEP,539126,NSE+BSE,NSE/Yahoo Finance,MEP.NS,,,06-MAY-2015,
INE287C01037,MIC Electronics Limited,MICEL,MICEL,532850,NSE+BSE,NSE/Yahoo Finance,MICEL.NS,,,17-DEC-2021,
INE828O01033,MITCON Consultancy & Engineering Services Limited,MITCON,MITCON,204669,NSE+BSE,NSE/Yahoo Finance,MITCON.NS,,,17-MAR-2022,
INE227C01017,MM Forgings Limited,MMFL,MMFL,522241,NSE+BSE,NSE/Yahoo Finance,MMFL.NS,,,20-DEC-2006,
INE511Y01018,MMP Industries Limited,MMP,MMP,203210,NSE+BSE,NSE/Yahoo Finance,MMP.NS,,,09-JAN-2020,
INE123F01029,MMTC Limited,MMTC,MMTC#,113377,NSE+BSE,NSE/Yahoo Finance,MMTC.NS,,,09-APR-2012,
INE737D01021,MODISON LIMITED,MODISONLTD,MODISONLTD,506261,NSE+BSE,NSE/Yahoo Finance,MODISONLTD.NS,,,03-MAY-2021,
INE490G01020,MOIL Limited,MOIL,MOIL,533286,NSE+BSE,NSE/Yahoo Finance,MOIL.NS,,,15-DEC-2010,
INE943D01017,MPS Limited,MPSLTD,MPSLTD,532440,NSE+BSE,NSE/Yahoo Finance,MPSLTD.NS,,,21-JAN-2002,
INE883A01011,MRF Limited,MRF,MRF#,100290,NSE+BSE,NSE/Yahoo Finance,MRF.NS,,,18-SEP-1996,
INE752G01015,MSP Steel & Power Limited,MSPL,MSPL,532650,NSE+BSE,NSE/Yahoo Finance,MSPL.NS,,,18-JUL-2005,
INE472M01018,MT Educare Limited,MTEDUCARE,MTEDUCARE,534312,NSE+BSE,NSE/Yahoo Finance,MTEDUCARE.NS,,,12-APR-2012,
INE0OWZ01020,MV Electrosystems Limited,MVELECTRO,MVELECTRO,544851,NSE+BSE,NSE/Yahoo Finance,MVELECTRO.NS,,,06-AUG-2026,
INE215I01027,Maan Aluminium Limited,MAANALU,MAANALU,532906,NSE+BSE,NSE/Yahoo Finance,MAANALU.NS,,,22-OCT-2007,
INE435D01014,Mac Charles India Limited,MCCHRLS-B,MCCHRLS-B,507836,NSE+BSE,NSE/Yahoo Finance,MCCHRLS-B.NS,,,20-APR-2026,
INE155Z01011,Macpower CNC Machines Limited,MACPOWER,MACPOWER,203119,NSE+BSE,NSE/Yahoo Finance,MACPOWER.NS,,,19-AUG-2020,
INE631R01026,Madhav Infra Projects Limited,MADHAVIPL,MADHAVIPL,539894,NSE+BSE,NSE/Yahoo Finance,MADHAVIPL.NS,,,20-APR-2026,
INE925C01016,Madhav Marbles and Granites Limited,MADHAV,MADHAV,515093,NSE+BSE,NSE/Yahoo Finance,MADHAV.NS,,,20-DEC-2007,
INE378D01032,Madhucon Projects Limited,MADHUCON,MADHUCON,531497,NSE+BSE,NSE/Yahoo Finance,MADHUCON.NS,,,05-OCT-2006,
INE900L01028,Madhya Bharat Agro Products Limited,MBAPL,MBAPL,203569,NSE+BSE,NSE/Yahoo Finance,MBAPL.NS,,,22-AUG-2019,
INE414A01015,Madras Fertilizers Limited,MADRASFERT,MADRASFERT,590134,NSE+BSE,NSE/Yahoo Finance,MADRASFERT.NS,,,25-JUL-1997,
INE270B01035,Mafatlal Industries Limited,MAFATIND,MAFATIND,500264,NSE+BSE,NSE/Yahoo Finance,MAFATIND.NS,,,20-APR-2026,
INE347W01011,Magadh Sugar & Energy Limited,MAGADSUGAR,MAGADSUGAR,540650,NSE+BSE,NSE/Yahoo Finance,MAGADSUGAR.NS,,,28-JUL-2017,
INE613C01026,Magellanic Cloud Limited,MCLOUD,MCLOUD,538891,NSE+BSE,NSE/Yahoo Finance,MCLOUD.NS,,,07-FEB-2025,
INE387I01016,Magnum Ventures Limited,MAGNUM,MAGNUM,532896,NSE+BSE,NSE/Yahoo Finance,MAGNUM.NS,,,20-SEP-2007,
INE843B01013,Maha Rashtra Apex Corporation Limited,MAHAPEXLTD,MAHAPEXLTD,523384,NSE+BSE,NSE/Yahoo Finance,MAHAPEXLTD.NS,,,21-JAN-1998,
INE0US801024,Mahalaxmi Fabric Mills Limited,MFML,MFML,544233,NSE+BSE,NSE/Yahoo Finance,MFML.NS,,,27-AUG-2024,
INE112D01035,Mahalaxmi Rubtech Limited,MHLXMIRU,MHLXMIRU,514450,NSE+BSE,NSE/Yahoo Finance,MHLXMIRU.NS,,,27-JAN-2022,
INE451L01014,Mahamaya Steel Industries Limited,MAHASTEEL,MAHASTEEL,513554,NSE+BSE,NSE/Yahoo Finance,MAHASTEEL.NS,,,01-JUL-2016,
INE002S01010,Mahanagar Gas Limited,MGL,MGL#,139957,NSE+BSE,NSE/Yahoo Finance,MGL.NS,,,01-JUL-2016,
INE153A01019,Mahanagar Telephone Nigam Limited,MTNL,MTNL,500108,NSE+BSE,NSE/Yahoo Finance,MTNL.NS,,,17-FEB-1999,
INE288A01013,Maharashtra Scooters Limited,MAHSCOOTER,MAHSCOOTER#,100266,NSE+BSE,NSE/Yahoo Finance,MAHSCOOTER.NS,,,08-FEB-1995,
INE271B01025,Maharashtra Seamless Limited,MAHSEAMLES,MAHSEAMLES,500265,NSE+BSE,NSE/Yahoo Finance,MAHSEAMLES.NS,,,25-AUG-2004,
INE263W01010,Maheshwari Logistics Limited,MAHESHWARI,MAHESHWARI,205355,NSE+BSE,NSE/Yahoo Finance,MAHESHWARI.NS,,,15-APR-2019,
INE774D01024,Mahindra & Mahindra Financial Services Limited,M&MFIN,M&MFIN#,132720,NSE+BSE,NSE/Yahoo Finance,M&MFIN.NS,,,17-MAR-2006,
INE101A01026,Mahindra & Mahindra Limited,M&M,M&M#,100520,NSE+BSE,NSE/Yahoo Finance,M&M.NS,,,03-JAN-1996,
INE215D01010,Mahindra EPC Irrigation Limited,MAHEPC,MAHEPC,523754,NSE+BSE,NSE/Yahoo Finance,MAHEPC.NS,,,14-FEB-2020,
INE998I01010,Mahindra Holidays & Resorts India Limited,MHRIL,MHRIL,533088,NSE+BSE,NSE/Yahoo Finance,MHRIL.NS,,,16-JUL-2009,
INE813A01018,Mahindra Lifespace Developers Limited,MAHLIFE,MAHLIFE,532313,NSE+BSE,NSE/Yahoo Finance,MAHLIFE.NS,,,10-MAY-2000,
INE766P01016,Mahindra Logistics Limited,MAHLOG,MAHLOG,540768,NSE+BSE,NSE/Yahoo Finance,MAHLOG.NS,,,10-NOV-2017,
INE683C01011,Maithan Alloys Limited,MAITHANALL,MAITHANALL,590078,NSE+BSE,NSE/Yahoo Finance,MAITHANALL.NS,,,05-JUL-2011,
INE201B01022,Majestic Auto Limited,MAJESAUT,MAJESAUT,500267,NSE+BSE,NSE/Yahoo Finance,MAJESAUT.NS,,,20-APR-2026,
INE389C01015,Mallcom (India) Limited,MALLCOM,MALLCOM,539400,NSE+BSE,NSE/Yahoo Finance,MALLCOM.NS,,,02-FEB-2022,
INE383H01017,Malu Paper Mills Limited,MALUPAPER,MALUPAPER,532728,NSE+BSE,NSE/Yahoo Finance,MALUPAPER.NS,,,05-APR-2006,
INE0TO701015,Mamata Machinery Limited,MAMATA,MAMATA,544318,NSE+BSE,NSE/Yahoo Finance,MAMATA.NS,,,27-DEC-2024,
INE993A01026,Man Industries (India) Limited,MANINDS,MANINDS,513269,NSE+BSE,NSE/Yahoo Finance,MANINDS.NS,,,24-JUN-2005,
INE949H01023,Man Infraconstruction Limited,MANINFRA,MANINFRA,533169,NSE+BSE,NSE/Yahoo Finance,MANINFRA.NS,,,11-MAR-2010,
INE859Q01017,Manaksia Aluminium Company Limited,MANAKALUCO,MANAKALUCO,539045,NSE+BSE,NSE/Yahoo Finance,MANAKALUCO.NS,,,30-MAR-2015,
INE830Q01018,Manaksia Coated Metals & Industries Limited,MANAKCOAT,MANAKCOAT,539046,NSE+BSE,NSE/Yahoo Finance,MANAKCOAT.NS,,,30-MAR-2015,
INE015D01022,Manaksia Limited,MANAKSIA,MANAKSIA,532932,NSE+BSE,NSE/Yahoo Finance,MANAKSIA.NS,,,08-JAN-2008,
INE824Q01011,Manaksia Steels Limited,MANAKSTEEL,MANAKSTEEL,539044,NSE+BSE,NSE/Yahoo Finance,MANAKSTEEL.NS,,,30-MAR-2015,
INE201A01024,Manali Petrochemicals Limited,MANALIPETC,MANALIPETC,500268,NSE+BSE,NSE/Yahoo Finance,MANALIPETC.NS,,,06-DEC-2006,
INE522D01027,Manappuram Finance Limited,MANAPPURAM,MANAPPURAM#,131213,NSE+BSE,NSE/Yahoo Finance,MANAPPURAM.NS,,,01-DEC-2014,
INE939X01013,Manba Finance Limited,MANBA,MANBA,544262,NSE+BSE,NSE/Yahoo Finance,MANBA.NS,,,30-SEP-2024,
INE545L01039,Mangal Credit and Fincorp Limited,MANCREDIT,MANCREDIT,505850,NSE+BSE,NSE/Yahoo Finance,MANCREDIT.NS,,,16-AUG-2024,
INE0PKD01011,Mangal Electrical Industries Limited,MEIL,MEIL,544492,NSE+BSE,NSE/Yahoo Finance,MEIL.NS,,,28-AUG-2025,
INE347A01017,Mangalam Cement Limited,MANGLMCEM,MANGLMCEM,502157,NSE+BSE,NSE/Yahoo Finance,MANGLMCEM.NS,,,03-JAN-1996,
INE584F01014,Mangalam Drugs And Organics Limited,MANGALAM,MANGALAM,532637,NSE+BSE,NSE/Yahoo Finance,MANGALAM.NS,,,23-MAY-2005,
INE0APB01032,Mangalam Global Enterprise Limited,MGEL,MGEL,544273,NSE+BSE,NSE/Yahoo Finance,MGEL.NS,,,23-DEC-2020,
INE370D01013,Mangalam Organics Limited,MANORG,MANORG,514418,NSE+BSE,NSE/Yahoo Finance,MANORG.NS,,,02-NOV-2021,
INE0JYY01029,Mangalam Worldwide Limited,MWL,MWL,544764,NSE+BSE,NSE/Yahoo Finance,MWL.NS,,,18-SEP-2025,
INE103A01014,Mangalore Refinery and Petrochemicals Limited,MRPL,MRPL#,100109,NSE+BSE,NSE/Yahoo Finance,MRPL.NS,,,07-JAN-2005,
INE459N01021,Manipal Health Enterprises Limited,MANIPALHOS,MANIPALHOS,544847,NSE+BSE,NSE/Yahoo Finance,MANIPALHOS.NS,,,05-AUG-2026,
INE634S01028,Mankind Pharma Limited,MANKIND,MANKIND#,143904,NSE+BSE,NSE/Yahoo Finance,MANKIND.NS,,,09-MAY-2023,
INE0KNT01012,Manoj Vaibhav Gems N Jewellers Limited,MVGJL,MVGJL,543995,NSE+BSE,NSE/Yahoo Finance,MVGJL.NS,,,03-OCT-2023,
INE784W01015,Manomay Tex India Limited,MANOMAY,MANOMAY,540396,NSE+BSE,NSE/Yahoo Finance,MANOMAY.NS,,,18-JAN-2023,
INE00VM01036,Manorama Industries Limited,MANORAMA,MANORAMA,541974,NSE+BSE,NSE/Yahoo Finance,MANORAMA.NS,,,01-JUL-2022,
INE867A01022,Manugraph India Limited,MANUGRAPH,MANUGRAPH,505324,NSE+BSE,NSE/Yahoo Finance,MANUGRAPH.NS,,,14-SEP-2006,
INE882A01013,Maral Overseas Limited,MARALOVER,MARALOVER,521018,NSE+BSE,NSE/Yahoo Finance,MARALOVER.NS,,,08-FEB-1995,
INE182D01020,Marathon Nextgen Realty Limited,MARATHON,MARATHON,503101,NSE+BSE,NSE/Yahoo Finance,MARATHON.NS,,,29-SEP-2016,
INE196A01026,Marico Limited,MARICO,MARICO#,131642,NSE+BSE,NSE/Yahoo Finance,MARICO.NS,,,01-MAY-1996,
INE01JE01028,Marine Electricals (India) Limited,MARINE,MARINE,207697,NSE+BSE,NSE/Yahoo Finance,MARINE.NS,,,02-DEC-2020,
INE0FW001016,Markolines Pavement Technologies Limited,MARKOLINES,MARKOLINES,543364,NSE+BSE,NSE/Yahoo Finance,MARKOLINES.NS,,,14-OCT-2025,
INE750C01026,Marksans Pharma Limited,MARKSANS,MARKSANS#,124404,NSE+BSE,NSE/Yahoo Finance,MARKSANS.NS,,,21-JAN-2002,
INE415B01044,Marsons Limited,MARSONS,MARSONS,517467,NSE+BSE,NSE/Yahoo Finance,MARSONS.NS,,,13-MAR-2026,
INE585B01010,Maruti Suzuki India Limited,MARUTI,MARUTI#,132500,NSE+BSE,NSE/Yahoo Finance,MARUTI.NS,,,09-JUL-2003,
INE885F01015,Mask Investments Limited,MASKINVEST,MASKINVEST,206083,NSE+BSE,NSE/Yahoo Finance,MASKINVEST.NS,,,14-OCT-2016,
INE759A01021,Mastek Limited,MASTEK,MASTEK,523704,NSE+BSE,NSE/Yahoo Finance,MASTEK.NS,,,10-MAY-1995,
INE677D01037,Master Trust Limited,MASTERTR,MASTERTR,511768,NSE+BSE,NSE/Yahoo Finance,MASTERTR.NS,,,12-NOV-2024,
INE866R01028,Matrimony.Com Limited,MATRIMONY,MATRIMONY,540704,NSE+BSE,NSE/Yahoo Finance,MATRIMONY.NS,,,21-SEP-2017,
INE636A01039,Mawana Sugars Limited,MAWANASUG,MAWANASUG,523371,NSE+BSE,NSE/Yahoo Finance,MAWANASUG.NS,,,20-MAR-2009,
INE03EI01018,Max Estates Limited,MAXESTATES,MAXESTATES,544008,NSE+BSE,NSE/Yahoo Finance,MAXESTATES.NS,,,30-OCT-2023,
INE180A01020,Max Financial Services Limited,MFSL,MFSL#,100271,NSE+BSE,NSE/Yahoo Finance,MFSL.NS,,,17-MAY-2000,
INE027H01010,Max Healthcare Institute Limited,MAXHEALTH,MAXHEALTH#,143220,NSE+BSE,NSE/Yahoo Finance,MAXHEALTH.NS,,,21-AUG-2020,
INE0CG601016,Max India Limited,MAXIND,MAXIND,543223,NSE+BSE,NSE/Yahoo Finance,MAXIND.NS,,,28-AUG-2020,
INE040D01038,Mayur Uniquoters Ltd,MAYURUNIQ,MAYURUNIQ,522249,NSE+BSE,NSE/Yahoo Finance,MAYURUNIQ.NS,,,25-SEP-2012,
INE249Z01020,Mazagon Dock Shipbuilders Limited,MAZDOCK,MAZDOCK#,143237,NSE+BSE,NSE/Yahoo Finance,MAZDOCK.NS,,,12-OCT-2020,
INE885E01042,Mazda Limited,MAZDA,MAZDA,523792,NSE+BSE,NSE/Yahoo Finance,MAZDA.NS,,,01-NOV-2016,
INE942G01012,Mcleod Russel India Limited,MCLEODRUSS,MCLEODRUSS,532654,NSE+BSE,NSE/Yahoo Finance,MCLEODRUSS.NS,,,29-JUL-2005,
INE456Z01021,Medi Assist Healthcare Services Limited,MEDIASSIST,MEDIASSIST,544088,NSE+BSE,NSE/Yahoo Finance,MEDIASSIST.NS,,,23-JAN-2024,
INE200D01020,Media Matrix Worldwide Limited,MMWL,MMWL,512267,NSE+BSE,NSE/Yahoo Finance,MMWL.NS,,,20-APR-2026,
INE646B01010,Medicamen Biotech Limited,MEDICAMEQ,MEDICAMEQ,531146,NSE+BSE,NSE/Yahoo Finance,MEDICAMEQ.NS,,,27-OCT-2021,
INE630Y01024,Medico Remedies Limited,MEDICO,MEDICO,540937,NSE+BSE,NSE/Yahoo Finance,MEDICO.NS,,,26-MAY-2022,
INE804L01022,Medplus Health Services Limited,MEDPLUS,MEDPLUS#,143427,NSE+BSE,NSE/Yahoo Finance,MEDPLUS.NS,,,23-DEC-2021,
INE0VDM01015,Meesho Limited,MEESHO,MEESHO,544632,NSE+BSE,NSE/Yahoo Finance,MEESHO.NS,,,10-DEC-2025,
INE00EM01016,Megastar Foods Limited,MEGASTAR,MEGASTAR,541352,NSE+BSE,NSE/Yahoo Finance,MEGASTAR.NS,,,16-FEB-2022,
INE0CT101020,Meghmani Organics Limited,MOL,MOL,543331,NSE+BSE,NSE/Yahoo Finance,MOL.NS,,,18-AUG-2021,
INE071D01033,Menon Bearings Limited,MENONBE,MENONBE,523828,NSE+BSE,NSE/Yahoo Finance,MENONBE.NS,,,09-MAR-2015,
INE650G01029,Menon Pistons Limited,MENNPIS,MENNPIS,531727,NSE+BSE,NSE/Yahoo Finance,MENNPIS.NS,,,20-APR-2026,
INE689O01013,Mercantile Ventures Limited,MERCANTILE,MERCANTILE,538942,NSE+BSE,NSE/Yahoo Finance,MERCANTILE.NS,,,20-APR-2026,
INE763M01028,Mercury Ev-Tech Limited,MERCURYEV,MERCURYEV,531357,NSE+BSE,NSE/Yahoo Finance,MERCURYEV.NS,,,02-JUN-2026,
INE317I01021,Metro Brands Limited,METROBRAND,METROBRAND#,143426,NSE+BSE,NSE/Yahoo Finance,METROBRAND.NS,,,22-DEC-2021,
INE085D01033,Metroglobal Limited,METROGLOBL,METROGLOBL,500159,NSE+BSE,NSE/Yahoo Finance,METROGLOBL.NS,,,20-APR-2026,
INE112L01020,Metropolis Healthcare Limited,METROPOLIS,METROPOLIS#,142650,NSE+BSE,NSE/Yahoo Finance,METROPOLIS.NS,,,15-APR-2019,
INE0XAD01024,Midwest Limited,MIDWESTLTD,MIDWESTLTD,544587,NSE+BSE,NSE/Yahoo Finance,MIDWESTLTD.NS,,,24-OCT-2025,
INE842C01021,Minda Corporation Limited,MINDACORP,MINDACORP#,138962,NSE+BSE,NSE/Yahoo Finance,MINDACORP.NS,,,16-OCT-2014,
INE110B01017,Mindteck (India) Limited,MINDTECK,MINDTECK,517344,NSE+BSE,NSE/Yahoo Finance,MINDTECK.NS,,,02-AUG-2016,
INE771A01026,Mirza International Limited,MIRZAINT,MIRZAINT,526642,NSE+BSE,NSE/Yahoo Finance,MIRZAINT.NS,,,28-APR-1999,
INE099Z01011,Mishra Dhatu Nigam Limited,MIDHANI,MIDHANI,541195,NSE+BSE,NSE/Yahoo Finance,MIDHANI.NS,,,04-APR-2018,
INE997Y01027,Mittal Life Style Limited,MITTAL,MITTAL,210750,NSE+BSE,NSE/Yahoo Finance,MITTAL.NS,,,29-APR-2020,
INE794W01014,Modern Threads (India) Limited,MODTHREAD,MODTHREAD,500282,NSE+BSE,NSE/Yahoo Finance,MODTHREAD.NS,,,22-NOV-1995,
INE537F01012,Modi Naturals Limited,MODINATUR,MODINATUR,519003,NSE+BSE,NSE/Yahoo Finance,MODINATUR.NS,,,11-DEC-2025,
INE832A01018,Modi Rubber Limited,MODIRUBBER,MODIRUBBER,500890,NSE+BSE,NSE/Yahoo Finance,MODIRUBBER.NS,,,07-FEB-1996,
INE0L0L01012,Modis Navnirman Limited,MODIS,MODIS,543539,NSE+BSE,NSE/Yahoo Finance,MODIS.NS,,,14-NOV-2025,
INE954E01012,Mohit Industries Limited,MOHITIND,MOHITIND,531453,NSE+BSE,NSE/Yahoo Finance,MOHITIND.NS,,,14-MAR-2013,
INE514Y01020,Moksh Ornaments Limited,MOKSH,MOKSH,208106,NSE+BSE,NSE/Yahoo Finance,MOKSH.NS,,,21-MAY-2021,
INE893J01029,Mold-Tek Packaging Limited,MOLDTKPAC,MOLDTKPAC,533080,NSE+BSE,NSE/Yahoo Finance,MOLDTKPAC.NS,,,23-FEB-2015,
INE835B01035,Mold-Tek Technologies Limited,MOLDTECH,MOLDTECH,526263,NSE+BSE,NSE/Yahoo Finance,MOLDTECH.NS,,,07-JUL-2016,
INE903D01011,Monarch Networth Capital Limited,MONARCH,MONARCH,511551,NSE+BSE,NSE/Yahoo Finance,MONARCH.NS,,,06-JAN-2022,
INE296Q01012,Moneyboxx Finance Limited,MONEYBOXX,MONEYBOXX,538446,NSE+BSE,NSE/Yahoo Finance,MONEYBOXX.NS,,,15-OCT-2025,
INE950M01013,Monte Carlo Fashions Limited,MONTECARLO,MONTECARLO,538836,NSE+BSE,NSE/Yahoo Finance,MONTECARLO.NS,,,19-DEC-2014,
INE083A01026,Morepen Laboratories Limited,MOREPENLAB,MOREPENLAB,500288,NSE+BSE,NSE/Yahoo Finance,MOREPENLAB.NS,,,24-NOV-1999,
INE935B01025,Moschip Technologies Limited,MOSCHIP,MOSCHIP,532407,NSE+BSE,NSE/Yahoo Finance,MOSCHIP.NS,,,05-FEB-2025,
INE0FS801015,Motherson Sumi Wiring India Limited,MSUMI,MSUMI#,143498,NSE+BSE,NSE/Yahoo Finance,MSUMI.NS,,,28-MAR-2022,
INE338I01027,Motilal Oswal Financial Services Limited,MOTILALOFS,MOTILALOFS#,132892,NSE+BSE,NSE/Yahoo Finance,MOTILALOFS.NS,,,11-SEP-2007,
INE0FRK01020,Motisons Jewellers Limited,MOTISONS,MOTISONS,544053,NSE+BSE,NSE/Yahoo Finance,MOTISONS.NS,,,26-DEC-2023,
INE356A01018,MphasiS Limited,MPHASIS,MPHASIS#,126299,NSE+BSE,NSE/Yahoo Finance,MPHASIS.NS,,,04-JUN-2004,
INE495P01020,Mrs. Bectors Food Specialities Limited,BECTORFOOD,BECTORFOOD#,143253,NSE+BSE,NSE/Yahoo Finance,BECTORFOOD.NS,,,24-DEC-2020,
INE255X01014,Mstc Limited,MSTCLTD,MSTCLTD,542597,NSE+BSE,NSE/Yahoo Finance,MSTCLTD.NS,,,29-MAR-2019,
INE864I01014,Mtar Technologies Limited,MTARTECH,MTARTECH,543270,NSE+BSE,NSE/Yahoo Finance,MTARTECH.NS,,,15-MAR-2021,
INE08KJ01020,Mufin Green Finance Limited,MUFIN,MUFIN,542774,NSE+BSE,NSE/Yahoo Finance,MUFIN.NS,,,06-NOV-2023,
INE304A01026,Mukand Limited,MUKANDLTD,MUKANDLTD,500460,NSE+BSE,NSE/Yahoo Finance,MUKANDLTD.NS,,,23-FEB-2004,
INE0CG401037,Mukka Proteins Limited,MUKKA,MUKKA,544135,NSE+BSE,NSE/Yahoo Finance,MUKKA.NS,,,07-MAR-2024,
INE374B01019,Mukta Arts Limited,MUKTAARTS,MUKTAARTS,532357,NSE+BSE,NSE/Yahoo Finance,MUKTAARTS.NS,,,12-SEP-2000,
INE745G01043,Multi Commodity Exchange of India Limited,MCX,MCX,534091,NSE+BSE,NSE/Yahoo Finance,MCX.NS,,,09-MAR-2012,
INE672B01032,Munjal Auto Industries Limited,MUNJALAU,MUNJALAU,520059,NSE+BSE,NSE/Yahoo Finance,MUNJALAU.NS,,,19-JUL-2006,
INE577A01027,Munjal Showa Limited,MUNJALSHOW,MUNJALSHOW,520043,NSE+BSE,NSE/Yahoo Finance,MUNJALSHOW.NS,,,12-MAY-2003,
INE692B01014,Murudeshwar Ceramics Limited,MURUDCERA,MURUDCERA,515037,NSE+BSE,NSE/Yahoo Finance,MURUDCERA.NS,,,28-MAY-2004,
INE919I01024,Music Broadcast Limited,RADIOCITY,RADIOCITY,540366,NSE+BSE,NSE/Yahoo Finance,RADIOCITY.NS,,,17-MAR-2017,
INE296G01013,Muthoot Capital Services Limited,MUTHOOTCAP,MUTHOOTCAP,511766,NSE+BSE,NSE/Yahoo Finance,MUTHOOTCAP.NS,,,24-AUG-2015,
INE414G01012,Muthoot Finance Limited,MUTHOOTFIN,MUTHOOTFIN#,133398,NSE+BSE,NSE/Yahoo Finance,MUTHOOTFIN.NS,,,06-MAY-2011,
INE046W01019,Muthoot Microfin Limited,MUTHOOTMF,MUTHOOTMF,544055,NSE+BSE,NSE/Yahoo Finance,MUTHOOTMF.NS,,,26-DEC-2023,
INE740D01017,N R Agarwal Industries Limited,NRAIL,NRAIL,516082,NSE+BSE,NSE/Yahoo Finance,NRAIL.NS,,,05-APR-2017,
INE365I01020,N. B. I. Industrial Finance Company Limited,NBIFIN,NBIFIN,201684,NSE+BSE,NSE/Yahoo Finance,NBIFIN.NS,,,23-NOV-2016,
INE295D01020,NACL Industries Limited,NACLIND,NACLIND,524709,NSE+BSE,NSE/Yahoo Finance,NACLIND.NS,,,07-APR-2017,
INE725A01030,NAVA LIMITED,NAVA,NAVA#,113023,NSE+BSE,NSE/Yahoo Finance,NAVA.NS,,,03-APR-1996,
INE095N01031,NBCC (India) Limited,NBCC,NBCC#,134309,NSE+BSE,NSE/Yahoo Finance,NBCC.NS,,,12-APR-2012,
INE868B01028,NCC Limited,NCC,NCC#,100294,NSE+BSE,NSE/Yahoo Finance,NCC.NS,,,14-OCT-2003,
INE732C01016,NCL Industries Limited,NCLIND,NCLIND,502168,NSE+BSE,NSE/Yahoo Finance,NCLIND.NS,,,03-APR-2007,
INE353A01023,NDL Ventures Limited,NDLVENTURE,NDLVENTURE,500189,NSE+BSE,NSE/Yahoo Finance,NDLVENTURE.NS,,,24-APR-2007,
INE045B01015,NELCO Limited,NELCO,NELCO,504112,NSE+BSE,NSE/Yahoo Finance,NELCO.NS,,,28-MAY-2003,
INE887E01022,NGL Fine-Chem Limited,NGLFINE,NGLFINE,524774,NSE+BSE,NSE/Yahoo Finance,NGLFINE.NS,,,08-JUL-2022,
INE848E01016,NHPC Limited,NHPC,NHPC#,133098,NSE+BSE,NSE/Yahoo Finance,NHPC.NS,,,01-SEP-2009,
INE149O01018,NIBE Limited,NIBE,NIBE,535136,NSE+BSE,NSE/Yahoo Finance,NIBE.NS,,,07-FEB-2025,
INE342G01023,NIIT Learning Systems Limited,NIITMTS,NIITMTS,543952,NSE+BSE,NSE/Yahoo Finance,NIITMTS.NS,,,08-AUG-2023,
INE161A01038,NIIT Limited,NIITLTD,NIITLTD,500304,NSE+BSE,NSE/Yahoo Finance,NIITLTD.NS,,,16-AUG-2004,
INE395U01014,NINtec Systems Limited,NINSYS,NINSYS,539843,NSE+BSE,NSE/Yahoo Finance,NINSYS.NS,,,21-FEB-2023,
INE542C01019,NK Industries Limited,NKIND,NKIND,519494,NSE+BSE,NSE/Yahoo Finance,NKIND.NS,,,07-JUL-1995,
INE589A01014,NLC India Limited,NLCINDIA,NLCINDIA#,113683,NSE+BSE,NSE/Yahoo Finance,NLCINDIA.NS,,,23-AUG-2000,
INE584A01023,NMDC Limited,NMDC,NMDC#,126371,NSE+BSE,NSE/Yahoo Finance,NMDC.NS,,,03-MAR-2008,
INE0NNS01018,NMDC Steel Limited,NSLNISP,NSLNISP#,143768,NSE+BSE,NSE/Yahoo Finance,NSLNISP.NS,,,20-FEB-2023,
INE163A01018,NOCIL Limited,NOCIL,NOCIL,500730,NSE+BSE,NSE/Yahoo Finance,NOCIL.NS,,,17-JAN-1996,
INE349A01021,NRB Bearing Limited,NRBBEARING,NRBBEARING,530367,NSE+BSE,NSE/Yahoo Finance,NRBBEARING.NS,,,08-MAR-2000,
INE047O01014,NRB Industrial Bearings Limited,NIBL,NIBL,535458,NSE+BSE,NSE/Yahoo Finance,NIBL.NS,,,09-APR-2013,
INE0ONG01011,NTPC Green Energy Limited,NTPCGREEN,NTPCGREEN#,144289,NSE+BSE,NSE/Yahoo Finance,NTPCGREEN.NS,,,27-NOV-2024,
INE733E01010,NTPC Limited,NTPC,NTPC#,132555,NSE+BSE,NSE/Yahoo Finance,NTPC.NS,,,05-NOV-2004,
INE756C01015,Naga Dhunseri Group Limited,NDGL,NDGL,204326,NSE+BSE,NSE/Yahoo Finance,NDGL.NS,,,29-AUG-2016,
INE245I01016,Nagreeka Capital & Infrastructure Limited,NAGREEKCAP,NAGREEKCAP,532895,NSE+BSE,NSE/Yahoo Finance,NAGREEKCAP.NS,,,18-SEP-2007,
INE123B01028,Nagreeka Exports Limited,NAGREEKEXP,NAGREEKEXP,521109,NSE+BSE,NSE/Yahoo Finance,NAGREEKEXP.NS,,,18-JUN-2007,
INE049I01012,Nahar Capital and Financial Services Limited,NAHARCAP,NAHARCAP,532952,NSE+BSE,NSE/Yahoo Finance,NAHARCAP.NS,,,11-MAR-2008,
INE289A01011,Nahar Industrial Enterprises Limited,NAHARINDUS,NAHARINDUS,519136,NSE+BSE,NSE/Yahoo Finance,NAHARINDUS.NS,,,15-DEC-2005,
INE308A01027,Nahar Poly Films Limited,NAHARPOLY,NAHARPOLY,523391,NSE+BSE,NSE/Yahoo Finance,NAHARPOLY.NS,,,23-MAR-2007,
INE290A01027,Nahar Spinning Mills Limited,NAHARSPING,NAHARSPING,500296,NSE+BSE,NSE/Yahoo Finance,NAHARSPING.NS,,,23-MAR-2007,
INE236Y01012,Nakoda Group of Industries Limited,NGIL,NGIL,541418,NSE+BSE,NSE/Yahoo Finance,NGIL.NS,,,20-AUG-2021,
INE023A01030,Nalwa Sons Investments Limited,NSIL,NSIL,532256,NSE+BSE,NSE/Yahoo Finance,NSIL.NS,,,17-NOV-2003,
INE875G01048,Nandan Denim Limited,NDL,NDL,532641,NSE+BSE,NSE/Yahoo Finance,NDL.NS,,,23-MAR-2012,
INE696V01013,Nandani Creation Limited,JAIPURKURT,JAIPURKURT,203667,NSE+BSE,NSE/Yahoo Finance,JAIPURKURT.NS,,,02-SEP-2021,
INE410P01011,Narayana Hrudayalaya Ltd.,NH,NH#,139551,NSE+BSE,NSE/Yahoo Finance,NH.NS,,,06-JAN-2016,
INE117Z01029,Narmada Agrobase Limited,NARMADA,NARMADA,543643,NSE+BSE,NSE/Yahoo Finance,NARMADA.NS,,,27-OCT-2022,
INE987B01026,Natco Pharma Limited,NATCOPHARM,NATCOPHARM#,124816,NSE+BSE,NSE/Yahoo Finance,NATCOPHARM.NS,,,27-DEC-1995,
INE448G01010,Nath Bio-Genes (India) Limited,NATHBIOGEN,NATHBIOGEN,537291,NSE+BSE,NSE/Yahoo Finance,NATHBIOGEN.NS,,,28-JAN-2014,
INE139A01034,National Aluminium Company Limited,NATIONALUM,NATIONALUM#,132234,NSE+BSE,NSE/Yahoo Finance,NATIONALUM.NS,,,28-APR-1999,
INE870D01012,National Fertilizers Limited,NFL,NFL,523630,NSE+BSE,NSE/Yahoo Finance,NFL.NS,,,28-DEC-2006,
INE166R01015,National Standard (India) Limited,NATIONSTD,NATIONSTD,504882,NSE+BSE,NSE/Yahoo Finance,NATIONSTD.NS,,,20-APR-2026,
INE936B01015,Natural Capsules Limited,NATCAPSUQ,NATCAPSUQ,524654,NSE+BSE,NSE/Yahoo Finance,NATCAPSUQ.NS,,,14-FEB-2025,
INE048G01026,Navin Fluorine International Limited,NAVINFLUOR,NAVINFLUOR#,132504,NSE+BSE,NSE/Yahoo Finance,NAVINFLUOR.NS,,,01-JUN-2007,
INE278M01019,Navkar Corporation Limited,NAVKARCORP,NAVKARCORP,539332,NSE+BSE,NSE/Yahoo Finance,NAVKARCORP.NS,,,09-SEP-2015,
INE268H01044,Navkar Urbanstructure Limited,NAVKARURB,NAVKARURB,531494,NSE+BSE,NSE/Yahoo Finance,NAVKARURB.NS,,,17-JAN-2025,
INE060A01024,Navneet Education Limited,NAVNETEDUL,NAVNETEDUL,508989,NSE+BSE,NSE/Yahoo Finance,NAVNETEDUL.NS,,,08-FEB-1995,
INE418L01047,Nazara Technologies Limited,NAZARA,NAZARA,543280,NSE+BSE,NSE/Yahoo Finance,NAZARA.NS,,,30-MAR-2021,
INE07OG01012,Ndr Auto Components Limited,NDRAUTO,NDRAUTO,543214,NSE+BSE,NSE/Yahoo Finance,NDRAUTO.NS,,,30-JUL-2020,
INE023H01027,Nectar Lifesciences Limited,NECLIFE,NECLIFE,532649,NSE+BSE,NSE/Yahoo Finance,NECLIFE.NS,,,18-JUL-2005,
INE605D01012,Neelamalai Agro Industries Limited,NEAGI,NEAGI,508670,NSE+BSE,NSE/Yahoo Finance,NEAGI.NS,,,20-APR-2026,
INE189I01024,Nelcast Limited,NELCAST,NELCAST,532864,NSE+BSE,NSE/Yahoo Finance,NELCAST.NS,,,27-JUN-2007,
INE136S01016,Neogen Chemicals Limited,NEOGEN,NEOGEN,542665,NSE+BSE,NSE/Yahoo Finance,NEOGEN.NS,,,08-MAY-2019,
INE428V01029,Nephrocare Health Services Limited,NEPHROPLUS,NEPHROPLUS,544647,NSE+BSE,NSE/Yahoo Finance,NEPHROPLUS.NS,,,17-DEC-2025,
INE317F01035,Nesco Limited,NESCO,NESCO,505355,NSE+BSE,NSE/Yahoo Finance,NESCO.NS,,,08-APR-2008,
INE239A01024,Nestle India Limited,NESTLEIND,NESTLEIND#,100790,NSE+BSE,NSE/Yahoo Finance,NESTLEIND.NS,,,01-AUG-2023,
INE0NT901020,Netweb Technologies India Limited,NETWEB,NETWEB#,143945,NSE+BSE,NSE/Yahoo Finance,NETWEB.NS,,,27-JUL-2023,
INE0FFK01017,Network People Services Technologies Limited,NPST,NPST,544396,NSE+BSE,NSE/Yahoo Finance,NPST.NS,,,30-APR-2025,
INE870H01013,Network18 Media & Investments Limited,NETWORK18,NETWORK18,532798,NSE+BSE,NSE/Yahoo Finance,NETWORK18.NS,,,02-FEB-2007,
INE794A01010,Neuland Laboratories Limited,NEULANDLAB,NEULANDLAB#,124558,NSE+BSE,NSE/Yahoo Finance,NEULANDLAB.NS,,,13-OCT-2008,
INE155G01029,New Delhi Television Limited,NDTV,NDTV,532529,NSE+BSE,NSE/Yahoo Finance,NDTV.NS,,,19-MAY-2004,
INE619B01017,Newgen Software Technologies Limited,NEWGEN,NEWGEN#,140900,NSE+BSE,NSE/Yahoo Finance,NEWGEN.NS,,,29-JAN-2018,
INE747B01016,Next Mediaworks Limited,NEXTMEDIA,NEXTMEDIA,532416,NSE+BSE,NSE/Yahoo Finance,NEXTMEDIA.NS,,,04-APR-2001,
INE937C01029,Nila Infrastructures Limited,NILAINFRA,NILAINFRA,530377,NSE+BSE,NSE/Yahoo Finance,NILAINFRA.NS,,,21-MAY-2015,
INE00S901012,Nila Spaces Limited,NILASPACES,NILASPACES,542231,NSE+BSE,NSE/Yahoo Finance,NILASPACES.NS,,,28-DEC-2018,
INE445D01013,Nile Limited,NILE,NILE,530129,NSE+BSE,NSE/Yahoo Finance,NILE.NS,,,20-APR-2026,
INE310A01015,Nilkamal Limited,NILKAMAL,NILKAMAL,523385,NSE+BSE,NSE/Yahoo Finance,NILKAMAL.NS,,,01-NOV-1995,
INE875B01015,Nimbus Projects Limited,NIMBSPROJ,NIMBSPROJ,511714,NSE+BSE,NSE/Yahoo Finance,NIMBSPROJ.NS,,,06-APR-2026,
INE298J01013,Nippon Life India Asset Management Limited,NAM-INDIA,NAM-INDIA#,140767,NSE+BSE,NSE/Yahoo Finance,NAM-INDIA.NS,,,06-NOV-2017,
INE368I01016,Niraj Cement Structurals Limited,NIRAJ,NIRAJ,532986,NSE+BSE,NSE/Yahoo Finance,NIRAJ.NS,,,01-OCT-2020,
INE326T01011,Niraj Ispat Industries Limited,NIRAJISPAT,NIRAJISPAT,200475,NSE+BSE,NSE/Yahoo Finance,NIRAJISPAT.NS,,,27-OCT-2016,
INE910A01012,Nirlon Limited,NIRLON,NIRLON,500307,NSE+BSE,NSE/Yahoo Finance,NIRLON.NS,,,20-APR-2026,
INE858F01012,Nitco Limited,NITCO,NITCO,532722,NSE+BSE,NSE/Yahoo Finance,NITCO.NS,,,21-MAR-2006,
INE229H01012,Nitin Spinners Limited,NITINSPIN,NITINSPIN,532698,NSE+BSE,NSE/Yahoo Finance,NITINSPIN.NS,,,02-FEB-2006,
INE439T01012,Nitiraj Engineers Limited,NITIRAJ,NITIRAJ,203799,NSE+BSE,NSE/Yahoo Finance,NITIRAJ.NS,,,22-APR-2021,
INE265B01019,Nitta Gelatin India Limited,NITTAGELA,NITTAGELA,506532,NSE+BSE,NSE/Yahoo Finance,NITTAGELA.NS,,,20-APR-2026,
INE995S01015,Niva Bupa Health Insurance Company Limited,NIVABUPA,NIVABUPA#,144286,NSE+BSE,NSE/Yahoo Finance,NIVABUPA.NS,,,14-NOV-2024,
INE781B01015,Noida Toll Bridge Company Limited,NOIDATOLL,NOIDATOLL,532481,NSE+BSE,NSE/Yahoo Finance,NOIDATOLL.NS,,,06-DEC-2002,
INE369C01017,Norben Tea & Exports Limited,NORBTEAEXP,NORBTEAEXP,519528,NSE+BSE,NSE/Yahoo Finance,NORBTEAEXP.NS,,,26-JUN-1996,
INE553C01016,North Eastern Carrying Corporation Limited,NECCLTD,NECCLTD,534615,NSE+BSE,NSE/Yahoo Finance,NECCLTD.NS,,,02-MAR-2016,
INE850M01015,Northern Arc Capital Limited,NORTHARC,NORTHARC,544260,NSE+BSE,NSE/Yahoo Finance,NORTHARC.NS,,,24-SEP-2024,
INE02H701025,Nova Agritech Limited,NOVAAGRI,NOVAAGRI,544100,NSE+BSE,NSE/Yahoo Finance,NOVAAGRI.NS,,,31-JAN-2024,
INE234A01025,Novartis India Limited,NOVARTIND,NOVARTIND,500672,NSE+BSE,NSE/Yahoo Finance,NOVARTIND.NS,,,20-APR-2026,
INE096B01018,Nucleus Software Exports Limited,NUCLEUS,NUCLEUS,531209,NSE+BSE,NSE/Yahoo Finance,NUCLEUS.NS,,,19-DEC-2002,
INE0DSF01015,Nureca Limited,NURECA,NURECA,543264,NSE+BSE,NSE/Yahoo Finance,NURECA.NS,,,25-FEB-2021,
INE531F01023,Nuvama Wealth Management Limited,NUVAMA,NUVAMA#,143988,NSE+BSE,NSE/Yahoo Finance,NUVAMA.NS,,,26-SEP-2023,
INE118D01016,Nuvoco Vistas Corporation Limited,NUVOCO,NUVOCO#,143334,NSE+BSE,NSE/Yahoo Finance,NUVOCO.NS,,,23-AUG-2021,
INE426Z01016,OBCL Limited,OBCL,OBCL,541206,NSE+BSE,NSE/Yahoo Finance,OBCL.NS,,,07-APR-2022,
INE0PK601023,OCCL Limited,OCCLLTD,OCCLLTD,544278,NSE+BSE,NSE/Yahoo Finance,OCCLLTD.NS,,,29-OCT-2024,
INE239D01028,OM INFRA LIMITED,OMINFRAL,OMINFRAL,531092,NSE+BSE,NSE/Yahoo Finance,OMINFRAL.NS,,,17-JUN-2011,
INE569C01020,ORIENT CERATECH LIMITED,ORIENTCER,ORIENTCER,504879,NSE+BSE,NSE/Yahoo Finance,ORIENTCER.NS,,,15-DEC-2005,
INE749B01020,ORTIN GLOBAL LIMITED,ORTINGLOBE,ORTINGLOBE,539287,NSE+BSE,NSE/Yahoo Finance,ORTINGLOBE.NS,,,30-MAR-2021,
INE093I01010,Oberoi Realty Limited,OBEROIRLTY,OBEROIRLTY#,133273,NSE+BSE,NSE/Yahoo Finance,OBEROIRLTY.NS,,,20-OCT-2010,
INE054301028,Odigma Consultancy Solutions Limited,ODIGMA,ODIGMA,544301,NSE+BSE,NSE/Yahoo Finance,ODIGMA.NS,,,12-DEC-2024,
INE213A01029,Oil & Natural Gas Corporation Limited,ONGC,ONGC#,100312,NSE+BSE,NSE/Yahoo Finance,ONGC.NS,,,19-JUL-1995,
INE591A01010,Oil Country Tubular Limited,OILCOUNTUB,OILCOUNTUB,500313,NSE+BSE,NSE/Yahoo Finance,OILCOUNTUB.NS,,,30-AUG-1995,
INE274J01014,Oil India Limited,OIL,OIL#,133106,NSE+BSE,NSE/Yahoo Finance,OIL.NS,,,30-SEP-2009,
INE0LXG01040,Ola Electric Mobility Limited,OLAELEC,OLAELEC#,144225,NSE+BSE,NSE/Yahoo Finance,OLAELEC.NS,,,09-AUG-2024,
INE260D01016,Olectra Greentech Limited,OLECTRA,OLECTRA#,132439,NSE+BSE,NSE/Yahoo Finance,OLECTRA.NS,,,20-MAR-2002,
INE1BZC01019,Om Freight Forwarders Limited,OMFREIGHT,OMFREIGHT,544564,NSE+BSE,NSE/Yahoo Finance,OMFREIGHT.NS,,,08-OCT-2025,
INE25E901019,Om Power Transmission Limited,OMPOWER,OMPOWER,544750,NSE+BSE,NSE/Yahoo Finance,OMPOWER.NS,,,17-APR-2026,
INE090B01011,Omax Autos Limited,OMAXAUTO,OMAXAUTO,520021,NSE+BSE,NSE/Yahoo Finance,OMAXAUTO.NS,,,20-FEB-2003,
INE800H01010,Omaxe Limited,OMAXE,OMAXE,532880,NSE+BSE,NSE/Yahoo Finance,OMAXE.NS,,,09-AUG-2007,
INE0UH301010,Omnitech Engineering Limited,OMNI,OMNI,544720,NSE+BSE,NSE/Yahoo Finance,OMNI.NS,,,05-MAR-2026,
INE12F801023,OnEMI Technology Solutions Limited,KISSHT,KISSHT,544754,NSE+BSE,NSE/Yahoo Finance,KISSHT.NS,,,08-MAY-2026,
INE809I01019,OnMobile Global Limited,ONMOBILE,ONMOBILE,532944,NSE+BSE,NSE/Yahoo Finance,ONMOBILE.NS,,,19-FEB-2008,
INE982J01020,One 97 Communications Limited,PAYTM,PAYTM#,143396,NSE+BSE,NSE/Yahoo Finance,PAYTM.NS,,,18-NOV-2021,
INE0HLU01028,One Mobikwik Systems Limited,MOBIKWIK,MOBIKWIK,544305,NSE+BSE,NSE/Yahoo Finance,MOBIKWIK.NS,,,18-DEC-2024,
INE840Y01029,One Point One Solutions Limited,ONEPOINT,ONEPOINT,544748,NSE+BSE,NSE/Yahoo Finance,ONEPOINT.NS,,,09-MAY-2019,
INE912L01015,Onelife Capital Advisors Limited,ONELIFECAP,ONELIFECAP,533632,NSE+BSE,NSE/Yahoo Finance,ONELIFECAP.NS,,,17-OCT-2011,
INE013P01021,Onesource Specialty Pharma Limited,ONESOURCE,ONESOURCE,544292,NSE+BSE,NSE/Yahoo Finance,ONESOURCE.NS,,,24-JAN-2025,
INE831A01028,Onida Electronics Limited,ONIDA,ONIDA,500279,NSE+BSE,NSE/Yahoo Finance,ONIDA.NS,,,24-MAY-2004,
INE229A01017,Onward Technologies Limited,ONWARDTEC,ONWARDTEC,517536,NSE+BSE,NSE/Yahoo Finance,ONWARDTEC.NS,,,07-MAR-2001,
INE350C01017,Optiemus Infracom Limited,OPTIEMUS,OPTIEMUS,530135,NSE+BSE,NSE/Yahoo Finance,OPTIEMUS.NS,,,08-AUG-2017,
INE881D01027,Oracle Financial Services Software Limited,OFSS,OFSS#,132466,NSE+BSE,NSE/Yahoo Finance,OFSS.NS,,,28-JUN-2002,
INE231G01010,Orbit Exports Limited,ORBTEXP,ORBTEXP,512626,NSE+BSE,NSE/Yahoo Finance,ORBTEXP.NS,,,05-NOV-2013,
INE215B01022,Orchasp Limited,ORCHASP,ORCHASP,532271,NSE+BSE,NSE/Yahoo Finance,ORCHASP.NS,,,07-FEB-2025,
INE191A01027,Orchid Pharma Limited,ORCHPHARMA,ORCHPHARMA,524372,NSE+BSE,NSE/Yahoo Finance,ORCHPHARMA.NS,,,02-NOV-2020,
INE730A01022,Oricon Enterprises Limited,ORICONENT,ORICONENT,513121,NSE+BSE,NSE/Yahoo Finance,ORICONENT.NS,,,24-JUL-2015,
INE607D01018,Orient Bell Limited,ORIENTBELL,ORIENTBELL,530365,NSE+BSE,NSE/Yahoo Finance,ORIENTBELL.NS,,,14-FEB-2007,
INE876N01018,Orient Cement Limited,ORIENTCEM,ORIENTCEM,535754,NSE+BSE,NSE/Yahoo Finance,ORIENTCEM.NS,,,12-JUL-2013,
INE142Z01019,Orient Electric Limited,ORIENTELEC,ORIENTELEC,541301,NSE+BSE,NSE/Yahoo Finance,ORIENTELEC.NS,,,14-MAY-2018,
INE999K01014,Orient Green Power Company Limited,GREENPOWER,GREENPOWER,533263,NSE+BSE,NSE/Yahoo Finance,GREENPOWER.NS,,,08-OCT-2010,
INE592A01026,Orient Paper & Industries Limited,ORIENTPPR,ORIENTPPR,502420,NSE+BSE,NSE/Yahoo Finance,ORIENTPPR.NS,,,29-MAR-1995,
INE609C01024,Orient Press Limited,ORIENTLTD,ORIENTLTD,526325,NSE+BSE,NSE/Yahoo Finance,ORIENTLTD.NS,,,03-MAR-2010,
INE0PPK01015,Orient Technologies Limited,ORIENTTECH,ORIENTTECH,544235,NSE+BSE,NSE/Yahoo Finance,ORIENTTECH.NS,,,28-AUG-2024,
INE959C01023,Oriental Aromatics Limited,OAL,OAL,500078,NSE+BSE,NSE/Yahoo Finance,OAL.NS,,,11-JUL-2019,
INE750A01020,Oriental Hotels Limited,ORIENTHOT,ORIENTHOT,500314,NSE+BSE,NSE/Yahoo Finance,ORIENTHOT.NS,,,27-AUG-1998,
INE998H01012,Oriental Trimex Limited,ORIENTALTL,ORIENTALTL,532817,NSE+BSE,NSE/Yahoo Finance,ORIENTALTL.NS,,,07-MAR-2007,
INE16NZ01023,Orkla India Limited,ORKLAINDIA,ORKLAINDIA,544595,NSE+BSE,NSE/Yahoo Finance,ORKLAINDIA.NS,,,06-NOV-2025,
INE849L01019,Ortel Communications Limited,ORTEL,ORTEL,539015,NSE+BSE,NSE/Yahoo Finance,ORTEL.NS,,,19-MAR-2015,
INE06IR01021,Osia Hyper Retail Limited,OSIAHYPER,OSIAHYPER,209547,NSE+BSE,NSE/Yahoo Finance,OSIAHYPER.NS,,,01-DEC-2022,
INE142A01012,Oswal Agro Mills Limited,OSWALAGRO,OSWALAGRO,500317,NSE+BSE,NSE/Yahoo Finance,OSWALAGRO.NS,,,29-MAR-1995,
INE143A01010,Oswal Greentech Limited,OSWALGREEN,OSWALGREEN,539290,NSE+BSE,NSE/Yahoo Finance,OSWALGREEN.NS,,,28-AUG-1996,
INE0BYP01024,Oswal Pumps Limited,OSWALPUMPS,OSWALPUMPS,544418,NSE+BSE,NSE/Yahoo Finance,OSWALPUMPS.NS,,,20-JUN-2025,
INE953R01016,P N Gadgil Jewellers Limited,PNGJL,PNGJL,544256,NSE+BSE,NSE/Yahoo Finance,PNGJL.NS,,,17-SEP-2024,
INE551D01018,PAKKA LIMITED,PAKKA,PAKKA,516030,NSE+BSE,NSE/Yahoo Finance,PAKKA.NS,,,11-JUL-2023,
INE417T01026,PB Fintech Limited,POLICYBZR,POLICYBZR#,143390,NSE+BSE,NSE/Yahoo Finance,POLICYBZR.NS,,,15-NOV-2021,
INE785M01021,PC Jeweller Limited,PCJEWELLER,PCJEWELLER,534809,NSE+BSE,NSE/Yahoo Finance,PCJEWELLER.NS,,,27-DEC-2012,
INE602A01031,PCBL Chemical Limited,PCBL,PCBL#,106590,NSE+BSE,NSE/Yahoo Finance,PCBL.NS,,,29-MAR-1995,
INE111Q01021,PDS Limited,PDSL,PDSL,538730,NSE+BSE,NSE/Yahoo Finance,PDSL.NS,,,21-OCT-2014,
INE457L01029,PG Electroplast Limited,PGEL,PGEL#,133581,NSE+BSE,NSE/Yahoo Finance,PGEL.NS,,,26-SEP-2011,
INE603J01030,PI Industries Limited,PIIND,PIIND#,123642,NSE+BSE,NSE/Yahoo Finance,PIIND.NS,,,15-JUN-2011,
INE600A01035,PIL ITALICA LIFESTYLE LIMITED,PILITA,PILITA,500327,NSE+BSE,NSE/Yahoo Finance,PILITA.NS,,,07-OCT-2013,
INE859A01011,PNB Gilts Limited,PNBGILTS,PNBGILTS,532366,NSE+BSE,NSE/Yahoo Finance,PNBGILTS.NS,,,18-SEP-2000,
INE572E01012,PNB Housing Finance Limited,PNBHOUSING,PNBHOUSING#,140173,NSE+BSE,NSE/Yahoo Finance,PNBHOUSING.NS,,,07-NOV-2016,
INE195J01029,PNC Infratech Limited,PNCINFRA,PNCINFRA,539150,NSE+BSE,NSE/Yahoo Finance,PNCINFRA.NS,,,26-MAY-2015,
INE1RDG01013,PNGS Reva Diamond Jewellery Limited,PNGSREVA,PNGSREVA,544718,NSE+BSE,NSE/Yahoo Finance,PNGSREVA.NS,,,04-MAR-2026,
INE095I01015,PPAP Automotive Limited,PPAP,PPAP,532934,NSE+BSE,NSE/Yahoo Finance,PPAP.NS,,,11-JAN-2008,
INE488V01015,PSP Projects Limited,PSPPROJECT,PSPPROJECT,540544,NSE+BSE,NSE/Yahoo Finance,PSPPROJECT.NS,,,29-MAY-2017,
INE560K01014,PTC India Financial Services Limited,PFS,PFS,533344,NSE+BSE,NSE/Yahoo Finance,PFS.NS,,,30-MAR-2011,
INE877F01012,PTC India Limited,PTC,PTC,532524,NSE+BSE,NSE/Yahoo Finance,PTC.NS,,,07-APR-2004,
INE596F01018,PTC Industries Limited,PTCIL,PTCIL#,139006,NSE+BSE,NSE/Yahoo Finance,PTCIL.NS,,,09-JUN-2023,
INE034D01049,PTL Enterprises Limited,PTL,PTL,509220,NSE+BSE,NSE/Yahoo Finance,PTL.NS,,,29-JAN-2007,
INE362A01016,PVP Ventures Limited,PVP,PVP,517556,NSE+BSE,NSE/Yahoo Finance,PVP.NS,,,03-APR-1996,
INE191H01014,PVR INOX Limited,PVRINOX,PVRINOX#,132689,NSE+BSE,NSE/Yahoo Finance,PVRINOX.NS,,,04-JAN-2006,
INE0S3G01027,Pace Digitek Limited,PACEDIGITK,PACEDIGITK,544550,NSE+BSE,NSE/Yahoo Finance,PACEDIGITK.NS,,,06-OCT-2025,
INE761H01022,Page Industries Limited,PAGEIND,PAGEIND#,132827,NSE+BSE,NSE/Yahoo Finance,PAGEIND.NS,,,16-MAR-2007,
INE420C01059,Paisalo Digital Limited,PAISALO,PAISALO,532900,NSE+BSE,NSE/Yahoo Finance,PAISALO.NS,,,17-OCT-2011,
INE471W01019,Palash Securities Limited,PALASHSECU,PALASHSECU,540648,NSE+BSE,NSE/Yahoo Finance,PALASHSECU.NS,,,28-JUL-2017,
INE218G01033,Palred Technologies Limited,PALREDTEC,PALREDTEC,532521,NSE+BSE,NSE/Yahoo Finance,PALREDTEC.NS,,,09-MAY-2016,
INE922B01023,Panacea Biotec Limited,PANACEABIO,PANACEABIO,531349,NSE+BSE,NSE/Yahoo Finance,PANACEABIO.NS,,,17-APR-1996,
INE895W01019,Panache Digilife Limited,PANACHE,PANACHE,206119,NSE+BSE,NSE/Yahoo Finance,PANACHE.NS,,,06-JAN-2020,
INE305C01029,Panama Petrochem Limited,PANAMAPET,PANAMAPET,524820,NSE+BSE,NSE/Yahoo Finance,PANAMAPET.NS,,,30-SEP-2011,
INE697V01011,Pansari Developers Limited,PANSARI,PANSARI,201657,NSE+BSE,NSE/Yahoo Finance,PANSARI.NS,,,18-OCT-2021,
INE04LG01015,Par Drugs And Chemicals Limited,PAR,PAR,201686,NSE+BSE,NSE/Yahoo Finance,PAR.NS,,,16-SEP-2021,
INE088F01024,Paradeep Phosphates Limited,PARADEEP,PARADEEP,543530,NSE+BSE,NSE/Yahoo Finance,PARADEEP.NS,,,27-MAY-2022,
INE883N01014,Parag Milk Foods Limited,PARAGMILK,PARAGMILK,539889,NSE+BSE,NSE/Yahoo Finance,PARAGMILK.NS,,,19-MAY-2016,
INE074B01023,Paramount Communications Limited,PARACABLES,PARACABLES,530555,NSE+BSE,NSE/Yahoo Finance,PARACABLES.NS,,,03-JAN-2007,
INE045601023,Paras Defence and Space Technologies Limited,PARAS,PARAS,543367,NSE+BSE,NSE/Yahoo Finance,PARAS.NS,,,01-OCT-2021,
INE162C01024,Paras Petrofils Limited,PARASPETRO,PARASPETRO,521246,NSE+BSE,NSE/Yahoo Finance,PARASPETRO.NS,,,14-FEB-1996,
INE119201023,Park Medi World Limited,PARKHOSPS,PARKHOSPS,544645,NSE+BSE,NSE/Yahoo Finance,PARKHOSPS.NS,,,17-DEC-2025,
INE561H01026,Parsvnath Developers Limited,PARSVNATH,PARSVNATH,532780,NSE+BSE,NSE/Yahoo Finance,PARSVNATH.NS,,,30-NOV-2006,
INE124Y01028,Pashupati Cotspin Limited,PASHUPATI,PASHUPATI,544448,NSE+BSE,NSE/Yahoo Finance,PASHUPATI.NS,,,17-JUL-2025,
INE818B01023,Pasupati Acrylon Limited,PASUPTAC,PASUPTAC,500456,NSE+BSE,NSE/Yahoo Finance,PASUPTAC.NS,,,12-OCT-2021,
INE619A01035,Patanjali Foods Limited,PATANJALI,PATANJALI#,100368,NSE+BSE,NSE/Yahoo Finance,PATANJALI.NS,,,24-JAN-2020,
INE244B01030,Patel Engineering Limited,PATELENG,PATELENG,531120,NSE+BSE,NSE/Yahoo Finance,PATELENG.NS,,,24-FEB-2005,
INE529D01014,Patel Integrated Logistics Limited,PATINTLOG,PATINTLOG,526381,NSE+BSE,NSE/Yahoo Finance,PATINTLOG.NS,,,11-JAN-2008,
INE0R8B01010,Patel Retail Limited,PATELRMART,PATELRMART,544487,NSE+BSE,NSE/Yahoo Finance,PATELRMART.NS,,,26-AUG-2025,
INE291E01019,Paul Merchants Limited,PML,PML,539113,NSE+BSE,NSE/Yahoo Finance,PML.NS,,,20-APR-2026,
INE111F01024,Paushak Limited,PAUSHAKLTD,PAUSHAKLTD,532742,NSE+BSE,NSE/Yahoo Finance,PAUSHAKLTD.NS,,,01-DEC-2025,
INE07S101038,Pavna Industries Limited,PAVNAIND,PAVNAIND,543915,NSE+BSE,NSE/Yahoo Finance,PAVNAIND.NS,,,01-JUN-2023,
INE940H01022,Pearl Global Industries Limited,PGIL,PGIL,532808,NSE+BSE,NSE/Yahoo Finance,PGIL.NS,,,15-FEB-2007,
INE844A01013,Pearl Polymers Limited,PEARLPOLY,PEARLPOLY,523260,NSE+BSE,NSE/Yahoo Finance,PEARLPOLY.NS,,,11-OCT-1995,
INE138A01028,Peninsula Land Limited,PENINLAND,PENINLAND,503031,NSE+BSE,NSE/Yahoo Finance,PENINLAND.NS,,,08-FEB-1995,
INE932A01024,Pennar Industries Limited,PENIND,PENIND,513228,NSE+BSE,NSE/Yahoo Finance,PENIND.NS,,,25-NOV-2010,
INE262H01021,Persistent Systems Limited,PERSISTENT,PERSISTENT#,133179,NSE+BSE,NSE/Yahoo Finance,PERSISTENT.NS,,,06-APR-2010,
INE347G01014,Petronet LNG Limited,PETRONET,PETRONET#,132522,NSE+BSE,NSE/Yahoo Finance,PETRONET.NS,,,26-MAR-2004,
INE182A01018,Pfizer Limited,PFIZER,PFIZER#,100680,NSE+BSE,NSE/Yahoo Finance,PFIZER.NS,,,28-APR-1999,
INE0LP301011,Physicswallah Limited,PWL,PWL,544609,NSE+BSE,NSE/Yahoo Finance,PWL.NS,,,18-NOV-2025,
INE546C01010,Piccadily Agro Industries Limited,PICCADIL,PICCADIL,530305,NSE+BSE,NSE/Yahoo Finance,PICCADIL.NS,,,02-JUL-2025,
INE318A01026,Pidilite Industries Limited,PIDILITIND,PIDILITIND#,100331,NSE+BSE,NSE/Yahoo Finance,PIDILITIND.NS,,,29-MAR-1995,
INE417C01014,Pilani Investment and Industries Corporation Limited,PILANIINVS,PILANIINVS,539883,NSE+BSE,NSE/Yahoo Finance,PILANIINVS.NS,,,08-DEC-2015,
INE15B701018,Pine Labs Limited,PINELABS,PINELABS,544606,NSE+BSE,NSE/Yahoo Finance,PINELABS.NS,,,14-NOV-2025,
INE156C01018,Pioneer Embroideries Limited,PIONEEREMB,PIONEEREMB,514300,NSE+BSE,NSE/Yahoo Finance,PIONEEREMB.NS,,,16-MAY-2006,
INE746D01014,Pioneer Investcorp Limited,PIONRINV,PIONRINV,507864,NSE+BSE,NSE/Yahoo Finance,PIONRINV.NS,,,20-APR-2026,
INE202B01038,Piramal Finance Limited,PIRAMALFIN,PIRAMALFIN,544597,NSE+BSE,NSE/Yahoo Finance,PIRAMALFIN.NS,,,07-NOV-2025,
INE0DK501011,Piramal Pharma Limited,PPLPHARMA,PPLPHARMA#,143635,NSE+BSE,NSE/Yahoo Finance,PPLPHARMA.NS,,,19-OCT-2022,
INE450D01021,Pitti Engineering Limited,PITTIENG,PITTIENG,513519,NSE+BSE,NSE/Yahoo Finance,PITTIENG.NS,,,02-FEB-2007,
INE751B01018,Pix Transmissions Limited,PIXTRANS,PIXTRANS,500333,NSE+BSE,NSE/Yahoo Finance,PIXTRANS.NS,,,28-APR-2022,
INE083C01022,Plastiblends India Limited,PLASTIBLEN,PLASTIBLEN,523648,NSE+BSE,NSE/Yahoo Finance,PLASTIBLEN.NS,,,28-DEC-2006,
INE0PT501018,Platinum Industries Limited,PLATIND,PLATIND,544134,NSE+BSE,NSE/Yahoo Finance,PLATIND.NS,,,05-MAR-2024,
INE0INJ01017,Plaza Wires Limited,PLAZACABLE,PLAZACABLE,544003,NSE+BSE,NSE/Yahoo Finance,PLAZACABLE.NS,,,12-OCT-2023,
INE371C01013,Poddar Pigments Limited,PODDARMENT,PODDARMENT,524570,NSE+BSE,NSE/Yahoo Finance,PODDARMENT.NS,,,22-NOV-2016,
INE637C01025,Pokarna Limited,POKARNA,POKARNA,532486,NSE+BSE,NSE/Yahoo Finance,POKARNA.NS,,,07-JUL-2016,
INE205C01021,Poly Medicure Limited,POLYMED,POLYMED#,131768,NSE+BSE,NSE/Yahoo Finance,POLYMED.NS,,,07-DEC-2011,
INE455K01017,Polycab India Limited,POLYCAB,POLYCAB#,142652,NSE+BSE,NSE/Yahoo Finance,POLYCAB.NS,,,16-APR-2019,
INE633B01018,Polyplex Corporation Limited,POLYPLEX,POLYPLEX,524051,NSE+BSE,NSE/Yahoo Finance,POLYPLEX.NS,,,11-APR-2003,
INE063E01061,Pondy Oxides & Chemicals Limited,POCL,POCL,532626,NSE+BSE,NSE/Yahoo Finance,POCL.NS,,,06-MAR-2023,
INE838E01017,Ponni Sugars (Erode) Limited,PONNIERODE,PONNIERODE,532460,NSE+BSE,NSE/Yahoo Finance,PONNIERODE.NS,,,16-APR-2002,
INE511C01022,Poonawalla Fincorp Limited,POONAWALLA,POONAWALLA#,124000,NSE+BSE,NSE/Yahoo Finance,POONAWALLA.NS,,,27-APR-2004,
INE772T01024,Popular Vehicles and Services Limited,PVSL,PVSL,544144,NSE+BSE,NSE/Yahoo Finance,PVSL.NS,,,19-MAR-2024,
INE557Z01018,Power & Instrumentation (Gujarat) Limited,PIGL,PIGL,543912,NSE+BSE,NSE/Yahoo Finance,PIGL.NS,,,17-MAY-2023,
INE134E01011,Power Finance Corporation Limited,PFC,PFC#,132810,NSE+BSE,NSE/Yahoo Finance,PFC.NS,,,23-FEB-2007,
INE752E01010,Power Grid Corporation of India Limited,POWERGRID,POWERGRID#,132898,NSE+BSE,NSE/Yahoo Finance,POWERGRID.NS,,,05-OCT-2007,
INE211R01019,Power Mech Projects Limited,POWERMECH,POWERMECH,539302,NSE+BSE,NSE/Yahoo Finance,POWERMECH.NS,,,26-AUG-2015,
INE921L01032,Powerica Limited,POWERICA,POWERICA,544744,NSE+BSE,NSE/Yahoo Finance,POWERICA.NS,,,02-APR-2026,
INE0I0M01023,Prabha Energy Limited,PRABHA,PRABHA,544379,NSE+BSE,NSE/Yahoo Finance,PRABHA.NS,,,19-MAR-2025,
INE770A01010,Pradeep Metals Limited,PRADPME,PRADPME,513532,NSE+BSE,NSE/Yahoo Finance,PRADPME.NS,,,20-APR-2026,
INE074A01025,Praj Industries Limited,PRAJIND,PRAJIND#,122205,NSE+BSE,NSE/Yahoo Finance,PRAJIND.NS,,,11-OCT-1995,
INE505C01016,Prajay Engineers Syndicate Limited,PRAENG,PRAENG,531746,NSE+BSE,NSE/Yahoo Finance,PRAENG.NS,,,02-JAN-2007,
INE603A01013,Prakash Industries Limited,PRAKASH,PRAKASH,506022,NSE+BSE,NSE/Yahoo Finance,PRAKASH.NS,,,10-MAY-1995,
INE050001010,Prakash Pipes Limited,PPL,PPL,542684,NSE+BSE,NSE/Yahoo Finance,PPL.NS,,,14-JUN-2019,
INE696K01024,Prakash Steelage Limited,PRAKASHSTL,PRAKASHSTL,533239,NSE+BSE,NSE/Yahoo Finance,PRAKASHSTL.NS,,,25-AUG-2010,
INE393P01035,Prataap Snacks Limited,DIAMONDYD,DIAMONDYD,540724,NSE+BSE,NSE/Yahoo Finance,DIAMONDYD.NS,,,05-OCT-2017,
INE722B01019,Praveg Limited,PRAVEG,PRAVEG,531637,NSE+BSE,NSE/Yahoo Finance,PRAVEG.NS,,,20-APR-2026,
INE546Y01022,Praxis Home Retail Limited,PRAXIS,PRAXIS,540901,NSE+BSE,NSE/Yahoo Finance,PRAXIS.NS,,,31-JAN-2018,
INE484I01029,Precision Camshafts Limited,PRECAM,PRECAM,539636,NSE+BSE,NSE/Yahoo Finance,PRECAM.NS,,,08-FEB-2016,
INE372C01037,Precision Wires India Limited,PRECWIRE,PRECWIRE,523539,NSE+BSE,NSE/Yahoo Finance,PRECWIRE.NS,,,06-SEP-1995,
INE283A01014,Precot Limited,PRECOT,PRECOT,205936,NSE+BSE,NSE/Yahoo Finance,PRECOT.NS,,,19-AUG-2005,
INE001E01012,Premco Global Limited,PREMCO,PREMCO,530331,NSE+BSE,NSE/Yahoo Finance,PREMCO.NS,,,20-APR-2026,
INE0BS701011,Premier Energies Limited,PREMIERENE,PREMIERENE#,144238,NSE+BSE,NSE/Yahoo Finance,PREMIERENE.NS,,,03-SEP-2024,
INE863B01029,Premier Explosives Limited,PREMEXPLN,PREMEXPLN,526247,NSE+BSE,NSE/Yahoo Finance,PREMEXPLN.NS,,,17-JUN-2016,
INE342A01018,Premier Limited,PREMIER,PREMIER,500540,NSE+BSE,NSE/Yahoo Finance,PREMIER.NS,,,03-APR-1996,
INE309M01020,Premier Polyfilm Limited,PREMIERPOL,PREMIERPOL,514354,NSE+BSE,NSE/Yahoo Finance,PREMIERPOL.NS,,,13-DEC-1995,
INE811K01011,Prestige Estates Projects Limited,PRESTIGE,PRESTIGE#,133274,NSE+BSE,NSE/Yahoo Finance,PRESTIGE.NS,,,27-OCT-2010,
INE726V01018,Pricol Limited,PRICOLLTD,PRICOLLTD,540293,NSE+BSE,NSE/Yahoo Finance,PRICOLLTD.NS,,,10-FEB-2017,
INE367G01038,Prime Focus Limited,PFOCUS,PFOCUS,532748,NSE+BSE,NSE/Yahoo Finance,PFOCUS.NS,,,20-JUN-2006,
INE032B01021,Prime Securities Limited,PRIMESECU,PRIMESECU,500337,NSE+BSE,NSE/Yahoo Finance,PRIMESECU.NS,,,17-JUN-2005,
INE607A01022,Primo Chemicals Limited,PRIMO,PRIMO,506852,NSE+BSE,NSE/Yahoo Finance,PRIMO.NS,,,22-APR-2025,
INE689W01016,Prince Pipes And Fittings Limited,PRINCEPIPE,PRINCEPIPE,542907,NSE+BSE,NSE/Yahoo Finance,PRINCEPIPE.NS,,,30-DEC-2019,
INE010A01011,Prism Johnson Limited,PRSMJOHNSN,PRSMJOHNSN,500338,NSE+BSE,NSE/Yahoo Finance,PRSMJOHNSN.NS,,,20-AUG-2003,
INE974Z01015,Priti International Limited,PRITI,PRITI,204000,NSE+BSE,NSE/Yahoo Finance,PRITI.NS,,,02-MAR-2022,
INE583R01029,Pritika Auto Industries Limited,PRITIKAUTO,PRITIKAUTO,539359,NSE+BSE,NSE/Yahoo Finance,PRITIKAUTO.NS,,,10-AUG-2021,
INE392B01011,Pritish Nandy Communications Limited,PNC,PNC,532387,NSE+BSE,NSE/Yahoo Finance,PNC.NS,,,11-DEC-2000,
INE959A01019,Privi Speciality Chemicals Limited,PRIVISCL,PRIVISCL,530117,NSE+BSE,NSE/Yahoo Finance,PRIVISCL.NS,,,08-MAY-2015,
INE199A01012,Procter & Gamble Health Limited,PGHL,PGHL,500126,NSE+BSE,NSE/Yahoo Finance,PGHL.NS,,,24-APR-1996,
INE179A01014,Procter & Gamble Hygiene and Health Care Limited,PGHH,PGHH#,100459,NSE+BSE,NSE/Yahoo Finance,PGHH.NS,,,07-JUL-2004,
INE0BX301013,Prostarm Info Systems Limited,PROSTARM,PROSTARM,544410,NSE+BSE,NSE/Yahoo Finance,PROSTARM.NS,,,03-JUN-2025,
INE004A01022,Protean eGov Technologies Limited,PROTEAN,PROTEAN,544021,NSE+BSE,NSE/Yahoo Finance,PROTEAN.NS,,,06-FEB-2025,
INE195N01013,Prozone Realty Limited,PROZONER,PROZONER,534675,NSE+BSE,NSE/Yahoo Finance,PROZONER.NS,,,12-SEP-2012,
INE00F201020,Prudent Corporate Advisory Services Limited,PRUDENT,PRUDENT#,143527,NSE+BSE,NSE/Yahoo Finance,PRUDENT.NS,,,20-MAY-2022,
INE024D01016,Prudential Sugar Corporation Limited,PRUDMOULI,PRUDMOULI,500342,NSE+BSE,NSE/Yahoo Finance,PRUDMOULI.NS,,,10-MAY-1995,
INE865T01018,Pudumjee Paper Products Limited,PDMJEPAPER,PDMJEPAPER,539785,NSE+BSE,NSE/Yahoo Finance,PDMJEPAPER.NS,,,30-MAR-2016,
INE608A01012,Punjab & Sind Bank,PSB,PSB#,133295,NSE+BSE,NSE/Yahoo Finance,PSB.NS,,,30-DEC-2010,
INE277B01014,Punjab Chemicals & Crop Protection Limited,PUNJABCHEM,PUNJABCHEM,506618,NSE+BSE,NSE/Yahoo Finance,PUNJABCHEM.NS,,,08-MAR-2007,
INE160A01022,Punjab National Bank,PNB,PNB#,132461,NSE+BSE,NSE/Yahoo Finance,PNB.NS,,,24-APR-2002,
INE323I01011,Puravankara Limited,PURVA,PURVA,532891,NSE+BSE,NSE/Yahoo Finance,PURVA.NS,,,30-AUG-2007,
INE0MIS01010,Pyramid Technoplast Limited,PYRAMID,PYRAMID,543969,NSE+BSE,NSE/Yahoo Finance,PYRAMID.NS,,,29-AUG-2023,
INE0FMW01018,QMS Medical Allied Services Limited,QMSMEDI,QMSMEDI,209172,NSE+BSE,NSE/Yahoo Finance,QMSMEDI.NS,,,18-JUN-2026,
INE0LRY01011,Quadrant Future Tek Limited,QUADFUTURE,QUADFUTURE,544336,NSE+BSE,NSE/Yahoo Finance,QUADFUTURE.NS,,,14-JAN-2025,
INE0SII01026,Quality Power Electrical Equipments Limited,QPOWER,QPOWER,544367,NSE+BSE,NSE/Yahoo Finance,QPOWER.NS,,,24-FEB-2025,
INE615P01015,Quess Corp Limited,QUESS,QUESS,539978,NSE+BSE,NSE/Yahoo Finance,QUESS.NS,,,12-JUL-2016,
INE306L01010,Quick Heal Technologies Limited,QUICKHEAL,QUICKHEAL,539678,NSE+BSE,NSE/Yahoo Finance,QUICKHEAL.NS,,,18-FEB-2016,
INE641R01017,Quint Digital Limited,QUINT,QUINT,539515,NSE+BSE,NSE/Yahoo Finance,QUINT.NS,,,20-APR-2026,
INE0NQ801033,R K Swamy Limited,RKSWAMY,RKSWAMY,544136,NSE+BSE,NSE/Yahoo Finance,RKSWAMY.NS,,,12-MAR-2024,
INE219Y01026,R M Drip and Sprinklers Systems Limited,RMDRIP,RMDRIP,544456,NSE+BSE,NSE/Yahoo Finance,RMDRIP.NS,,,30-JUL-2025,
INE777K01022,R R Kabel Limited,RRKABEL,RRKABEL#,143981,NSE+BSE,NSE/Yahoo Finance,RRKABEL.NS,,,20-SEP-2023,
INE411H01032,R Systems International Limited,RSYSTEMS,RSYSTEMS,532735,NSE+BSE,NSE/Yahoo Finance,RSYSTEMS.NS,,,26-APR-2006,
INE012Q01039,R&B Denims Limited,RNBDENIMS,RNBDENIMS,538119,NSE+BSE,NSE/Yahoo Finance,RNBDENIMS.NS,,,04-SEP-2025,
INE165B01029,R. S. Software (India) Limited,RSSOFTWARE,RSSOFTWARE,517447,NSE+BSE,NSE/Yahoo Finance,RSSOFTWARE.NS,,,19-MAY-1999,
INE324L01013,R.P.P. Infra Projects Limited,RPPINFRA,RPPINFRA,533284,NSE+BSE,NSE/Yahoo Finance,RPPINFRA.NS,,,06-DEC-2010,
INE704B01017,RACL Geartech Limited,RACLGEAR,RACLGEAR,520073,NSE+BSE,NSE/Yahoo Finance,RACLGEAR.NS,,,27-NOV-2024,
INE976G01028,RBL Bank Limited,RBLBANK,RBLBANK,540065,NSE+BSE,NSE/Yahoo Finance,RBLBANK.NS,,,31-AUG-2016,
INE0PEQ01016,RBZ Jewellers Limited,RBZJEWEL,RBZJEWEL,544060,NSE+BSE,NSE/Yahoo Finance,RBZJEWEL.NS,,,27-DEC-2023,
INE020B01018,REC Limited,RECLTD,RECLTD#,132955,NSE+BSE,NSE/Yahoo Finance,RECLTD.NS,,,12-MAR-2008,
INE743M01012,RHI MAGNESITA INDIA LIMITED,RHIM,RHIM#,134076,NSE+BSE,NSE/Yahoo Finance,RHIM.NS,,,12-MAR-2012,
INE302D01024,RIR Power Electronics Limited,RIR,RIR,517035,NSE+BSE,NSE/Yahoo Finance,RIR.NS,,,16-JUL-2026,
INE320J01015,RITES Limited,RITES,RITES,541556,NSE+BSE,NSE/Yahoo Finance,RITES.NS,,,02-JUL-2018,
INE786W01010,RKEC Projects Limited,RKEC,RKEC,200105,NSE+BSE,NSE/Yahoo Finance,RKEC.NS,,,18-DEC-2020,
INE655V01019,RMC Switchgears Limited,RMC,RMC,540358,NSE+BSE,NSE/Yahoo Finance,RMC.NS,,,01-APR-2026,
INE450U01017,ROUTE MOBILE LIMITED,ROUTE,ROUTE,543228,NSE+BSE,NSE/Yahoo Finance,ROUTE.NS,,,21-SEP-2020,
INE105J01010,RPG Life Sciences Limited,RPGLIFE,RPGLIFE,532983,NSE+BSE,NSE/Yahoo Finance,RPGLIFE.NS,,,10-JUN-2008,
INE425Y01011,RPSG VENTURES LIMITED,RPSGVENT,RPSGVENT,542333,NSE+BSE,NSE/Yahoo Finance,RPSGVENT.NS,,,25-JAN-2019,
INE951M01037,RRIL Limited,RRIL,RRIL,531307,NSE+BSE,NSE/Yahoo Finance,RRIL.NS,,,20-APR-2026,
INE616F01022,RSD Finance Limited,RSDFIN,RSDFIN,539875,NSE+BSE,NSE/Yahoo Finance,RSDFIN.NS,,,20-APR-2026,
INE611A01016,RSWM Limited,RSWM,RSWM,500350,NSE+BSE,NSE/Yahoo Finance,RSWM.NS,,,15-FEB-1995,
INE084Q01012,Race Eco Chain Limited,RACE,RACE,537785,NSE+BSE,NSE/Yahoo Finance,RACE.NS,,,09-MAY-2023,
INE874F01027,Radaan Mediaworks India Limited,RADAAN,RADAAN,590070,NSE+BSE,NSE/Yahoo Finance,RADAAN.NS,,,27-FEB-2003,
INE583V01021,Radhika Jeweltech Limited,RADHIKAJWE,RADHIKAJWE,540125,NSE+BSE,NSE/Yahoo Finance,RADHIKAJWE.NS,,,18-JUL-2022,
INE855R01021,Radiant Cash Management Services Limited,RADIANTCMS,RADIANTCMS,543732,NSE+BSE,NSE/Yahoo Finance,RADIANTCMS.NS,,,04-JAN-2023,
INE944F01028,Radico Khaitan Limited,RADICO,RADICO#,132497,NSE+BSE,NSE/Yahoo Finance,RADICO.NS,,,18-JUN-2003,
INE912T01018,Raghav Productivity Enhancers Limited,RPEL,RPEL,539837,NSE+BSE,NSE/Yahoo Finance,RPEL.NS,,,08-AUG-2024,
INE415G01027,Rail Vikas Nigam Limited,RVNL,RVNL#,142649,NSE+BSE,NSE/Yahoo Finance,RVNL.NS,,,11-APR-2019,
INE0DD101019,Railtel Corporation Of India Limited,RAILTEL,RAILTEL#,143265,NSE+BSE,NSE/Yahoo Finance,RAILTEL.NS,,,26-FEB-2021,
INE855B01025,Rain Industries Limited,RAIN,RAIN,500339,NSE+BSE,NSE/Yahoo Finance,RAIN.NS,,,03-MAR-2008,
INE961O01016,Rainbow Childrens Medicare Limited,RAINBOW,RAINBOW#,143524,NSE+BSE,NSE/Yahoo Finance,RAINBOW.NS,,,10-MAY-2022,
INE294G01026,Raj Oil Mills Limited,ROML,ROML,533093,NSE+BSE,NSE/Yahoo Finance,ROML.NS,,,06-OCT-2020,
INE533D01032,Raj Rayon Industries Limited,RAJRILTD,RAJRILTD,530699,NSE+BSE,NSE/Yahoo Finance,RAJRILTD.NS,,,16-MAR-2022,
INE952H01027,Raj Television Network Limited,RAJTV,RAJTV,532826,NSE+BSE,NSE/Yahoo Finance,RAJTV.NS,,,16-MAR-2007,
INE296E01026,Rajapalayam Mills Limited,RAJPALAYAM,RAJPALAYAM,532503,NSE+BSE,NSE/Yahoo Finance,RAJPALAYAM.NS,,,20-APR-2026,
INE610C01014,Rajdarshan Industries Limited,ARENTERP,ARENTERP,526662,NSE+BSE,NSE/Yahoo Finance,ARENTERP.NS,,,18-OCT-1995,
INE343B01030,Rajesh Exports Limited,RAJESHEXPO,RAJESHEXPO,531500,NSE+BSE,NSE/Yahoo Finance,RAJESHEXPO.NS,,,09-FEB-2000,
INE00KV01022,Rajnandini Metal Limited,RAJMET,RAJMET,209275,NSE+BSE,NSE/Yahoo Finance,RAJMET.NS,,,16-FEB-2021,
INE535F01024,Rajoo Engineers Limited,RAJOOENG,RAJOOENG,522257,NSE+BSE,NSE/Yahoo Finance,RAJOOENG.NS,,,29-MAY-2025,
INE313L01016,Rajputana Stainless Limited,RSL,RSL,544731,NSE+BSE,NSE/Yahoo Finance,RSL.NS,,,19-MAR-2026,
INE451D01029,Rajratan Global Wire Limited,RAJRATAN,RAJRATAN,517522,NSE+BSE,NSE/Yahoo Finance,RAJRATAN.NS,,,22-MAY-2020,
INE760W01023,Rajshree Polypack Limited,RPPL,RPPL,211980,NSE+BSE,NSE/Yahoo Finance,RPPL.NS,,,26-NOV-2021,
INE562B01019,Rajshree Sugars & Chemicals Limited,RAJSREESUG,RAJSREESUG,500354,NSE+BSE,NSE/Yahoo Finance,RAJSREESUG.NS,,,29-MAR-1995,
INE613A01020,Rallis India Limited,RALLIS,RALLIS,500355,NSE+BSE,NSE/Yahoo Finance,RALLIS.NS,,,01-APR-1999,
INE207E01023,Ram Ratna Wires Limited,RAMRAT,RAMRAT,522281,NSE+BSE,NSE/Yahoo Finance,RAMRAT.NS,,,29-JUL-2022,
INE809A01032,Rama Phosphates Limited,RAMAPHO,RAMAPHO,524037,NSE+BSE,NSE/Yahoo Finance,RAMAPHO.NS,,,05-AUG-2022,
INE230R01035,Rama Steel Tubes Limited,RAMASTEEL,RAMASTEEL,539309,NSE+BSE,NSE/Yahoo Finance,RAMASTEEL.NS,,,19-AUG-2015,
INE614A01028,Ramco Industries Limited,RAMCOIND,RAMCOIND,532369,NSE+BSE,NSE/Yahoo Finance,RAMCOIND.NS,,,06-NOV-1996,
INE246B01019,Ramco Systems Limited,RAMCOSYS,RAMCOSYS,532370,NSE+BSE,NSE/Yahoo Finance,RAMCOSYS.NS,,,12-APR-2000,
INE399G01023,Ramkrishna Forgings Limited,RKFORGE,RKFORGE#,132527,NSE+BSE,NSE/Yahoo Finance,RKFORGE.NS,,,05-MAY-2004,
INE874I01013,Ramky Infrastructure Limited,RAMKY,RAMKY,533262,NSE+BSE,NSE/Yahoo Finance,RAMKY.NS,,,08-OCT-2010,
INE625B01014,Rana Sugars Limited,RANASUG,RANASUG,507490,NSE+BSE,NSE/Yahoo Finance,RANASUG.NS,,,24-FEB-2005,
INE050H01012,Rane (Madras) Limited,RML,RML,532661,NSE+BSE,NSE/Yahoo Finance,RML.NS,,,30-AUG-2005,
INE384A01010,Rane Holdings Limited,RANEHOLDIN,RANEHOLDIN,505800,NSE+BSE,NSE/Yahoo Finance,RANEHOLDIN.NS,,,24-SEP-1997,
INE0J1F01024,Rashi Peripherals Limited,RPTECH,RPTECH,544119,NSE+BSE,NSE/Yahoo Finance,RPTECH.NS,,,14-FEB-2024,
INE027A01015,Rashtriya Chemicals and Fertilizers Limited,RCF,RCF,524230,NSE+BSE,NSE/Yahoo Finance,RCF.NS,,,07-JAN-1998,
INE0CLI01024,Rategain Travel Technologies Limited,RATEGAIN,RATEGAIN,543417,NSE+BSE,NSE/Yahoo Finance,RATEGAIN.NS,,,17-DEC-2021,
INE703B01027,Ratnamani Metals & Tubes Limited,RATNAMANI,RATNAMANI#,120111,NSE+BSE,NSE/Yahoo Finance,RATNAMANI.NS,,,09-MAY-2006,
INE05CZ01011,Ratnaveer Precision Engineering Limited,RATNAVEER,RATNAVEER,543978,NSE+BSE,NSE/Yahoo Finance,RATNAVEER.NS,,,11-SEP-2023,
INE834M01019,RattanIndia Enterprises Limited,RTNINDIA,RTNINDIA,534597,NSE+BSE,NSE/Yahoo Finance,RTNINDIA.NS,,,30-JUL-2012,
INE399K01017,RattanIndia Power Limited,RTNPOWER,RTNPOWER,533122,NSE+BSE,NSE/Yahoo Finance,RTNPOWER.NS,,,30-OCT-2009,
INE722J01012,Ravi Kumar Distilleries Limited,RKDL,RKDL,533294,NSE+BSE,NSE/Yahoo Finance,RKDL.NS,,,27-DEC-2010,
INE09E501017,Ravinder Heights Limited,RVHL,RVHL,543251,NSE+BSE,NSE/Yahoo Finance,RVHL.NS,,,18-DEC-2020,
INE206N01018,Ravindra Energy Limited,RELTD,RELTD,504341,NSE+BSE,NSE/Yahoo Finance,RELTD.NS,,,30-JUL-2024,
INE02ID01020,Raymond Lifestyle Limited,RAYMONDLSL,RAYMONDLSL#,144240,NSE+BSE,NSE/Yahoo Finance,RAYMONDLSL.NS,,,05-SEP-2024,
INE301A01014,Raymond Limited,RAYMOND,RAYMOND#,100330,NSE+BSE,NSE/Yahoo Finance,RAYMOND.NS,,,18-OCT-1995,
INE1SY401010,Raymond Realty Limited,RAYMONDREL,RAYMONDREL,544420,NSE+BSE,NSE/Yahoo Finance,RAYMONDREL.NS,,,01-JUL-2025,
INE891D01026,Redington Limited,REDINGTON,REDINGTON#,132805,NSE+BSE,NSE/Yahoo Finance,REDINGTON.NS,,,15-FEB-2007,
INE0LXT01019,Redtape Limited,REDTAPE,REDTAPE#,143957,NSE+BSE,NSE/Yahoo Finance,REDTAPE.NS,,,11-AUG-2023,
INE056I01025,Refex Industries Limited,REFEX,REFEX,532884,NSE+BSE,NSE/Yahoo Finance,REFEX.NS,,,03-DEC-2009,
INE0MHO01029,Regaal Resources Limited,REGAAL,REGAAL,544485,NSE+BSE,NSE/Yahoo Finance,REGAAL.NS,,,20-AUG-2025,
INE277C01012,Regency Ceramics Limited,REGENCERAM,REGENCERAM,515018,NSE+BSE,NSE/Yahoo Finance,REGENCERAM.NS,,,05-JUN-1996,
INE131B01039,Relaxo Footwears Limited,RELAXO,RELAXO#,130517,NSE+BSE,NSE/Yahoo Finance,RELAXO.NS,,,17-JUN-2011,
INE375Y01018,Reliable Data Services Limited,RELIABLE,RELIABLE,544207,NSE+BSE,NSE/Yahoo Finance,RELIABLE.NS,,,10-JUL-2024,
INE750D01016,Reliance Chemotex Industries Limited,RELCHEMQ,RELCHEMQ,503162,NSE+BSE,NSE/Yahoo Finance,RELCHEMQ.NS,,,25-MAY-2022,
INE330H01018,Reliance Communications Limited,RCOM,RCOM,532712,NSE+BSE,NSE/Yahoo Finance,RCOM.NS,,,06-MAR-2006,
INE217K01011,Reliance Home Finance Limited,RHFL,RHFL,540709,NSE+BSE,NSE/Yahoo Finance,RHFL.NS,,,22-SEP-2017,
INE046A01015,Reliance Industrial Infrastructure Limited,RIIL,RIIL,523445,NSE+BSE,NSE/Yahoo Finance,RIIL.NS,,,29-NOV-1995,
INE002A01018,Reliance Industries Limited,RELIANCE,RELIANCE#,100325,NSE+BSE,NSE/Yahoo Finance,RELIANCE.NS,,,29-NOV-1995,
INE036A01016,Reliance Infrastructure Limited,RELINFRA,RELINFRA,500390,NSE+BSE,NSE/Yahoo Finance,RELINFRA.NS,,,08-FEB-1995,
INE614G01033,Reliance Power Limited,RPOWER,RPOWER#,132939,NSE+BSE,NSE/Yahoo Finance,RPOWER.NS,,,11-FEB-2008,
INE621H01010,Religare Enterprises Limited,RELIGARE,RELIGARE,532915,NSE+BSE,NSE/Yahoo Finance,RELIGARE.NS,,,21-NOV-2007,
INE474C01023,Remsons Industries Limited,REMSONSIND,REMSONSIND,530919,NSE+BSE,NSE/Yahoo Finance,REMSONSIND.NS,,,31-JAN-1996,
INE722H01024,Renaissance Global Limited,RGL,RGL,532923,NSE+BSE,NSE/Yahoo Finance,RGL.NS,,,12-DEC-2007,
INE612J01015,Repco Home Finance Limited,REPCOHOME,REPCOHOME,535322,NSE+BSE,NSE/Yahoo Finance,REPCOHOME.NS,,,01-APR-2013,
INE461B01014,Repro India Limited,REPRO,REPRO,532687,NSE+BSE,NSE/Yahoo Finance,REPRO.NS,,,22-DEC-2005,
INE688D01026,Responsive Industries Limited,RESPONIND,RESPONIND,505509,NSE+BSE,NSE/Yahoo Finance,RESPONIND.NS,,,29-OCT-2010,
INE07T201019,Restaurant Brands Asia Limited,RBA,RBA,543248,NSE+BSE,NSE/Yahoo Finance,RBA.NS,,,14-DEC-2020,
INE0DAB01012,Revathi Equipment India Limited,RVTH,RVTH,544246,NSE+BSE,NSE/Yahoo Finance,RVTH.NS,,,11-SEP-2024,
INE0KKN01029,Rhetan TMT Limited,RHETAN,RHETAN,543590,NSE+BSE,NSE/Yahoo Finance,RHETAN.NS,,,26-SEP-2025,
INE209B01025,Rico Auto Industries Limited,RICOAUTO,RICOAUTO,520008,NSE+BSE,NSE/Yahoo Finance,RICOAUTO.NS,,,12-MAY-2003,
INE0N2P01017,Rishabh Instruments Limited,RISHABH,RISHABH,543977,NSE+BSE,NSE/Yahoo Finance,RISHABH.NS,,,11-SEP-2023,
INE01EG01016,Ritco Logistics Limited,RITCO,RITCO,542383,NSE+BSE,NSE/Yahoo Finance,RITCO.NS,,,12-APR-2022,
INE508K01013,Robust Hotels Limited,RHL,RHL,543901,NSE+BSE,NSE/Yahoo Finance,RHL.NS,,,25-APR-2023,
INE645S01024,Rolex Rings Limited,ROLEXRINGS,ROLEXRINGS,543325,NSE+BSE,NSE/Yahoo Finance,ROLEXRINGS.NS,,,09-AUG-2021,
INE927A01040,Rollatainers Limited,ROLLT,ROLLT,502448,NSE+BSE,NSE/Yahoo Finance,ROLLT.NS,,,22-NOV-2016,
INE02A801020,Rossari Biotech Limited,ROSSARI,ROSSARI,543213,NSE+BSE,NSE/Yahoo Finance,ROSSARI.NS,,,23-JUL-2020,
INE847C01020,Rossell India Limited,ROSSELLIND,ROSSELLIND,533168,NSE+BSE,NSE/Yahoo Finance,ROSSELLIND.NS,,,25-SEP-2012,
INE0OJW01016,Rossell Techsys Limited,ROSSTECH,ROSSTECH,544294,NSE+BSE,NSE/Yahoo Finance,ROSSTECH.NS,,,09-DEC-2024,
INE535D01037,Roto Pumps Limited,ROTO,ROTO,517500,NSE+BSE,NSE/Yahoo Finance,ROTO.NS,,,21-APR-2022,
INE283H01019,Royal Orchid Hotels Limited,ROHLTD,ROHLTD,532699,NSE+BSE,NSE/Yahoo Finance,ROHLTD.NS,,,06-FEB-2006,
INE642C01025,Rubfila International Limited,RUBFILA,RUBFILA,500367,NSE+BSE,NSE/Yahoo Finance,RUBFILA.NS,,,08-AUG-2024,
INE506V01022,Rubicon Research Limited,RUBICON,RUBICON,544578,NSE+BSE,NSE/Yahoo Finance,RUBICON.NS,,,16-OCT-2025,
INE413B01023,Ruchi Infrastructure Limited,RUCHINFRA,RUCHINFRA,509020,NSE+BSE,NSE/Yahoo Finance,RUCHINFRA.NS,,,16-OCT-1996,
INE803H01014,Ruchira Papers Limited,RUCHIRA,RUCHIRA,532785,NSE+BSE,NSE/Yahoo Finance,RUCHIRA.NS,,,20-DEC-2006,
INE027T01023,Rudra Global Infra Products Limited,RUDRA,RUDRA,539226,NSE+BSE,NSE/Yahoo Finance,RUDRA.NS,,,19-DEC-2025,
INE364Z01019,Rudrabhishek Enterprises Limited,REPL,REPL,205597,NSE+BSE,NSE/Yahoo Finance,REPL.NS,,,14-DEC-2020,
INE895B01021,Rupa & Company Limited,RUPA,RUPA,533552,NSE+BSE,NSE/Yahoo Finance,RUPA.NS,,,07-DEC-2011,
INE573K01025,Rushil Decor Limited,RUSHIL,RUSHIL,533470,NSE+BSE,NSE/Yahoo Finance,RUSHIL.NS,,,07-JUL-2011,
INE807K01035,S Chand And Company Limited,SCHAND,SCHAND,540497,NSE+BSE,NSE/Yahoo Finance,SCHAND.NS,,,09-MAY-2017,
INE500L01026,S H Kelkar and Company Limited,SHK,SHK,539450,NSE+BSE,NSE/Yahoo Finance,SHK.NS,,,16-NOV-2015,
INE902B01017,S&S Power Switchgears Limited,S&SPOWER,S&SPOWER,517273,NSE+BSE,NSE/Yahoo Finance,S&SPOWER.NS,,,27-SEP-1995,
INE212I01016,S. P. Apparels Limited,SPAL,SPAL,540048,NSE+BSE,NSE/Yahoo Finance,SPAL.NS,,,12-AUG-2016,
INE658G01014,S.A.L. Steel Limited,SALSTEEL,SALSTEEL,532604,NSE+BSE,NSE/Yahoo Finance,SALSTEEL.NS,,,24-NOV-2004,
INE284S01014,S.J.S. Enterprises Limited,SJS,SJS,543387,NSE+BSE,NSE/Yahoo Finance,SJS.NS,,,15-NOV-2021,
INE0W2G01015,SAGILITY LIMITED,SAGILITY,SAGILITY#,144282,NSE+BSE,NSE/Yahoo Finance,SAGILITY.NS,,,12-NOV-2024,
INE04AK01028,SBC Exports Limited,SBC,SBC,542725,NSE+BSE,NSE/Yahoo Finance,SBC.NS,,,23-NOV-2021,
INE423Y01016,SBFC Finance Limited,SBFC,SBFC,543959,NSE+BSE,NSE/Yahoo Finance,SBFC.NS,,,16-AUG-2023,
INE018E01016,SBI Cards and Payment Services Limited,SBICARD,SBICARD#,143066,NSE+BSE,NSE/Yahoo Finance,SBICARD.NS,,,16-MAR-2020,
INE640G01020,SBI Funds Management Limited,SBIFUNDS,SBIFUNDS,544829,NSE+BSE,NSE/Yahoo Finance,SBIFUNDS.NS,,,21-JUL-2026,
INE123W01016,SBI Life Insurance Company Limited,SBILIFE,SBILIFE#,140719,NSE+BSE,NSE/Yahoo Finance,SBILIFE.NS,,,03-OCT-2017,
INE650K01021,SECUREKLOUD TECHNOLOGIES LIMITED,SECURKLOUD,SECURKLOUD,512161,NSE+BSE,NSE/Yahoo Finance,SECURKLOUD.NS,,,29-JAN-2014,
INE00XB01019,SEDEMAC Mechatronics Limited,SEDEMAC,SEDEMAC,544723,NSE+BSE,NSE/Yahoo Finance,SEDEMAC.NS,,,11-MAR-2026,
INE105I01020,SEL Manufacturing Company Limited,SELMC,SELMC,532886,NSE+BSE,NSE/Yahoo Finance,SELMC.NS,,,26-OCT-2021,
INE964H01014,SEPC Limited,SEPC,SEPC,532945,NSE+BSE,NSE/Yahoo Finance,SEPC.NS,,,20-FEB-2008,
INE618R01015,SG Finserve Limited,SGFIN,SGFIN,539199,NSE+BSE,NSE/Yahoo Finance,SGFIN.NS,,,05-AUG-2025,
INE385F01024,SG Mart Limited,SGMART,SGMART,512329,NSE+BSE,NSE/Yahoo Finance,SGMART.NS,,,12-SEP-2025,
INE070A01015,SHREE CEMENT LIMITED,SHREECEM,SHREECEM#,100387,NSE+BSE,NSE/Yahoo Finance,SHREECEM.NS,,,26-APR-1995,
INE933B01012,SIGMA ADVANCED SYSTEMS LIMITED,SIGMAADV,SIGMAADV,532408,NSE+BSE,NSE/Yahoo Finance,SIGMAADV.NS,,,19-JUL-2007,
INE923A01015,SIL Investments Limited,SILINV,SILINV,521194,NSE+BSE,NSE/Yahoo Finance,SILINV.NS,,,22-MAY-1996,
INE285J01028,SIS LIMITED,SIS,SIS,540673,NSE+BSE,NSE/Yahoo Finance,SIS.NS,,,10-AUG-2017,
INE002L01015,SJVN Limited,SJVN,SJVN#,133206,NSE+BSE,NSE/Yahoo Finance,SJVN.NS,,,20-MAY-2010,
INE2J8701016,SKF India (Industrial) Limited,SKFINDUS,SKFINDUS,544572,NSE+BSE,NSE/Yahoo Finance,SKFINDUS.NS,,,05-DEC-2025,
INE640A01023,SKF India Limited,SKFINDIA,SKFINDIA#,100472,NSE+BSE,NSE/Yahoo Finance,SKFINDIA.NS,,,27-JAN-1999,
INE411D01023,SKM Egg Products Export (India) Limited,SKMEGGPROD,SKMEGGPROD,532143,NSE+BSE,NSE/Yahoo Finance,SKMEGGPROD.NS,,,14-MAR-1997,
INE01IU01018,SKY GOLD AND DIAMONDS LIMITED,SKYGOLD,SKYGOLD,541967,NSE+BSE,NSE/Yahoo Finance,SKYGOLD.NS,,,06-JAN-2023,
INE103C01036,SMC Global Securities Limited,SMCGLOBAL,SMCGLOBAL,543263,NSE+BSE,NSE/Yahoo Finance,SMCGLOBAL.NS,,,24-FEB-2021,
INE294B01019,SML Mahindra Limited,SMLMAH,SMLMAH,505192,NSE+BSE,NSE/Yahoo Finance,SMLMAH.NS,,,29-AUG-2003,
INE812G01025,SMS Pharmaceuticals Limited,SMSPHARMA,SMSPHARMA,532815,NSE+BSE,NSE/Yahoo Finance,SMSPHARMA.NS,,,28-FEB-2007,
INE00LM01029,SONAM LIMITED,SONAMLTD,SONAMLTD,211563,NSE+BSE,NSE/Yahoo Finance,SONAMLTD.NS,,,07-APR-2022,
INE978G01016,SPL Industries Limited,SPLIL,SPLIL,532651,NSE+BSE,NSE/Yahoo Finance,SPLIL.NS,,,26-JUL-2005,
INE937A01023,SPML Infra Limited,SPMLINFRA,SPMLINFRA,500402,NSE+BSE,NSE/Yahoo Finance,SPMLINFRA.NS,,,14-FEB-1996,
INE526E01018,SPR Auto Technologies Limited,SHRIPISTON,SHRIPISTON,544344,NSE+BSE,NSE/Yahoo Finance,SHRIPISTON.NS,,,02-JUN-2016,
INE647A01010,SRF Limited,SRF,SRF#,103806,NSE+BSE,NSE/Yahoo Finance,SRF.NS,,,18-AUG-2003,
INE559N01010,SRG Housing Finance Limited,SRGHFL,SRGHFL,534680,NSE+BSE,NSE/Yahoo Finance,SRGHFL.NS,,,21-AUG-2023,
INE0R6Z01013,SRM Contractors Limited,SRM,SRM,544158,NSE+BSE,NSE/Yahoo Finance,SRM.NS,,,03-APR-2024,
INE503B01021,STEEL EXCHANGE INDIA LIMITED,STEELXIND,STEELXIND,534748,NSE+BSE,NSE/Yahoo Finance,STEELXIND.NS,,,20-JUL-2017,
INE353H01010,STL Global Limited,SGL,SGL,532730,NSE+BSE,NSE/Yahoo Finance,SGL.NS,,,10-APR-2006,
INE1VXE01018,STL Networks Limited,STLNETWORK,STLNETWORK,544395,NSE+BSE,NSE/Yahoo Finance,STLNETWORK.NS,,,04-SEP-2025,
INE308E01029,SVP GLOBAL TEXTILES LIMITED,SVPGLOB,SVPGLOB,505590,NSE+BSE,NSE/Yahoo Finance,SVPGLOB.NS,,,14-JUL-2021,
INE665A01038,SWAN CORP LIMITED,SWANCORP,SWANCORP#,103310,NSE+BSE,NSE/Yahoo Finance,SWANCORP.NS,,,29-MAY-2012,
INE13B501022,Saatvik Green Energy Limited,SAATVIKGL,SAATVIKGL,544526,NSE+BSE,NSE/Yahoo Finance,SAATVIKGL.NS,,,26-SEP-2025,
INE226H01026,Sadbhav Engineering Limited,SADBHAV,SADBHAV,532710,NSE+BSE,NSE/Yahoo Finance,SADBHAV.NS,,,01-MAR-2006,
INE764L01010,Sadbhav Infrastructure Project Limited,SADBHIN,SADBHIN,539346,NSE+BSE,NSE/Yahoo Finance,SADBHIN.NS,,,16-SEP-2015,
INE888C01040,Sadhana Nitrochem Limited,SADHNANIQ,SADHNANIQ,506642,NSE+BSE,NSE/Yahoo Finance,SADHNANIQ.NS,,,05-MAY-2023,
INE429E01023,Safari Industries (India) Limited,SAFARI,SAFARI#,123025,NSE+BSE,NSE/Yahoo Finance,SAFARI.NS,,,12-SEP-2019,
INE229C01021,Sagar Cements Limited,SAGCEM,SAGCEM,502090,NSE+BSE,NSE/Yahoo Finance,SAGCEM.NS,,,29-JAN-2007,
INE976T01013,Sagardeep Alloys Limited,SAGARDEEP,SAGARDEEP,204170,NSE+BSE,NSE/Yahoo Finance,SAGARDEEP.NS,,,25-JAN-2019,
INE280H01015,Sahyadri Industries Limited,SAHYADRI,SAHYADRI,532841,NSE+BSE,NSE/Yahoo Finance,SAHYADRI.NS,,,06-APR-2023,
INE570L01029,Sai Life Sciences Limited,SAILIFE,SAILIFE#,144306,NSE+BSE,NSE/Yahoo Finance,SAILIFE.NS,,,18-DEC-2024,
INE0H9F01037,Sai Parenterals Limited,SAIPARENT,SAIPARENT,544742,NSE+BSE,NSE/Yahoo Finance,SAIPARENT.NS,,,02-APR-2026,
INE438K01021,Sai Silks (Kalamandir) Limited,KALAMANDIR,KALAMANDIR,543989,NSE+BSE,NSE/Yahoo Finance,KALAMANDIR.NS,,,27-SEP-2023,
INE732S01012,Sakar Healthcare Limited,SAKAR,SAKAR,200519,NSE+BSE,NSE/Yahoo Finance,SAKAR.NS,,,11-APR-2019,
INE667G01023,Saksoft Limited,SAKSOFT,SAKSOFT,590051,NSE+BSE,NSE/Yahoo Finance,SAKSOFT.NS,,,09-MAY-2005,
INE623A01011,Sakthi Sugars Limited,SAKHTISUG,SAKHTISUG,507315,NSE+BSE,NSE/Yahoo Finance,SAKHTISUG.NS,,,06-SEP-1995,
INE190H01024,Sakuma Exports Limited,SAKUMA,SAKUMA,532713,NSE+BSE,NSE/Yahoo Finance,SAKUMA.NS,,,08-MAR-2006,
INE170V01027,Salasar Techno Engineering Limited,SALASAR,SALASAR,540642,NSE+BSE,NSE/Yahoo Finance,SALASAR.NS,,,25-JUL-2017,
INE498E01010,Salona Cotspin Limited,SALONA,SALONA,590056,NSE+BSE,NSE/Yahoo Finance,SALONA.NS,,,16-JUN-2016,
INE457F01013,Salzer Electronics Limited,SALZERELEC,SALZERELEC,517059,NSE+BSE,NSE/Yahoo Finance,SALZERELEC.NS,,,02-DEC-2015,
INE699B01027,Sambhaav Media Limited,SAMBHAAV,SAMBHAAV,511630,NSE+BSE,NSE/Yahoo Finance,SAMBHAAV.NS,,,05-JUN-1996,
INE12NJ01018,Sambhv Steel Tubes Limited,SAMBHV,SAMBHV,544430,NSE+BSE,NSE/Yahoo Finance,SAMBHV.NS,,,02-JUL-2025,
INE08U801020,Samhi Hotels Limited,SAMHI,SAMHI,543984,NSE+BSE,NSE/Yahoo Finance,SAMHI.NS,,,22-SEP-2023,
INE148I01020,Sammaan Capital Limited,SAMMAANCAP,SAMMAANCAP#,135789,NSE+BSE,NSE/Yahoo Finance,SAMMAANCAP.NS,,,23-JUL-2013,
INE735M01018,Sampann Utpadan India Limited,SAMPANN,SAMPANN,534598,NSE+BSE,NSE/Yahoo Finance,SAMPANN.NS,,,27-JUL-2012,
INE775A01035,Samvardhana Motherson International Limited,MOTHERSON,MOTHERSON#,117334,NSE+BSE,NSE/Yahoo Finance,MOTHERSON.NS,,,14-AUG-1996,
INE0JPD01013,Sanathan Textiles Limited,SANATHAN,SANATHAN,544314,NSE+BSE,NSE/Yahoo Finance,SANATHAN.NS,,,27-DEC-2024,
INE278H01035,Sandhar Technologies Limited,SANDHAR,SANDHAR,541163,NSE+BSE,NSE/Yahoo Finance,SANDHAR.NS,,,02-APR-2018,
INE149K01016,Sandur Manganese & Iron Ores Limited,SANDUMA,SANDUMA,504918,NSE+BSE,NSE/Yahoo Finance,SANDUMA.NS,,,07-SEP-2023,
INE495C01010,Sangam (India) Limited,SANGAMIND,SANGAMIND,514234,NSE+BSE,NSE/Yahoo Finance,SANGAMIND.NS,,,17-JUL-1996,
INE989A01032,Sanghvi Movers Limited,SANGHVIMOV,SANGHVIMOV,530073,NSE+BSE,NSE/Yahoo Finance,SANGHVIMOV.NS,,,24-JAN-2007,
INE0UOS01011,Sanofi Consumer Healthcare India Limited,SANOFICONR,SANOFICONR#,144250,NSE+BSE,NSE/Yahoo Finance,SANOFICONR.NS,,,13-SEP-2024,
INE058A01010,Sanofi India Limited,SANOFI,SANOFI#,100674,NSE+BSE,NSE/Yahoo Finance,SANOFI.NS,,,19-MAY-2003,
INE953O01021,Sansera Engineering Limited,SANSERA,SANSERA,543358,NSE+BSE,NSE/Yahoo Finance,SANSERA.NS,,,24-SEP-2021,
INE08NE01025,Sanstar Limited,SANSTAR,SANSTAR,544217,NSE+BSE,NSE/Yahoo Finance,SANSTAR.NS,,,26-JUL-2024,
INE890C01046,Sanwaria Consumer Limited,SANWARIA,SANWARIA,519260,NSE+BSE,NSE/Yahoo Finance,SANWARIA.NS,,,27-MAR-2006,
INE806T01020,Sapphire Foods India Limited,SAPPHIRE,SAPPHIRE#,143397,NSE+BSE,NSE/Yahoo Finance,SAPPHIRE.NS,,,18-NOV-2021,
INE967G01019,Saraswati Commercial India Limited,ZSARACOM,ZSARACOM,512020,NSE+BSE,NSE/Yahoo Finance,ZSARACOM.NS,,,20-APR-2026,
INE0PQ101010,Saraswati Saree Depot Limited,SSDL,SSDL,544230,NSE+BSE,NSE/Yahoo Finance,SSDL.NS,,,20-AUG-2024,
INE385C01021,Sarda Energy & Minerals Limited,SARDAEN,SARDAEN#,104614,NSE+BSE,NSE/Yahoo Finance,SARDAEN.NS,,,03-DEC-2009,
INE979A01025,Saregama India Limited,SAREGAMA,SAREGAMA,532163,NSE+BSE,NSE/Yahoo Finance,SAREGAMA.NS,,,30-JUL-1997,
INE453D01025,Sarla Performance Fibers Limited,SARLAPOLY,SARLAPOLY,526885,NSE+BSE,NSE/Yahoo Finance,SARLAPOLY.NS,,,19-JAN-2007,
INE017W01010,Sarthak Metals Limited,SMLT,SMLT,540393,NSE+BSE,NSE/Yahoo Finance,SMLT.NS,,,25-NOV-2021,
INE324X01026,Sarveshwar Foods Limited,SARVESHWAR,SARVESHWAR,543688,NSE+BSE,NSE/Yahoo Finance,SARVESHWAR.NS,,,08-DEC-2022,
INE231F01020,Sasken Technologies Limited,SASKEN,SASKEN,532663,NSE+BSE,NSE/Yahoo Finance,SASKEN.NS,,,09-SEP-2005,
INE170E01023,Satia Industries Limited,SATIA,SATIA,539201,NSE+BSE,NSE/Yahoo Finance,SATIA.NS,,,17-JUL-2019,
INE836B01017,Satin Creditcare Network Limited,SATIN,SATIN,539404,NSE+BSE,NSE/Yahoo Finance,SATIN.NS,,,26-AUG-2015,
INE626A01014,Saurashtra Cement Limited,SAURASHCEM,SAURASHCEM,502175,NSE+BSE,NSE/Yahoo Finance,SAURASHCEM.NS,,,27-FEB-2024,
INE035D01020,Savita Oil Technologies Limited,SOTL,SOTL,524667,NSE+BSE,NSE/Yahoo Finance,SOTL.NS,,,28-JUN-1995,
INE318C01014,Sayaji Hotels Limited,SAYAJIHOTL,SAYAJIHOTL,523710,NSE+BSE,NSE/Yahoo Finance,SAYAJIHOTL.NS,,,20-APR-2026,
INE099G01011,Scan Steels Limited,SCANSTL,SCANSTL,511672,NSE+BSE,NSE/Yahoo Finance,SCANSTL.NS,,,20-APR-2026,
INE513A01022,Schaeffler India Limited,SCHAEFFLER,SCHAEFFLER#,105790,NSE+BSE,NSE/Yahoo Finance,SCHAEFFLER.NS,,,29-NOV-2000,
INE839M01018,Schneider Electric Infrastructure Limited,SCHNEIDER,SCHNEIDER#,134139,NSE+BSE,NSE/Yahoo Finance,SCHNEIDER.NS,,,20-MAR-2012,
INE090501011,Scoda Tubes Limited,SCODATUBES,SCODATUBES,544411,NSE+BSE,NSE/Yahoo Finance,SCODATUBES.NS,,,04-JUN-2025,
INE497B01018,Seamec Limited,SEAMECLTD,SEAMECLTD,526807,NSE+BSE,NSE/Yahoo Finance,SEAMECLTD.NS,,,28-JUN-1995,
INE0BTM01013,SecMark Consultancy Limited,SECMARK,SECMARK,543234,NSE+BSE,NSE/Yahoo Finance,SECMARK.NS,,,16-OCT-2023,
INE955I01044,Sejal Glass Limited,SEJALLTD,SEJALLTD,532993,NSE+BSE,NSE/Yahoo Finance,SEJALLTD.NS,,,13-DEC-2021,
INE617A01013,Semac Construction Limited,SEMAC,SEMAC,505368,NSE+BSE,NSE/Yahoo Finance,SEMAC.NS,,,11-AUG-2005,
INE602W01027,Senco Gold Limited,SENCO,SENCO,543936,NSE+BSE,NSE/Yahoo Finance,SENCO.NS,,,14-JUL-2023,
INE0RB801010,Senores Pharmaceuticals Limited,SENORES,SENORES,544319,NSE+BSE,NSE/Yahoo Finance,SENORES.NS,,,30-DEC-2024,
INE782X01033,Servotech Renewable Power System Limited,SERVOTECH,SERVOTECH,210510,NSE+BSE,NSE/Yahoo Finance,SERVOTECH.NS,,,02-SEP-2021,
INE04VU01023,Seshaasai Technologies Limited,STYL,STYL,544533,NSE+BSE,NSE/Yahoo Finance,STYL.NS,,,30-SEP-2025,
INE630A01024,Seshasayee Paper and Boards Limited,SESHAPAPER,SESHAPAPER,502450,NSE+BSE,NSE/Yahoo Finance,SESHAPAPER.NS,,,29-MAR-1995,
INE878E01021,Setco Automotive Limited,SETCO,SETCO,505075,NSE+BSE,NSE/Yahoo Finance,SETCO.NS,,,01-JUL-2016,
INE023M01027,Setubandhan Infrastructure Limited,SETUINFRA,SETUINFRA,533605,NSE+BSE,NSE/Yahoo Finance,SETUINFRA.NS,,,04-OCT-2011,
INE573R01012,Seya Industries Limited,SEYAIND,SEYAIND,524324,NSE+BSE,NSE/Yahoo Finance,SEYAIND.NS,,,11-JUL-2019,
INE12UN01015,Shadowfax Technologies Limited,SHADOWFAX,SHADOWFAX,544685,NSE+BSE,NSE/Yahoo Finance,SHADOWFAX.NS,,,28-JAN-2026,
INE640C01011,Shah Alloys Limited,SHAHALLOYS,SHAHALLOYS,513436,NSE+BSE,NSE/Yahoo Finance,SHAHALLOYS.NS,,,16-JUN-2005,
INE482J01021,Shah Metacorp Limited,SHAH,SHAH,533275,NSE+BSE,NSE/Yahoo Finance,SHAH.NS,,,27-OCT-2010,
INE151G01028,Shaily Engineering Plastics Limited,SHAILY,SHAILY,501423,NSE+BSE,NSE/Yahoo Finance,SHAILY.NS,,,04-APR-2022,
INE908D01010,Shakti Pumps (India) Limited,SHAKTIPUMP,SHAKTIPUMP#,131431,NSE+BSE,NSE/Yahoo Finance,SHAKTIPUMP.NS,,,29-JAN-2015,
INE597J01018,Shalby Limited,SHALBY,SHALBY,540797,NSE+BSE,NSE/Yahoo Finance,SHALBY.NS,,,15-DEC-2017,
INE861D01011,Shalibhadra Finance Limited,SAHLIBHFI,SAHLIBHFI,511754,NSE+BSE,NSE/Yahoo Finance,SAHLIBHFI.NS,,,10-APR-2026,
INE849C01026,Shalimar Paints Limited,SHALPAINTS,SHALPAINTS,509874,NSE+BSE,NSE/Yahoo Finance,SHALPAINTS.NS,,,03-MAR-2008,
INE01NE01012,Shankar Lal Rampal Dye-Chem Limited,SRD,SRD,542232,NSE+BSE,NSE/Yahoo Finance,SRD.NS,,,09-OCT-2024,
INE274V01019,Shankara Building Products Limited,SHANKARA,SHANKARA,540425,NSE+BSE,NSE/Yahoo Finance,SHANKARA.NS,,,05-APR-2017,
INE24OJ01011,Shankara Buildpro Limited,BUILDPRO,BUILDPRO,544517,NSE+BSE,NSE/Yahoo Finance,BUILDPRO.NS,,,09-JAN-2026,
INE631A01022,Shanthi Gears Limited,SHANTIGEAR,SHANTIGEAR,522034,NSE+BSE,NSE/Yahoo Finance,SHANTIGEAR.NS,,,17-JAN-1996,
INE440T01028,Shanti Educational Initiatives Limited,SEIL,SEIL,539921,NSE+BSE,NSE/Yahoo Finance,SEIL.NS,,,20-APR-2026,
INE06ZD01017,Shanti Gold International Limited,SHANTIGOLD,SHANTIGOLD,544459,NSE+BSE,NSE/Yahoo Finance,SHANTIGOLD.NS,,,01-AUG-2025,
INE933X01016,Shanti Overseas (India) Limited,SHANTI,SHANTI,206158,NSE+BSE,NSE/Yahoo Finance,SHANTI.NS,,,16-SEP-2021,
INE220Z01013,Sharat Industries Limited,SHINDL,SHINDL,519397,NSE+BSE,NSE/Yahoo Finance,SHINDL.NS,,,20-APR-2026,
INE221J01015,Sharda Cropchem Limited,SHARDACROP,SHARDACROP,538666,NSE+BSE,NSE/Yahoo Finance,SHARDACROP.NS,,,23-SEP-2014,
INE597I01028,Sharda Motor Industries Limited,SHARDAMOTR,SHARDAMOTR,535602,NSE+BSE,NSE/Yahoo Finance,SHARDAMOTR.NS,,,03-SEP-2015,
INE037B01020,Shardul Securities Limited,SHARDUL,SHARDUL,512393,NSE+BSE,NSE/Yahoo Finance,SHARDUL.NS,,,20-APR-2026,
INE932X01026,Share India Securities Limited,SHAREINDIA,SHAREINDIA,540725,NSE+BSE,NSE/Yahoo Finance,SHAREINDIA.NS,,,21-SEP-2020,
INE916U01025,Sheela Foam Limited,SFL,SFL#,140203,NSE+BSE,NSE/Yahoo Finance,SFL.NS,,,09-DEC-2016,
INE501Y01019,Sheetal Cool Products Limited,SCPL,SCPL,540757,NSE+BSE,NSE/Yahoo Finance,SCPL.NS,,,22-NOV-2022,
INE268L01046,Shekhawati Industries Limited,SHEKHAWATI,SHEKHAWATI,533301,NSE+BSE,NSE/Yahoo Finance,SHEKHAWATI.NS,,,12-JAN-2011,
INE363M01019,Shemaroo Entertainment Limited,SHEMAROO,SHEMAROO,538685,NSE+BSE,NSE/Yahoo Finance,SHEMAROO.NS,,,01-OCT-2014,
INE024F01011,Shilchar Technologies Limited,SHILCTECH,SHILCTECH,531201,NSE+BSE,NSE/Yahoo Finance,SHILCTECH.NS,,,24-NOV-2025,
INE790G01031,Shilpa Medicare Limited,SHILPAMED,SHILPAMED,530549,NSE+BSE,NSE/Yahoo Finance,SHILPAMED.NS,,,03-DEC-2009,
INE109A01011,Shipping Corporation Of India Limited,SCI,SCI,523598,NSE+BSE,NSE/Yahoo Finance,SCI.NS,,,13-AUG-1997,
INE0PB301013,Shipping Corporation of India Land and Assets Limited,SCILAL,SCILAL,544142,NSE+BSE,NSE/Yahoo Finance,SCILAL.NS,,,19-MAR-2024,
INE719F01016,Shiv Aum Steels Limited,SHIVAUM,SHIVAUM,206521,NSE+BSE,NSE/Yahoo Finance,SHIVAUM.NS,,,14-NOV-2025,
INE644Y01017,Shiva Mills Limited,SHIVAMILLS,SHIVAMILLS,540961,NSE+BSE,NSE/Yahoo Finance,SHIVAMILLS.NS,,,26-FEB-2018,
INE705C01020,Shiva Texyarn Limited,SHIVATEX,SHIVATEX,511108,NSE+BSE,NSE/Yahoo Finance,SHIVATEX.NS,,,26-DEC-2017,
INE386D01027,Shivalik Bimetal Controls Limited,SBCL,SBCL,513097,NSE+BSE,NSE/Yahoo Finance,SBCL.NS,,,24-JUN-2021,
INE788J01021,Shivalik Rasayan Limited,SHIVALIK,SHIVALIK,539148,NSE+BSE,NSE/Yahoo Finance,SHIVALIK.NS,,,09-DEC-2021,
INE637H01024,Shivam Autotech Limited,SHIVAMAUTO,SHIVAMAUTO,532776,NSE+BSE,NSE/Yahoo Finance,SHIVAMAUTO.NS,,,21-NOV-2006,
INE498B01024,Shoppers Stop Limited,SHOPERSTOP,SHOPERSTOP,532638,NSE+BSE,NSE/Yahoo Finance,SHOPERSTOP.NS,,,23-MAY-2005,
INE715Y01031,Shradha Realty Limited,SHRADHA,SHRADHA,212256,NSE+BSE,NSE/Yahoo Finance,SHRADHA.NS,,,22-OCT-2020,
INE185C01017,Shree Ajit Pulp & Paper Limited,SAPPL,SAPPL,538795,NSE+BSE,NSE/Yahoo Finance,SAPPL.NS,,,20-APR-2026,
INE232A01011,Shree Digvijay Cement Co.Ltd,SHREDIGCEM,SHREDIGCEM,502180,NSE+BSE,NSE/Yahoo Finance,SHREDIGCEM.NS,,,28-JAN-2020,
INE712K01011,Shree Pushkar Chemicals & Fertilisers Limited,SHREEPUSHK,SHREEPUSHK,539334,NSE+BSE,NSE/Yahoo Finance,SHREEPUSHK.NS,,,10-SEP-2015,
INE19GK01015,Shree Ram Twistex Limited,SRTL,SRTL,544716,NSE+BSE,NSE/Yahoo Finance,SRTL.NS,,,02-MAR-2026,
INE879A01019,Shree Rama Multi-Tech Limited,SHREERAMA,SHREERAMA,532310,NSE+BSE,NSE/Yahoo Finance,SHREERAMA.NS,,,13-MAR-2000,
INE278B01020,Shree Rama Newsprint Limited,RAMANEWS,RAMANEWS,500356,NSE+BSE,NSE/Yahoo Finance,RAMANEWS.NS,,,20-SEP-2006,
INE087H01022,Shree Renuka Sugars Limited,RENUKA,RENUKA,532670,NSE+BSE,NSE/Yahoo Finance,RENUKA.NS,,,31-OCT-2005,
INE0S2G01011,Shree Tirupati Balajee Agro Trading Company Limited,BALAJEE,BALAJEE,544249,NSE+BSE,NSE/Yahoo Finance,BALAJEE.NS,,,12-SEP-2024,
INE00IK01029,ShreeOswal Seeds And Chemicals Limited,OSWALSEEDS,OSWALSEEDS,210546,NSE+BSE,NSE/Yahoo Finance,OSWALSEEDS.NS,,,28-FEB-2023,
INE1B6101010,Shreeji Shipping Global Limited,SHREEJISPG,SHREEJISPG,544490,NSE+BSE,NSE/Yahoo Finance,SHREEJISPG.NS,,,26-AUG-2025,
INE632X01030,Shrenik Limited,SHRENIK,SHRENIK,207416,NSE+BSE,NSE/Yahoo Finance,SHRENIK.NS,,,02-AUG-2019,
INE231C01019,Shreyans Industries Limited,SHREYANIND,SHREYANIND,516016,NSE+BSE,NSE/Yahoo Finance,SHREYANIND.NS,,,06-NOV-1996,
INE402H01015,Shri Bajrang Alliance Limited,SHBAJRG,SHBAJRG,526981,NSE+BSE,NSE/Yahoo Finance,SHBAJRG.NS,,,20-APR-2026,
INE997I01012,Shri Krishna Devcon Limited,SHRIKRISH,SHRIKRISH,531080,NSE+BSE,NSE/Yahoo Finance,SHRIKRISH.NS,,,20-APR-2026,
INE1B3L01017,Shringar House of Mangalsutra Limited,SHRINGARMS,SHRINGARMS,544512,NSE+BSE,NSE/Yahoo Finance,SHRINGARMS.NS,,,17-SEP-2025,
INE721A01047,Shriram Finance Limited,SHRIRAMFIN,SHRIRAMFIN#,111218,NSE+BSE,NSE/Yahoo Finance,SHRIRAMFIN.NS,,,11-DEC-1996,
INE217L01019,Shriram Properties Limited,SHRIRAMPPS,SHRIRAMPPS,543419,NSE+BSE,NSE/Yahoo Finance,SHRIRAMPPS.NS,,,20-DEC-2021,
INE979R01011,Shyam Century Ferrous Limited,SHYAMCENT,SHYAMCENT,539252,NSE+BSE,NSE/Yahoo Finance,SHYAMCENT.NS,,,28-JUL-2015,
INE810G01011,Shyam Metalics and Energy Limited,SHYAMMETL,SHYAMMETL#,143299,NSE+BSE,NSE/Yahoo Finance,SHYAMMETL.NS,,,24-JUN-2021,
INE635A01023,Shyam Telecom Limited,SHYAMTEL,SHYAMTEL,517411,NSE+BSE,NSE/Yahoo Finance,SHYAMTEL.NS,,,06-NOV-2006,
INE176J01011,Sicagen India Limited,SICAGEN,SICAGEN,533014,NSE+BSE,NSE/Yahoo Finance,SICAGEN.NS,,,20-APR-2026,
INE075B01020,Sical Logistics Limited,SICALLOG,SICALLOG,520086,NSE+BSE,NSE/Yahoo Finance,SICALLOG.NS,,,12-OCT-2023,
INE1NPP01017,Siemens Energy India Limited,ENRIN,ENRIN,544390,NSE+BSE,NSE/Yahoo Finance,ENRIN.NS,,,19-JUN-2025,
INE003A01024,Siemens Limited,SIEMENS,SIEMENS#,100550,NSE+BSE,NSE/Yahoo Finance,SIEMENS.NS,,,06-SEP-1995,
INE0D0K01022,Sigachi Industries Limited,SIGACHI,SIGACHI,543389,NSE+BSE,NSE/Yahoo Finance,SIGACHI.NS,,,15-NOV-2021,
INE0A0S01028,Sigma Solve Limited,SIGMA,SIGMA,543917,NSE+BSE,NSE/Yahoo Finance,SIGMA.NS,,,09-JUN-2023,
INE903U01023,Signatureglobal (India) Limited,SIGNATURE,SIGNATURE#,143990,NSE+BSE,NSE/Yahoo Finance,SIGNATURE.NS,,,27-SEP-2023,
INE529F01035,Signet Industries Limited,SIGIND,SIGIND,512131,NSE+BSE,NSE/Yahoo Finance,SIGIND.NS,,,29-AUG-2018,
INE0KGZ01021,Signpost India Limited,SIGNPOST,SIGNPOST,544117,NSE+BSE,NSE/Yahoo Finance,SIGNPOST.NS,,,14-FEB-2024,
INE438E01032,Sika Interplant Systems Limited,SIKA,SIKA,523606,NSE+BSE,NSE/Yahoo Finance,SIKA.NS,,,20-APR-2026,
INE112X01025,Sikko Industries Limited,SIKKO,SIKKO,205751,NSE+BSE,NSE/Yahoo Finance,SIKKO.NS,,,22-OCT-2021,
INE01II01013,Silgo Retail Limited,SILGO,SILGO,205873,NSE+BSE,NSE/Yahoo Finance,SILGO.NS,,,03-MAR-2021,
INE203Y01012,Silly Monks Entertainment Limited,SILLYMONKS,SILLYMONKS,205181,NSE+BSE,NSE/Yahoo Finance,SILLYMONKS.NS,,,08-JUL-2020,
INE625X01026,Silver Touch Technologies Limited,SILVERTUC,SILVERTUC,543525,NSE+BSE,NSE/Yahoo Finance,SILVERTUC.NS,,,12-MAY-2022,
INE748T01016,Simbhaoli Sugars Limited,SIMBHALS,SIMBHALS,539742,NSE+BSE,NSE/Yahoo Finance,SIMBHALS.NS,,,14-MAR-2016,
INE059B01024,Simplex Infrastructures Limited,SIMPLEXINF,SIMPLEXINF,523838,NSE+BSE,NSE/Yahoo Finance,SIMPLEXINF.NS,,,09-MAR-2004,
INE985A01022,Sinclairs Hotels Limited,SINCLAIR,SINCLAIR,523023,NSE+BSE,NSE/Yahoo Finance,SINCLAIR.NS,,,10-APR-2024,
INE325D01025,Sindhu Trade Links Limited,SINDHUTRAD,SINDHUTRAD,532029,NSE+BSE,NSE/Yahoo Finance,SINDHUTRAD.NS,,,20-JUN-2023,
INE638A01035,Singer India Limited,SINGERIND,SINGERIND,505729,NSE+BSE,NSE/Yahoo Finance,SINGERIND.NS,,,19-MAR-2026,
INE129Z01016,Sintercom India Limited,SINTERCOM,SINTERCOM,200306,NSE+BSE,NSE/Yahoo Finance,SINTERCOM.NS,,,07-OCT-2020,
INE792Z01011,Sirca Paints India Limited,SIRCA,SIRCA,543686,NSE+BSE,NSE/Yahoo Finance,SIRCA.NS,,,22-JUL-2019,
INE965H01011,Siti Networks Limited,SITINET,SITINET,532795,NSE+BSE,NSE/Yahoo Finance,SITINET.NS,,,10-JAN-2007,
INE076B01028,Siyaram Silk Mills Limited,SIYSIL,SIYSIL,503811,NSE+BSE,NSE/Yahoo Finance,SIYSIL.NS,,,29-JAN-2007,
INE439E01022,Skipper Limited,SKIPPER,SKIPPER,538562,NSE+BSE,NSE/Yahoo Finance,SKIPPER.NS,,,27-MAY-2015,
INE178C01020,Smartlink Holdings Limited,SMARTLINK,SMARTLINK,532419,NSE+BSE,NSE/Yahoo Finance,SMARTLINK.NS,,,11-APR-2001,
INE0NAZ01010,Smartworks Coworking Spaces Limited,SMARTWORKS,SMARTWORKS,544447,NSE+BSE,NSE/Yahoo Finance,SMARTWORKS.NS,,,17-JUL-2025,
INE734N01019,Snowman Logistics Limited,SNOWMAN,SNOWMAN,538635,NSE+BSE,NSE/Yahoo Finance,SNOWMAN.NS,,,12-SEP-2014,
INE671H01015,Sobha Limited,SOBHA,SOBHA#,132784,NSE+BSE,NSE/Yahoo Finance,SOBHA.NS,,,20-DEC-2006,
INE728Z01015,Softtech Engineers Limited,SOFTTECH,SOFTTECH,543470,NSE+BSE,NSE/Yahoo Finance,SOFTTECH.NS,,,25-FEB-2022,
INE343H01029,Solar Industries India Limited,SOLARINDS,SOLARINDS#,132725,NSE+BSE,NSE/Yahoo Finance,SOLARINDS.NS,,,03-APR-2006,
INE624Z01016,Solara Active Pharma Sciences Limited,SOLARA,SOLARA,541540,NSE+BSE,NSE/Yahoo Finance,SOLARA.NS,,,27-JUN-2018,
INE0TY101024,Solarworld Energy Solutions Limited,SOLARWORLD,SOLARWORLD,544532,NSE+BSE,NSE/Yahoo Finance,SOLARWORLD.NS,,,30-SEP-2025,
INE880Y01017,Solex Energy Limited,SOLEX,SOLEX,203111,NSE+BSE,NSE/Yahoo Finance,SOLEX.NS,,,08-OCT-2025,
INE480C01038,Som Distilleries & Breweries Limited,SDBL,SDBL,507514,NSE+BSE,NSE/Yahoo Finance,SDBL.NS,,,18-MAR-2014,
INE314C01013,Soma Textiles & Industries Limited,SOMATEX,SOMATEX,521034,NSE+BSE,NSE/Yahoo Finance,SOMATEX.NS,,,14-AUG-1996,
INE355A01028,Somany Ceramics Limited,SOMANYCERA,SOMANYCERA,531548,NSE+BSE,NSE/Yahoo Finance,SOMANYCERA.NS,,,22-NOV-1995,
INE323J01019,Somi Conveyor Beltings Limited,SOMICONVEY,SOMICONVEY,533001,NSE+BSE,NSE/Yahoo Finance,SOMICONVEY.NS,,,18-JUL-2016,
INE073K01018,Sona BLW Precision Forgings Limited,SONACOMS,SONACOMS#,143300,NSE+BSE,NSE/Yahoo Finance,SONACOMS.NS,,,24-JUN-2021,
INE321M01017,Sonal Mercantile Limited,SONAL,SONAL,538943,NSE+BSE,NSE/Yahoo Finance,SONAL.NS,,,20-APR-2026,
INE269A01021,Sonata Software Limited,SONATSOFTW,SONATSOFTW#,132221,NSE+BSE,NSE/Yahoo Finance,SONATSOFTW.NS,,,28-JUL-1999,
INE980Y01015,South West Pinnacle Exploration Limited,SOUTHWEST,SOUTHWEST,543986,NSE+BSE,NSE/Yahoo Finance,SOUTHWEST.NS,,,18-APR-2019,
INE147A01011,Southern Petrochemicals Industries Corporation  Limited,SPIC,SPIC,590030,NSE+BSE,NSE/Yahoo Finance,SPIC.NS,,,10-JAN-1996,
INE970N01027,Spacenet Enterprises India Limited,SPCENET,SPCENET,203377,NSE+BSE,NSE/Yahoo Finance,SPCENET.NS,,,10-JAN-2017,
INE572J01011,Spandana Sphoorty Financial Limited,SPANDANA,SPANDANA,542759,NSE+BSE,NSE/Yahoo Finance,SPANDANA.NS,,,19-AUG-2019,
INE247M01014,Speciality Restaurants Limited,SPECIALITY,SPECIALITY,534425,NSE+BSE,NSE/Yahoo Finance,SPECIALITY.NS,,,30-MAY-2012,
INE01EO01010,Spectrum Electrical Industries Limited,SPECTRUM,SPECTRUM,544386,NSE+BSE,NSE/Yahoo Finance,SPECTRUM.NS,,,28-MAR-2025,
INE020801028,Spencer's Retail Limited,SPENCERS,SPENCERS,542337,NSE+BSE,NSE/Yahoo Finance,SPENCERS.NS,,,25-JAN-2019,
INE885H01029,Sportking India Limited,SPORTKING,SPORTKING,539221,NSE+BSE,NSE/Yahoo Finance,SPORTKING.NS,,,24-AUG-2022,
INE917H01012,Sree Rayalaseema Hi-Strength Hypo Limited,SRHHYPOLTD,SRHHYPOLTD,532842,NSE+BSE,NSE/Yahoo Finance,SRHHYPOLTD.NS,,,08-MAY-2007,
INE099F01013,Sreeleathers Limited,SREEL,SREEL,535601,NSE+BSE,NSE/Yahoo Finance,SREEL.NS,,,01-JAN-2014,
INE293B01029,Sri Havisha Hospitality and Infrastructure Limited,HAVISHA,HAVISHA,531322,NSE+BSE,NSE/Yahoo Finance,HAVISHA.NS,,,16-FEB-2000,
INE0V9Q01010,Sri Lotus Developers and Realty Limited,LOTUSDEV,LOTUSDEV,544469,NSE+BSE,NSE/Yahoo Finance,LOTUSDEV.NS,,,06-AUG-2025,
INE0RYC01010,Stallion India Fluorochemicals Limited,STALLION,STALLION,544342,NSE+BSE,NSE/Yahoo Finance,STALLION.NS,,,23-JAN-2025,
INE0M4D01010,Standard Engineering Technology Limited,SETL,SETL,544333,NSE+BSE,NSE/Yahoo Finance,SETL.NS,,,13-JAN-2025,
INE173A01025,Standard Industries Limited,SIL,SIL,530017,NSE+BSE,NSE/Yahoo Finance,SIL.NS,,,27-JAN-2004,
INE01A001028,Stanley Lifestyles Limited,STANLEY,STANLEY,544202,NSE+BSE,NSE/Yahoo Finance,STANLEY.NS,,,28-JUN-2024,
INE460H01021,Star Cement Limited,STARCEMENT,STARCEMENT,540575,NSE+BSE,NSE/Yahoo Finance,STARCEMENT.NS,,,16-JUN-2017,
INE575P01011,Star Health and Allied Insurance Company Limited,STARHEALTH,STARHEALTH#,143412,NSE+BSE,NSE/Yahoo Finance,STARHEALTH.NS,,,10-DEC-2021,
INE733A01018,Star Paper Mills Limited,STARPAPER,STARPAPER,516022,NSE+BSE,NSE/Yahoo Finance,STARPAPER.NS,,,13-SEP-1995,
INE992I01013,Starteck Finance Limited,STARTECK,STARTECK,512381,NSE+BSE,NSE/Yahoo Finance,STARTECK.NS,,,04-MAY-2022,
INE062A01020,State Bank of India,SBIN,SBIN#,100112,NSE+BSE,NSE/Yahoo Finance,SBIN.NS,,,01-MAR-1995,
INE114A01011,Steel Authority of India Limited,SAIL,SAIL#,100113,NSE+BSE,NSE/Yahoo Finance,SAIL.NS,,,06-JUL-1995,
INE395H01011,Steel City Securities Limited,STEELCITY,STEELCITY,204419,NSE+BSE,NSE/Yahoo Finance,STEELCITY.NS,,,27-JUN-2019,
INE802C01033,Steel Strips Wheels Limited,SSWL,SSWL,513262,NSE+BSE,NSE/Yahoo Finance,SSWL.NS,,,06-JUN-2005,
INE124E01038,Steelcast Limited,STEELCAS,STEELCAS,513517,NSE+BSE,NSE/Yahoo Finance,STEELCAS.NS,,,23-NOV-2021,
INE577L01016,Stel Holdings Limited,STEL,STEL,533316,NSE+BSE,NSE/Yahoo Finance,STEL.NS,,,09-FEB-2011,
INE334A01023,Sterling Tools Limited,STERTOOLS,STERTOOLS,530759,NSE+BSE,NSE/Yahoo Finance,STERTOOLS.NS,,,02-FEB-2006,
INE00M201021,Sterling and Wilson Renewable Energy Limited,SWSOLAR,SWSOLAR#,142760,NSE+BSE,NSE/Yahoo Finance,SWSOLAR.NS,,,20-AUG-2019,
INE089C01029,Sterlite Technologies Limited,STLTECH,STLTECH,532374,NSE+BSE,NSE/Yahoo Finance,STLTECH.NS,,,08-DEC-2000,
INE00IN01015,Stove Kraft Limited,STOVEKRAFT,STOVEKRAFT,543260,NSE+BSE,NSE/Yahoo Finance,STOVEKRAFT.NS,,,05-FEB-2021,
INE939A01011,Strides Pharma Science Limited,STAR,STAR,532531,NSE+BSE,NSE/Yahoo Finance,STAR.NS,,,02-FEB-2000,
INE00Q601028,Studds Accessories Limited,STUDDS,STUDDS,544599,NSE+BSE,NSE/Yahoo Finance,STUDDS.NS,,,07-NOV-2025,
INE239C01020,Stylam Industries Limited,STYLAMIND,STYLAMIND,526951,NSE+BSE,NSE/Yahoo Finance,STYLAMIND.NS,,,02-AUG-2021,
INE189B01011,Styrenix Performance Materials Limited,STYRENIX,STYRENIX,506222,NSE+BSE,NSE/Yahoo Finance,STYRENIX.NS,,,29-MAR-1995,
INE754A01055,Subex Limited,SUBEXLTD,SUBEXLTD,532348,NSE+BSE,NSE/Yahoo Finance,SUBEXLTD.NS,,,05-NOV-2020,
INE287B01021,Subros Limited,SUBROS,SUBROS,517168,NSE+BSE,NSE/Yahoo Finance,SUBROS.NS,,,13-JUL-2005,
INE659A01023,Sudarshan Chemical Industries Limited,SUDARSCHEM,SUDARSCHEM,506655,NSE+BSE,NSE/Yahoo Finance,SUDARSCHEM.NS,,,25-MAY-1995,
INE492A01029,Sudarshan Colorants India Limited,SUDARCOLOR,SUDARCOLOR,506390,NSE+BSE,NSE/Yahoo Finance,SUDARCOLOR.NS,,,14-JUN-1995,
INE0QPI01025,Sudeep Pharma Limited,SUDEEPPHRM,SUDEEPPHRM,544619,NSE+BSE,NSE/Yahoo Finance,SUDEEPPHRM.NS,,,28-NOV-2025,
INE450E01029,Sukhjit Starch & Chemicals Limited,SUKHJITS,SUKHJITS,524542,NSE+BSE,NSE/Yahoo Finance,SUKHJITS.NS,,,07-NOV-2022,
INE142Q01026,Sula Vineyards Limited,SULA,SULA,543711,NSE+BSE,NSE/Yahoo Finance,SULA.NS,,,22-DEC-2022,
INE235C01036,Sumeet Industries Limited,SUMEETINDS,SUMEETINDS,514211,NSE+BSE,NSE/Yahoo Finance,SUMEETINDS.NS,,,10-DEC-2010,
INE748Z01013,Sumit Woods Limited,SUMIT,SUMIT,202533,NSE+BSE,NSE/Yahoo Finance,SUMIT.NS,,,30-JUL-2019,
INE258G01013,Sumitomo Chemical India Limited,SUMICHEM,SUMICHEM#,142920,NSE+BSE,NSE/Yahoo Finance,SUMICHEM.NS,,,27-JAN-2020,
INE519C01017,Summit Securities Limited,SUMMITSEC,SUMMITSEC,533306,NSE+BSE,NSE/Yahoo Finance,SUMMITSEC.NS,,,28-JAN-2011,
INE232I01014,Sun Pharma Advanced Research Company Limited,SPARC,SPARC,532872,NSE+BSE,NSE/Yahoo Finance,SPARC.NS,,,18-JUL-2007,
INE044A01036,Sun Pharmaceutical Industries Limited,SUNPHARMA,SUNPHARMA#,124715,NSE+BSE,NSE/Yahoo Finance,SUNPHARMA.NS,,,08-FEB-1995,
INE424H01027,Sun TV Network Limited,SUNTV,SUNTV#,132733,NSE+BSE,NSE/Yahoo Finance,SUNTV.NS,,,24-APR-2006,
INE073D01013,Sundaram Brake Linings Limited,SUNDRMBRAK,SUNDRMBRAK,590072,NSE+BSE,NSE/Yahoo Finance,SUNDRMBRAK.NS,,,17-JUL-1996,
INE0Q3R01026,Sundaram Clayton Limited,SUNCLAY,SUNCLAY,544066,NSE+BSE,NSE/Yahoo Finance,SUNCLAY.NS,,,29-DEC-2023,
INE660A01013,Sundaram Finance Limited,SUNDARMFIN,SUNDARMFIN,590071,NSE+BSE,NSE/Yahoo Finance,SUNDARMFIN.NS,,,07-JAN-1998,
INE108E01023,Sundaram Multi Pap Limited,SUNDARAM,SUNDARAM,533166,NSE+BSE,NSE/Yahoo Finance,SUNDARAM.NS,,,02-JUN-2010,
INE387A01021,Sundram Fasteners Limited,SUNDRMFAST,SUNDRMFAST#,100403,NSE+BSE,NSE/Yahoo Finance,SUNDRMFAST.NS,,,07-JUN-2000,
INE209A01019,Sundrop Brands Limited,SUNDROP,SUNDROP,500215,NSE+BSE,NSE/Yahoo Finance,SUNDROP.NS,,,06-DEC-2002,
INE947A01014,Sunflag Iron And Steel Company Limited,SUNFLAG,SUNFLAG,500404,NSE+BSE,NSE/Yahoo Finance,SUNFLAG.NS,,,29-SEP-2005,
INE805D01034,Sunteck Realty Limited,SUNTECK,SUNTECK,512179,NSE+BSE,NSE/Yahoo Finance,SUNTECK.NS,,,13-NOV-2009,
INE662A01027,Super Spinning Mills Limited,SUPERSPIN,SUPERSPIN,521180,NSE+BSE,NSE/Yahoo Finance,SUPERSPIN.NS,,,08-JUL-2004,
INE712B01010,Superhouse Limited,SUPERHOUSE,SUPERHOUSE,523283,NSE+BSE,NSE/Yahoo Finance,SUPERHOUSE.NS,,,26-SEP-2014,
INE399C01030,Suprajit Engineering Limited,SUPRAJIT,SUPRAJIT,532509,NSE+BSE,NSE/Yahoo Finance,SUPRAJIT.NS,,,18-FEB-2005,
INE822E01011,Supreme Holdings & Hospitality (India) Limited,SUPREME,SUPREME,530677,NSE+BSE,NSE/Yahoo Finance,SUPREME.NS,,,03-FEB-2025,
INE195A01028,Supreme Industries Limited,SUPREMEIND,SUPREMEIND#,109930,NSE+BSE,NSE/Yahoo Finance,SUPREMEIND.NS,,,19-JUL-1995,
INE550H01011,Supreme Infrastructure India Limited,SUPREMEINF,SUPREMEINF,532904,NSE+BSE,NSE/Yahoo Finance,SUPREMEINF.NS,,,18-OCT-2007,
INE663A01033,Supreme Petrochem Limited,SPLPETRO,SPLPETRO#,100405,NSE+BSE,NSE/Yahoo Finance,SPLPETRO.NS,,,24-MAY-2022,
INE07RO01027,Supriya Lifescience Limited,SUPRIYA,SUPRIYA,543434,NSE+BSE,NSE/Yahoo Finance,SUPRIYA.NS,,,28-DEC-2021,
INE843S01025,Suraj Estate Developers Limited,SURAJEST,SURAJEST,544054,NSE+BSE,NSE/Yahoo Finance,SURAJEST.NS,,,26-DEC-2023,
INE713C01016,Suraj Limited,SURAJLTD,SURAJLTD,531638,NSE+BSE,NSE/Yahoo Finance,SURAJLTD.NS,,,29-AUG-2024,
INE877V01027,Suraksha Diagnostic Limited,SURAKSHA,SURAKSHA,544293,NSE+BSE,NSE/Yahoo Finance,SURAKSHA.NS,,,06-DEC-2024,
INE272L01022,Surana Solar Limited,SURANASOL,SURANASOL,533298,NSE+BSE,NSE/Yahoo Finance,SURANASOL.NS,,,07-JAN-2011,
INE130B01031,Surana Telecom and Power Limited,SURANAT&P,SURANAT&P,517530,NSE+BSE,NSE/Yahoo Finance,SURANAT&P.NS,,,22-MAY-2002,
INE05ST01028,Suratwwala Business Group Limited,SBGLP,SBGLP,543218,NSE+BSE,NSE/Yahoo Finance,SBGLP.NS,,,10-FEB-2023,
INE335A01020,Surya Roshni Limited,SURYAROSNI,SURYAROSNI,500336,NSE+BSE,NSE/Yahoo Finance,SURYAROSNI.NS,,,10-MAY-1995,
INE713B01026,Suryalakshmi Cotton Mills Limited,SURYALAXMI,SURYALAXMI,521200,NSE+BSE,NSE/Yahoo Finance,SURYALAXMI.NS,,,15-JUN-2005,
INE132C01027,Suryalata Spinning Mills Limited,SURYALA,SURYALA,514138,NSE+BSE,NSE/Yahoo Finance,SURYALA.NS,,,20-APR-2026,
INE428Q01011,Suryoday Small Finance Bank Limited,SURYODAY,SURYODAY,543279,NSE+BSE,NSE/Yahoo Finance,SURYODAY.NS,,,26-MAR-2021,
INE645H01027,Sutlej Textiles and Industries Limited,SUTLEJTEX,SUTLEJTEX,532782,NSE+BSE,NSE/Yahoo Finance,SUTLEJTEX.NS,,,14-DEC-2006,
INE495B01038,Suven Life Sciences Limited,SUVEN,SUVEN,530239,NSE+BSE,NSE/Yahoo Finance,SUVEN.NS,,,23-OCT-2003,
INE018401013,Suvidhaa Infoserve Limited,SUVIDHAA,SUVIDHAA,543281,NSE+BSE,NSE/Yahoo Finance,SUVIDHAA.NS,,,31-MAR-2021,
INE442P01014,Suyog Telematics Limited,SUYOG,SUYOG,537259,NSE+BSE,NSE/Yahoo Finance,SUYOG.NS,,,20-AUG-2024,
INE040H01021,Suzlon Energy Limited,SUZLON,SUZLON#,132667,NSE+BSE,NSE/Yahoo Finance,SUZLON.NS,,,19-OCT-2005,
INE542F01020,Swan Defence and Heavy Industries Limited,SWANDEF,SWANDEF,533107,NSE+BSE,NSE/Yahoo Finance,SWANDEF.NS,,,20-JAN-2025,
INE277A01016,Swaraj Engines Limited,SWARAJENG,SWARAJENG,500407,NSE+BSE,NSE/Yahoo Finance,SWARAJENG.NS,,,06-DEC-1995,
INE409B01013,Swelect Energy Systems Limited,SWELECTES,SWELECTES,532051,NSE+BSE,NSE/Yahoo Finance,SWELECTES.NS,,,09-MAY-2006,
INE00H001014,Swiggy Limited,SWIGGY,SWIGGY#,144285,NSE+BSE,NSE/Yahoo Finance,SWIGGY.NS,,,13-NOV-2024,
INE225D01027,Symphony Limited,SYMPHONY,SYMPHONY,517385,NSE+BSE,NSE/Yahoo Finance,SYMPHONY.NS,,,15-JUN-2011,
INE312C01025,Syncom Formulations (India) Limited,SYNCOMF,SYNCOMF,524470,NSE+BSE,NSE/Yahoo Finance,SYNCOMF.NS,,,18-NOV-2022,
INE00QT01015,Synergy Green Industries Limited,SGIL,SGIL,541929,NSE+BSE,NSE/Yahoo Finance,SGIL.NS,,,28-JUL-2021,
INE398R01022,Syngene International Limited,SYNGENE,SYNGENE#,139268,NSE+BSE,NSE/Yahoo Finance,SYNGENE.NS,,,11-AUG-2015,
INE0DYJ01015,Syrma SGS Technology Limited,SYRMA,SYRMA#,143573,NSE+BSE,NSE/Yahoo Finance,SYRMA.NS,,,26-AUG-2022,
INE356B01024,Systematix Corporate Services Limited,SYSTMTXC,SYSTMTXC,526506,NSE+BSE,NSE/Yahoo Finance,SYSTMTXC.NS,,,06-OCT-2025,
INE592B01024,T T Limited,TTL,TTL,514142,NSE+BSE,NSE/Yahoo Finance,TTL.NS,,,22-FEB-2007,
INE0EK901012,TARC Limited,TARC,TARC,543249,NSE+BSE,NSE/Yahoo Finance,TARC.NS,,,18-DEC-2020,
INE192A01025,TATA CONSUMER PRODUCTS LIMITED,TATACONSUM,TATACONSUM#,100800,NSE+BSE,NSE/Yahoo Finance,TATACONSUM.NS,,,18-NOV-1998,
INE673O01025,TBO Tek Limited,TBOTEK,TBOTEK#,144174,NSE+BSE,NSE/Yahoo Finance,TBOTEK.NS,,,15-MAY-2024,
INE887D01016,TCC Concept Limited,TCC,TCC,512038,NSE+BSE,NSE/Yahoo Finance,TCC.NS,,,25-FEB-2026,
INE586V01016,TCI Express Limited,TCIEXP,TCIEXP,540212,NSE+BSE,NSE/Yahoo Finance,TCIEXP.NS,,,15-DEC-2016,
INE911B01018,TCI Finance Limited,TCIFINANCE,TCIFINANCE,501242,NSE+BSE,NSE/Yahoo Finance,TCIFINANCE.NS,,,21-MAY-1997,
INE822C01015,TCPL Packaging Limited,TCPLPACK,TCPLPACK,523301,NSE+BSE,NSE/Yahoo Finance,TCPLPACK.NS,,,17-OCT-2017,
INE419M01027,TD Power Systems Limited,TDPOWERSYS,TDPOWERSYS,533553,NSE+BSE,NSE/Yahoo Finance,TDPOWERSYS.NS,,,08-SEP-2011,
INE014B01011,TECIL Chemicals and Hydro Power Limited,TECILCHEM,TECILCHEM,506680,NSE+BSE,NSE/Yahoo Finance,TECILCHEM.NS,,,06-DEC-1995,
INE797H01018,TGB Banquets And Hotels Limited,TGBHOTELS,TGBHOTELS,532845,NSE+BSE,NSE/Yahoo Finance,TGBHOTELS.NS,,,17-MAY-2007,
INE806C01018,TIL Limited,TIL,TIL,505196,NSE+BSE,NSE/Yahoo Finance,TIL.NS,,,27-SEP-1995,
INE615H01020,TITAGARH RAIL SYSTEMS LIMITED,TITAGARH,TITAGARH#,132966,NSE+BSE,NSE/Yahoo Finance,TITAGARH.NS,,,21-APR-2008,
INE413G01022,TPL Plastech Limited,TPLPLASTEH,TPLPLASTEH,526582,NSE+BSE,NSE/Yahoo Finance,TPLPLASTEH.NS,,,20-MAY-2015,
INE757B01015,TRANSWORLD SHIPPING LINES LIMITED,TRANSWORLD,TRANSWORLD,520151,NSE+BSE,NSE/Yahoo Finance,TRANSWORLD.NS,,,01-MAR-1995,
INE00CA01015,TREJHARA SOLUTIONS LIMITED,TREJHARA,TREJHARA,542233,NSE+BSE,NSE/Yahoo Finance,TREJHARA.NS,,,28-DEC-2018,
INE391D01019,TRF Limited,TRF,TRF,505854,NSE+BSE,NSE/Yahoo Finance,TRF.NS,,,26-MAR-2010,
INE202Z01029,TSF INVESTMENTS LIMITED,TSFINV,TSFINV,200995,NSE+BSE,NSE/Yahoo Finance,TSFINV.NS,,,26-MAR-2018,
INE910C01018,TTK Healthcare Limited,TTKHLTCARE,TTKHLTCARE,507747,NSE+BSE,NSE/Yahoo Finance,TTKHLTCARE.NS,,,02-DEC-2015,
INE690A01028,TTK Prestige Limited,TTKPRESTIG,TTKPRESTIG#,117506,NSE+BSE,NSE/Yahoo Finance,TTKPRESTIG.NS,,,22-DEC-1999,
INE038F01029,TV Today Network Limited,TVTODAY,TVTODAY,532515,NSE+BSE,NSE/Yahoo Finance,TVTODAY.NS,,,16-JAN-2004,
INE871L01013,TV Vision Limited,TVVISION,TVVISION,540083,NSE+BSE,NSE/Yahoo Finance,TVVISION.NS,,,15-SEP-2016,
INE236G01019,TVS Electronics Limited,TVSELECT,TVSELECT,532513,NSE+BSE,NSE/Yahoo Finance,TVSELECT.NS,,,26-DEC-2003,
INE105A01035,TVS Holdings Limited,TVSHLTD,TVSHLTD#,120056,NSE+BSE,NSE/Yahoo Finance,TVSHLTD.NS,,,23-OCT-2012,
INE494B01023,TVS Motor Company Limited,TVSMOTOR,TVSMOTOR#,132343,NSE+BSE,NSE/Yahoo Finance,TVSMOTOR.NS,,,02-AUG-2000,
INE421C01016,TVS Srichakra Limited,TVSSRICHAK,TVSSRICHAK,509243,NSE+BSE,NSE/Yahoo Finance,TVSSRICHAK.NS,,,13-FEB-2007,
INE395N01027,TVS Supply Chain Solutions Limited,TVSSCS,TVSSCS,543965,NSE+BSE,NSE/Yahoo Finance,TVSSCS.NS,,,23-AUG-2023,
INE524T01011,Taal Tech Limited,TAALTECH,TAALTECH,539956,NSE+BSE,NSE/Yahoo Finance,TAALTECH.NS,,,20-APR-2026,
INE123C01018,Tainwala Chemical and Plastic (I) Limited,TAINWALCHM,TAINWALCHM,507785,NSE+BSE,NSE/Yahoo Finance,TAINWALCHM.NS,,,27-JUL-1995,
INE586B01026,Taj GVK Hotels & Resorts Limited,TAJGVK,TAJGVK,532390,NSE+BSE,NSE/Yahoo Finance,TAJGVK.NS,,,20-DEC-2000,
INE142I01023,Take Solutions Limited,TAKE,TAKE,532890,NSE+BSE,NSE/Yahoo Finance,TAKE.NS,,,27-AUG-2007,
INE187D01029,Talbros Automotive Components Limited,TALBROAUTO,TALBROAUTO,505160,NSE+BSE,NSE/Yahoo Finance,TALBROAUTO.NS,,,29-SEP-2006,
INE864J01012,Tamboli Industries Limited,TAMBOLIIN,TAMBOLIIN,533170,NSE+BSE,NSE/Yahoo Finance,TAMBOLIIN.NS,,,20-APR-2026,
INE107A01015,Tamil Nadu Newsprint & Papers Limited,TNPL,TNPL,531426,NSE+BSE,NSE/Yahoo Finance,TNPL.NS,,,14-FEB-1996,
INE668A01016,Tamilnad Mercantile Bank Limited,TMB,TMB,543596,NSE+BSE,NSE/Yahoo Finance,TMB.NS,,,15-SEP-2022,
INE148A01019,Tamilnadu PetroProducts Limited,TNPETRO,TNPETRO,500777,NSE+BSE,NSE/Yahoo Finance,TNPETRO.NS,,,27-OCT-1999,
INE141D01018,Tamilnadu Telecommunication Limited,TNTELE,TNTELE,523419,NSE+BSE,NSE/Yahoo Finance,TNTELE.NS,,,04-FEB-2003,
INE483C01032,Tanla Platforms Limited,TANLA,TANLA,532790,NSE+BSE,NSE/Yahoo Finance,TANLA.NS,,,05-JAN-2007,
INE555Z01020,Tara Chand InfraLogistic Solutions Limited,TARACHAND,TARACHAND,212236,NSE+BSE,NSE/Yahoo Finance,TARACHAND.NS,,,16-APR-2024,
INE747K01017,Tarapur Transformers Limited,TARAPUR,TARAPUR,533203,NSE+BSE,NSE/Yahoo Finance,TARAPUR.NS,,,18-MAY-2010,
INE924H01018,Tarmat Limited,TARMAT,TARMAT,532869,NSE+BSE,NSE/Yahoo Finance,TARMAT.NS,,,09-JUL-2007,
INE144Z01023,Tarsons Products Limited,TARSONS,TARSONS,543399,NSE+BSE,NSE/Yahoo Finance,TARSONS.NS,,,26-NOV-2021,
INE488B01017,Tasty Bite Eatables Limited,TASTYBITE,TASTYBITE,519091,NSE+BSE,NSE/Yahoo Finance,TASTYBITE.NS,,,23-MAR-2017,
INE976I01016,Tata Capital Limited,TATACAP,TATACAP,544574,NSE+BSE,NSE/Yahoo Finance,TATACAP.NS,,,13-OCT-2025,
INE092A01019,Tata Chemicals Limited,TATACHEM,TATACHEM#,100770,NSE+BSE,NSE/Yahoo Finance,TATACHEM.NS,,,01-APR-1999,
INE151A01013,Tata Communications Limited,TATACOMM,TATACOMM#,100483,NSE+BSE,NSE/Yahoo Finance,TATACOMM.NS,,,12-APR-1995,
INE467B01029,Tata Consultancy Services Limited,TCS,TCS#,132540,NSE+BSE,NSE/Yahoo Finance,TCS.NS,,,25-AUG-2004,
INE670A01012,Tata Elxsi Limited,TATAELXSI,TATAELXSI#,100408,NSE+BSE,NSE/Yahoo Finance,TATAELXSI.NS,,,17-SEP-2003,
INE672A01026,Tata Investment Corporation Limited,TATAINVEST,TATAINVEST#,101301,NSE+BSE,NSE/Yahoo Finance,TATAINVEST.NS,,,24-JUN-1998,
INE1TAE01010,Tata Motors Limited,TMCV,TMCV,544569,NSE+BSE,NSE/Yahoo Finance,TMCV.NS,,,12-NOV-2025,
INE155A01022,Tata Motors Passenger Vehicles Limited,TMPV,TMPV#,100570,NSE+BSE,NSE/Yahoo Finance,TMPV.NS,,,22-JUL-1998,
INE245A01021,Tata Power Company Limited,TATAPOWER,TATAPOWER#,100400,NSE+BSE,NSE/Yahoo Finance,TATAPOWER.NS,,,03-APR-1996,
INE081A01020,Tata Steel Limited,TATASTEEL,TATASTEEL#,100470,NSE+BSE,NSE/Yahoo Finance,TATASTEEL.NS,,,18-NOV-1998,
INE142M01025,Tata Technologies Limited,TATATECH,TATATECH#,144028,NSE+BSE,NSE/Yahoo Finance,TATATECH.NS,,,30-NOV-2023,
INE517B01013,Tata Teleservices (Maharashtra) Limited,TTML,TTML#,132371,NSE+BSE,NSE/Yahoo Finance,TTML.NS,,,20-OCT-2000,
INE0GK401011,Tatva Chintan Pharma Chem Limited,TATVA,TATVA,543321,NSE+BSE,NSE/Yahoo Finance,TATVA.NS,,,29-JUL-2021,
INE289C01025,Team India Guaranty Limited,TEAMGTY,TEAMGTY,511559,NSE+BSE,NSE/Yahoo Finance,TEAMGTY.NS,,,11-JUN-2002,
INE985S01024,Teamlease Services Limited,TEAMLEASE,TEAMLEASE,539658,NSE+BSE,NSE/Yahoo Finance,TEAMLEASE.NS,,,12-FEB-2016,
INE065J01024,Teamo Productions HQ Limited,TPHQ,TPHQ,533048,NSE+BSE,NSE/Yahoo Finance,TPHQ.NS,,,30-JAN-2009,
INE669C01036,Tech Mahindra Limited,TECHM,TECHM#,132755,NSE+BSE,NSE/Yahoo Finance,TECHM.NS,,,28-AUG-2006,
INE314H01012,TechNVision Ventures Limited,TECHNVISN,TECHNVISN,501421,NSE+BSE,NSE/Yahoo Finance,TECHNVISN.NS,,,20-APR-2026,
INE285K01026,Techno Electric & Engineering Company Limited,TECHNOE,TECHNOE#,142141,NSE+BSE,NSE/Yahoo Finance,TECHNOE.NS,,,04-DEC-2018,
INE545H01011,Technocraft Industries (India) Limited,TIIL,TIIL,532804,NSE+BSE,NSE/Yahoo Finance,TIIL.NS,,,12-FEB-2007,
INE011K01018,Tega Industries Limited,TEGA,TEGA#,143413,NSE+BSE,NSE/Yahoo Finance,TEGA.NS,,,13-DEC-2021,
INE010J01012,Tejas Networks Limited,TEJASNET,TEJASNET#,140595,NSE+BSE,NSE/Yahoo Finance,TEJASNET.NS,,,27-JUN-2017,
INE869Y01028,Tembo Global Industries Limited,TEMBO,TEMBO,200761,NSE+BSE,NSE/Yahoo Finance,TEMBO.NS,,,23-APR-2021,
INE19RI01016,Tenneco Clean Air India Limited,TENNIND,TENNIND,544612,NSE+BSE,NSE/Yahoo Finance,TENNIND.NS,,,19-NOV-2025,
INE482B01010,Tera Software Limited,TERASOFT,TERASOFT,533982,NSE+BSE,NSE/Yahoo Finance,TERASOFT.NS,,,29-DEC-2016,
INE435C01024,Texmaco Infrastructure & Holdings Limited,TEXINFRA,TEXINFRA,505400,NSE+BSE,NSE/Yahoo Finance,TEXINFRA.NS,,,09-SEP-2004,
INE621L01012,Texmaco Rail & Engineering Limited,TEXRAIL,TEXRAIL,533326,NSE+BSE,NSE/Yahoo Finance,TEXRAIL.NS,,,03-MAR-2011,
INE141K01013,Texmo Pipes and Products Limited,TEXMOPIPES,TEXMOPIPES,533164,NSE+BSE,NSE/Yahoo Finance,TEXMOPIPES.NS,,,10-MAR-2010,
INE077P01034,Thacker & Company Limited,THACKER,THACKER,509945,NSE+BSE,NSE/Yahoo Finance,THACKER.NS,,,20-APR-2026,
INE403F01017,Thakkers Developers Limited,THAKDEV,THAKDEV,526654,NSE+BSE,NSE/Yahoo Finance,THAKDEV.NS,,,20-APR-2026,
INE085J01014,Thangamayil Jewellery Limited,THANGAMAYL,THANGAMAYL,533158,NSE+BSE,NSE/Yahoo Finance,THANGAMAYL.NS,,,19-FEB-2010,
INE715B01021,The Andhra Sugars Limited,ANDHRSUGAR,ANDHRSUGAR,590062,NSE+BSE,NSE/Yahoo Finance,ANDHRSUGAR.NS,,,01-NOV-1995,
INE294Z01018,The Anup Engineering Limited,ANUP,ANUP,542460,NSE+BSE,NSE/Yahoo Finance,ANUP.NS,,,01-MAR-2019,
INE050A01025,The Bombay Burmah Trading Corporation Limited,BBTC,BBTC#,101425,NSE+BSE,NSE/Yahoo Finance,BBTC.NS,,,03-APR-1996,
INE319B01014,The Byke Hospitality Ltd,BYKE,BYKE,531373,NSE+BSE,NSE/Yahoo Finance,BYKE.NS,,,15-APR-2015,
INE171A01029,The Federal Bank  Limited,FEDERALBNK,FEDERALBNK#,100469,NSE+BSE,NSE/Yahoo Finance,FEDERALBNK.NS,,,08-FEB-1995,
INE017A01032,The Great Eastern Shipping Company Limited,GESHIP,GESHIP#,100620,NSE+BSE,NSE/Yahoo Finance,GESHIP.NS,,,27-NOV-2006,
INE646C01018,The Grob Tea Company Limited,GROBTEA,GROBTEA,204347,NSE+BSE,NSE/Yahoo Finance,GROBTEA.NS,,,14-JUL-2016,
INE127B01011,The Hi-Tech Gears Limited,HITECHGEAR,HITECHGEAR,522073,NSE+BSE,NSE/Yahoo Finance,HITECHGEAR.NS,,,21-JAN-2002,
INE383A01012,The India Cements Limited,INDIACEM,INDIACEM#,130005,NSE+BSE,NSE/Yahoo Finance,INDIACEM.NS,,,31-MAY-2000,
INE053A01029,The Indian Hotels Company Limited,INDHOTEL,INDHOTEL#,100850,NSE+BSE,NSE/Yahoo Finance,INDHOTEL.NS,,,03-JUL-1996,
INE586E01020,The Indian Wood Products Company Limited,IWP,IWP,540954,NSE+BSE,NSE/Yahoo Finance,IWP.NS,,,20-APR-2026,
INE924D01017,The Investment Trust Of India Limited,THEINVEST,THEINVEST,530023,NSE+BSE,NSE/Yahoo Finance,THEINVEST.NS,,,02-AUG-2017,
INE168A01041,The Jammu & Kashmir Bank Limited,J&KBANK,J&KBANK#,132209,NSE+BSE,NSE/Yahoo Finance,J&KBANK.NS,,,22-JUL-1998,
INE614B01018,The Karnataka Bank Limited,KTKBANK,KTKBANK,532652,NSE+BSE,NSE/Yahoo Finance,KTKBANK.NS,,,10-MAY-2000,
INE861B01023,The Motor & General Finance Limited,MOTOGENFIN,MOTOGENFIN,501343,NSE+BSE,NSE/Yahoo Finance,MOTOGENFIN.NS,,,08-FEB-1995,
INE470Y01017,The New India Assurance Company Limited,NIACL,NIACL#,140769,NSE+BSE,NSE/Yahoo Finance,NIACL.NS,,,13-NOV-2017,
INE725E01024,The Orissa Minerals Development Company Limited,ORISSAMINE,ORISSAMINE,590086,NSE+BSE,NSE/Yahoo Finance,ORISSAMINE.NS,,,29-SEP-2010,
INE431F01018,The Peria Karamalai Tea & Produce Company Limited,PKTEA,PKTEA,204759,NSE+BSE,NSE/Yahoo Finance,PKTEA.NS,,,19-AUG-2015,
INE211B01039,The Phoenix Mills Limited,PHOENIXLTD,PHOENIXLTD#,103100,NSE+BSE,NSE/Yahoo Finance,PHOENIXLTD.NS,,,23-APR-2007,
INE331A01037,The Ramco Cements Limited,RAMCOCEM,RAMCOCEM#,100260,NSE+BSE,NSE/Yahoo Finance,RAMCOCEM.NS,,,09-APR-1997,
INE301D01026,The Ruby Mills Limited,RUBYMILLS,RUBYMILLS,503169,NSE+BSE,NSE/Yahoo Finance,RUBYMILLS.NS,,,29-MAR-1995,
INE583B01015,The Sandesh Limited,SANDESH,SANDESH,526725,NSE+BSE,NSE/Yahoo Finance,SANDESH.NS,,,26-NOV-2002,
INE683A01023,The South Indian Bank Limited,SOUTHBANK,SOUTHBANK,532218,NSE+BSE,NSE/Yahoo Finance,SOUTHBANK.NS,,,08-DEC-1998,
INE655A01013,The State Trading Corporation of India Limited,STCINDIA,STCINDIA,512531,NSE+BSE,NSE/Yahoo Finance,STCINDIA.NS,,,01-APR-2003,
INE071E01023,The Ugar Sugar Works Limited,UGARSUGAR,UGARSUGAR,530363,NSE+BSE,NSE/Yahoo Finance,UGARSUGAR.NS,,,23-AUG-2010,
INE458F01011,The United Nilgiri Tea Estates Company Limited,UNITEDTEA,UNITEDTEA,202383,NSE+BSE,NSE/Yahoo Finance,UNITEDTEA.NS,,,28-JAN-2015,
INE215F01023,The Western India Plywoods Limited,WIPL,WIPL,205116,NSE+BSE,NSE/Yahoo Finance,WIPL.NS,,,17-APR-2017,
INE121N01019,Thejo Engineering Limited,THEJO,THEJO,204968,NSE+BSE,NSE/Yahoo Finance,THEJO.NS,,,10-OCT-2023,
INE083B01024,Themis Medicare Limited,THEMISMED,THEMISMED,530199,NSE+BSE,NSE/Yahoo Finance,THEMISMED.NS,,,02-APR-2007,
INE152A01029,Thermax Limited,THERMAX,THERMAX#,100411,NSE+BSE,NSE/Yahoo Finance,THERMAX.NS,,,30-AUG-1995,
INE338A01024,Thirumalai Chemicals Limited,TIRUMALCHM,TIRUMALCHM,500412,NSE+BSE,NSE/Yahoo Finance,TIRUMALCHM.NS,,,14-MAY-2003,
INE332A01027,Thomas Cook  (India)  Limited,THOMASCOOK,THOMASCOOK,500413,NSE+BSE,NSE/Yahoo Finance,THOMASCOOK.NS,,,07-JUN-2000,
INE480M01011,Thomas Scott (India) Limited,THOMASCOTT,THOMASCOTT,533941,NSE+BSE,NSE/Yahoo Finance,THOMASCOTT.NS,,,30-JAN-2012,
INE594H01019,Thyrocare Technologies Limited,THYROCARE,THYROCARE,539871,NSE+BSE,NSE/Yahoo Finance,THYROCARE.NS,,,09-MAY-2016,
INE906O01029,Tiger Logistics (India) Limited,TIGERLOGS,TIGERLOGS,536264,NSE+BSE,NSE/Yahoo Finance,TIGERLOGS.NS,,,18-SEP-2025,
INE440L01017,Tijaria Polypipes Limited,TIJARIA,TIJARIA,533629,NSE+BSE,NSE/Yahoo Finance,TIJARIA.NS,,,14-OCT-2011,
INE133E01013,Tilaknagar Industries Limited,TI,TI,507205,NSE+BSE,NSE/Yahoo Finance,TI.NS,,,16-JUL-2010,
INE508G01029,Time Technoplast Limited,TIMETECHNO,TIMETECHNO#,132856,NSE+BSE,NSE/Yahoo Finance,TIMETECHNO.NS,,,13-JUN-2007,
INE064A01026,Timex Group India Limited,TIMEX,TIMEX,500414,NSE+BSE,NSE/Yahoo Finance,TIMEX.NS,,,20-APR-2026,
INE325A01013,Timken India Limited,TIMKEN,TIMKEN#,122113,NSE+BSE,NSE/Yahoo Finance,TIMKEN.NS,,,06-FEB-2007,
INE015C01016,Tinna Rubber and Infrastructure Limited,TINNARUBR,TINNARUBR,530475,NSE+BSE,NSE/Yahoo Finance,TINNARUBR.NS,,,17-APR-2025,
INE0LQS01015,Tips Films Limited,TIPSFILMS,TIPSFILMS,543614,NSE+BSE,NSE/Yahoo Finance,TIPSFILMS.NS,,,06-OCT-2022,
INE716B01029,Tips Music Limited,TIPSMUSIC,TIPSMUSIC,532375,NSE+BSE,NSE/Yahoo Finance,TIPSMUSIC.NS,,,10-NOV-2000,
INE319Y01024,Tirupati Forge Limited,TIRUPATIFL,TIRUPATIFL,208300,NSE+BSE,NSE/Yahoo Finance,TIRUPATIFL.NS,,,04-AUG-2020,
INE280A01028,Titan Company Limited,TITAN,TITAN#,100114,NSE+BSE,NSE/Yahoo Finance,TITAN.NS,,,24-SEP-2004,
INE932C01012,Tokyo Plast International Limited,TOKYOPLAST,TOKYOPLAST,500418,NSE+BSE,NSE/Yahoo Finance,TOKYOPLAST.NS,,,11-OCT-1995,
INE0RWQ01014,Tolins Tyres Limited,TOLINS,TOLINS,544254,NSE+BSE,NSE/Yahoo Finance,TOLINS.NS,,,16-SEP-2024,
INE685A01028,Torrent Pharmaceuticals Limited,TORNTPHARM,TORNTPHARM#,100420,NSE+BSE,NSE/Yahoo Finance,TORNTPHARM.NS,,,25-NOV-2002,
INE813H01021,Torrent Power Limited,TORNTPOWER,TORNTPOWER#,132779,NSE+BSE,NSE/Yahoo Finance,TORNTPOWER.NS,,,28-NOV-2006,
INE336X01012,Total Transport Systems Limited,TOTAL,TOTAL,203634,NSE+BSE,NSE/Yahoo Finance,TOTAL.NS,,,28-AUG-2020,
INE486Y01013,Touchwood Entertainment Limited,TOUCHWOOD,TOUCHWOOD,201342,NSE+BSE,NSE/Yahoo Finance,TOUCHWOOD.NS,,,21-JAN-2020,
INE305A01023,Tourism Finance Corporation of India Limited,TFCILTD,TFCILTD,526650,NSE+BSE,NSE/Yahoo Finance,TFCILTD.NS,,,26-JUL-2000,
INE0HMF01019,Tracxn Technologies Limited,TRACXN,TRACXN,543638,NSE+BSE,NSE/Yahoo Finance,TRACXN.NS,,,20-OCT-2022,
INE763I01026,Transformers And Rectifiers (India) Limited,TARIL,TARIL#,132928,NSE+BSE,NSE/Yahoo Finance,TARIL.NS,,,28-DEC-2007,
INE0O3901029,Transindia Real Estate Limited,TREL,TREL,543955,NSE+BSE,NSE/Yahoo Finance,TREL.NS,,,10-AUG-2023,
INE687A01016,Transpek Industry Limited,TRANSPEK,TRANSPEK,506687,NSE+BSE,NSE/Yahoo Finance,TRANSPEK.NS,,,20-APR-2026,
INE688A01022,Transport Corporation of India Limited,TCI,TCI,532349,NSE+BSE,NSE/Yahoo Finance,TCI.NS,,,21-JAN-2002,
INE454P01035,Transrail Lighting Limited,TRANSRAILL,TRANSRAILL,544317,NSE+BSE,NSE/Yahoo Finance,TRANSRAILL.NS,,,27-DEC-2024,
INE804H01012,Transwarranty Finance Limited,TFL,TFL,532812,NSE+BSE,NSE/Yahoo Finance,TFL.NS,,,26-FEB-2007,
INE103V01028,Travel Food Services Limited,TRAVELFOOD,TRAVELFOOD,544443,NSE+BSE,NSE/Yahoo Finance,TRAVELFOOD.NS,,,14-JUL-2025,
INE040M01013,Tree House Education & Accessories Limited,TREEHOUSE,TREEHOUSE,533540,NSE+BSE,NSE/Yahoo Finance,TREEHOUSE.NS,,,26-AUG-2011,
INE849A01020,Trent Limited,TRENT,TRENT#,100251,NSE+BSE,NSE/Yahoo Finance,TRENT.NS,,,07-JUN-2004,
INE760L01018,Tribhovandas Bhimji Zaveri Limited,TBZ,TBZ,534369,NSE+BSE,NSE/Yahoo Finance,TBZ.NS,,,09-MAY-2012,
INE064C01022,Trident Limited,TRIDENT,TRIDENT#,121064,NSE+BSE,NSE/Yahoo Finance,TRIDENT.NS,,,21-FEB-2001,
INE948A01012,Trigyn Technologies Limited,TRIGYN,TRIGYN,517562,NSE+BSE,NSE/Yahoo Finance,TRIGYN.NS,,,09-APR-1998,
INE256C01024,Triveni Engineering & Industries Limited,TRIVENI,TRIVENI#,132356,NSE+BSE,NSE/Yahoo Finance,TRIVENI.NS,,,13-DEC-2005,
INE152M01016,Triveni Turbine Limited,TRITURBINE,TRITURBINE#,133655,NSE+BSE,NSE/Yahoo Finance,TRITURBINE.NS,,,28-OCT-2011,
INE0MWH01014,TruAlt Bioenergy Limited,TRUALT,TRUALT,544545,NSE+BSE,NSE/Yahoo Finance,TRUALT.NS,,,03-OCT-2025,
INE615R01029,TruCap Finance Limited,TRU,TRU,540268,NSE+BSE,NSE/Yahoo Finance,TRU.NS,,,20-JUN-2023,
INE974X01010,Tube Investments of India Limited,TIINDIA,TIINDIA#,140762,NSE+BSE,NSE/Yahoo Finance,TIINDIA.NS,,,02-NOV-2017,
INE0OC301013,Turtlemint Fintech Solutions Limited,TURTLEMINT,TURTLEMINT,544799,NSE+BSE,NSE/Yahoo Finance,TURTLEMINT.NS,,,29-JUN-2026,
INE388G01026,Twamev Construction and Infrastructure Limited,TICL,TICL,532738,NSE+BSE,NSE/Yahoo Finance,TICL.NS,,,16-OCT-2023,
INE152C01025,U. Y. Fincorp Limited,UYFINCORP,UYFINCORP,530579,NSE+BSE,NSE/Yahoo Finance,UYFINCORP.NS,,,03-OCT-2024,
INE139B01016,UCAL LIMITED,UCAL,UCAL,500464,NSE+BSE,NSE/Yahoo Finance,UCAL.NS,,,13-SEP-1995,
INE691A01018,UCO Bank,UCOBANK,UCOBANK#,132505,NSE+BSE,NSE/Yahoo Finance,UCOBANK.NS,,,09-OCT-2003,
INE516A01017,UFLEX Limited,UFLEX,UFLEX,500148,NSE+BSE,NSE/Yahoo Finance,UFLEX.NS,,,23-AUG-1995,
INE527H01019,UFO Moviez India Limited,UFO,UFO,539141,NSE+BSE,NSE/Yahoo Finance,UFO.NS,,,14-MAY-2015,
INE398B01018,UMIYA BUILDCON LIMITED,UMIYA-MRO,UMIYA-MRO,532376,NSE+BSE,NSE/Yahoo Finance,UMIYA-MRO.NS,,,01-NOV-2000,
INE405E01023,UNO Minda Limited,UNOMINDA,UNOMINDA#,132539,NSE+BSE,NSE/Yahoo Finance,UNOMINDA.NS,,,02-FEB-2007,
INE628A01036,UPL Limited,UPL,UPL#,112070,NSE+BSE,NSE/Yahoo Finance,UPL.NS,,,23-JAN-2004,
INE094J01016,UTI Asset Management Company Limited,UTIAMC,UTIAMC#,143238,NSE+BSE,NSE/Yahoo Finance,UTIAMC.NS,,,12-OCT-2020,
INE0N0Y01013,Udayshivakumar Infra Limited,USK,USK,543861,NSE+BSE,NSE/Yahoo Finance,USK.NS,,,03-APR-2023,
INE583D01011,Ugro Capital Limited,UGROCAP,UGROCAP,511742,NSE+BSE,NSE/Yahoo Finance,UGROCAP.NS,,,11-AUG-2021,
INE899L01030,Ujaas Energy Limited,UEL,UEL,533644,NSE+BSE,NSE/Yahoo Finance,UEL.NS,,,16-APR-2024,
INE551W01018,Ujjivan Small Finance Bank Limited,UJJIVANSFB,UJJIVANSFB,542904,NSE+BSE,NSE/Yahoo Finance,UJJIVANSFB.NS,,,12-DEC-2019,
INE481G01011,UltraTech Cement Limited,ULTRACEMCO,ULTRACEMCO#,132538,NSE+BSE,NSE/Yahoo Finance,ULTRACEMCO.NS,,,24-AUG-2004,
INE405A01021,Ultramarine & Pigments Limited,ULTRAMAR,ULTRAMAR,506685,NSE+BSE,NSE/Yahoo Finance,ULTRAMAR.NS,,,20-APR-2026,
INE0GIU01018,Uma Exports Limited,UMAEXPORTS,UMAEXPORTS,543513,NSE+BSE,NSE/Yahoo Finance,UMAEXPORTS.NS,,,07-APR-2022,
INE351A01035,Unichem Laboratories Limited,UNICHEMLAB,UNICHEMLAB,506690,NSE+BSE,NSE/Yahoo Finance,UNICHEMLAB.NS,,,07-FEB-2001,
INE00U401027,Unicommerce Esolutions Limited,UNIECOM,UNIECOM,544227,NSE+BSE,NSE/Yahoo Finance,UNIECOM.NS,,,13-AUG-2024,
INE481Z01011,Uniinfo Telecom Services Limited,UNIINFO,UNIINFO,201673,NSE+BSE,NSE/Yahoo Finance,UNIINFO.NS,,,12-JAN-2022,
INE0U3I01011,Unimech Aerospace and Manufacturing Limited,UNIMECH,UNIMECH,544322,NSE+BSE,NSE/Yahoo Finance,UNIMECH.NS,,,31-DEC-2024,
INE692A01016,Union Bank of India,UNIONBANK,UNIONBANK#,132477,NSE+BSE,NSE/Yahoo Finance,UNIONBANK.NS,,,24-SEP-2002,
INE244O01017,Uniparts India Limited,UNIPARTS,UNIPARTS,543689,NSE+BSE,NSE/Yahoo Finance,UNIPARTS.NS,,,12-DEC-2022,
INE037A01022,Uniphos Enterprises Limited,UNIENTER,UNIENTER,500429,NSE+BSE,NSE/Yahoo Finance,UNIENTER.NS,,,23-JAN-2004,
INE694A01020,Unitech Limited,UNITECH,UNITECH,507878,NSE+BSE,NSE/Yahoo Finance,UNITECH.NS,,,08-SEP-1999,
INE686F01025,United Breweries Limited,UBL,UBL#,132478,NSE+BSE,NSE/Yahoo Finance,UBL.NS,,,28-JUL-2008,
INE961D01019,United Drilling Tools Limited,UNIDT,UNIDT,522014,NSE+BSE,NSE/Yahoo Finance,UNIDT.NS,,,25-SEP-2020,
INE382M01027,United Foodbrands Limited,UFBL,UFBL,543283,NSE+BSE,NSE/Yahoo Finance,UFBL.NS,,,07-APR-2021,
INE368U01029,United Polyfab Gujarat Limited,UNITEDPOLY,UNITEDPOLY,544756,NSE+BSE,NSE/Yahoo Finance,UNITEDPOLY.NS,,,31-DEC-2021,
INE854D01024,United Spirits Limited,UNITDSPR,UNITDSPR#,132432,NSE+BSE,NSE/Yahoo Finance,UNITDSPR.NS,,,27-SEP-2001,
INE562X01013,Univastu India Limited,UNIVASTU,UNIVASTU,202099,NSE+BSE,NSE/Yahoo Finance,UNIVASTU.NS,,,22-JUN-2020,
INE279A01012,Universal Cables Limited,UNIVCABLES,UNIVCABLES,504212,NSE+BSE,NSE/Yahoo Finance,UNIVCABLES.NS,,,17-MAY-1995,
INE03V001013,Universus Photo Imagings Limited,UNIVPHOTO,UNIVPHOTO,542933,NSE+BSE,NSE/Yahoo Finance,UNIVPHOTO.NS,,,14-FEB-2020,
INE851I01011,Updater Services Limited,UDS,UDS,543996,NSE+BSE,NSE/Yahoo Finance,UDS.NS,,,04-OCT-2023,
INE568Z01015,Uravi Defence and Technology Limited,URAVIDEF,URAVIDEF,543930,NSE+BSE,NSE/Yahoo Finance,URAVIDEF.NS,,,05-JUL-2023,
INE0CAZ01013,Urban Company Limited,URBANCO,URBANCO,544515,NSE+BSE,NSE/Yahoo Finance,URBANCO.NS,,,17-SEP-2025,
INE550C01020,Urja Global Limited,URJA,URJA,526987,NSE+BSE,NSE/Yahoo Finance,URJA.NS,,,28-MAR-2017,
INE240C01028,Usha Martin Education & Solutions Limited,UMESLTD,UMESLTD,532398,NSE+BSE,NSE/Yahoo Finance,UMESLTD.NS,,,12-JUL-2010,
INE228A01035,Usha Martin Limited,USHAMART,USHAMART#,117146,NSE+BSE,NSE/Yahoo Finance,USHAMART.NS,,,11-OCT-2000,
INE735W01017,Utkarsh Small Finance Bank Limited,UTKARSHBNK,UTKARSHBNK,543942,NSE+BSE,NSE/Yahoo Finance,UTKARSHBNK.NS,,,21-JUL-2023,
INE786F01031,Uttam Sugar Mills Limited,UTTAMSUGAR,UTTAMSUGAR,532729,NSE+BSE,NSE/Yahoo Finance,UTTAMSUGAR.NS,,,10-APR-2006,
INE951I01027,V-Guard Industries Limited,VGUARD,VGUARD#,132953,NSE+BSE,NSE/Yahoo Finance,VGUARD.NS,,,13-MAR-2008,
INE665J01013,V-Mart Retail Limited,VMART,VMART,534976,NSE+BSE,NSE/Yahoo Finance,VMART.NS,,,20-FEB-2013,
INE764D01017,V.S.T Tillers Tractors Limited,VSTTILLERS,VSTTILLERS,531266,NSE+BSE,NSE/Yahoo Finance,VSTTILLERS.NS,,,20-JUN-2011,
INE945H01021,V2 Retail Limited,V2RETAIL,V2RETAIL,532867,NSE+BSE,NSE/Yahoo Finance,V2RETAIL.NS,,,04-JUL-2007,
INE956G01038,VA Tech Wabag Limited,WABAG,WABAG#,133269,NSE+BSE,NSE/Yahoo Finance,WABAG.NS,,,13-OCT-2010,
INE273D01027,VARVEE GLOBAL LIMITED,VGL,VGL,514274,NSE+BSE,NSE/Yahoo Finance,VGL.NS,,,21-NOV-2006,
INE450G01024,VIP Clothing Limited,VIPCLOTHNG,VIPCLOTHNG,532613,NSE+BSE,NSE/Yahoo Finance,VIPCLOTHNG.NS,,,06-AUG-2007,
INE054A01027,VIP Industries Limited,VIPIND,VIPIND,507880,NSE+BSE,NSE/Yahoo Finance,VIPIND.NS,,,02-MAR-2005,
INE286H01012,VISA Chrome Limited,VISACHROME,VISACHROME,532721,NSE+BSE,NSE/Yahoo Finance,VISACHROME.NS,,,17-MAR-2006,
INE03HW01020,VL E-Governance & IT Solutions Limited,VLEGOV,VLEGOV,543958,NSE+BSE,NSE/Yahoo Finance,VLEGOV.NS,,,14-AUG-2023,
INE709A01018,VLS Finance Limited,VLSFINANCE,VLSFINANCE,511333,NSE+BSE,NSE/Yahoo Finance,VLSFINANCE.NS,,,25-MAY-1995,
INE0SJA01013,VMS TMT Limited,VMSTMT,VMSTMT,544521,NSE+BSE,NSE/Yahoo Finance,VMSTMT.NS,,,24-SEP-2025,
INE366I01010,VRL Logistics Limited,VRLLOG,VRLLOG,539118,NSE+BSE,NSE/Yahoo Finance,VRLLOG.NS,,,30-APR-2015,
INE710A01016,VST Industries Limited,VSTIND,VSTIND,509966,NSE+BSE,NSE/Yahoo Finance,VSTIND.NS,,,05-SEP-2003,
INE694D01016,Vadilal Industries Limited,VADILALIND,VADILALIND,519156,NSE+BSE,NSE/Yahoo Finance,VADILALIND.NS,,,15-JUN-2011,
INE884A01027,Vaibhav Global Limited,VAIBHAVGBL,VAIBHAVGBL,532156,NSE+BSE,NSE/Yahoo Finance,VAIBHAVGBL.NS,,,05-APR-2004,
INE972X01022,Vaishali Pharma Limited,VAISHALI,VAISHALI,212107,NSE+BSE,NSE/Yahoo Finance,VAISHALI.NS,,,15-JAN-2020,
INE051B01021,Vakrangee Limited,VAKRANGEE,VAKRANGEE,511431,NSE+BSE,NSE/Yahoo Finance,VAKRANGEE.NS,,,03-APR-2006,
INE0JWS01017,Valiant Laboratories Limited,VALIANTLAB,VALIANTLAB,543998,NSE+BSE,NSE/Yahoo Finance,VALIANTLAB.NS,,,06-OCT-2023,
INE565V01010,Valiant Organics Limited,VALIANTORG,VALIANTORG,540145,NSE+BSE,NSE/Yahoo Finance,VALIANTORG.NS,,,23-JUL-2021,
INE879I01012,Valor Estate Limited,DBREALTY,DBREALTY,533160,NSE+BSE,NSE/Yahoo Finance,DBREALTY.NS,,,24-FEB-2010,
INE116G01013,Vardhman Acrylics Limited,VARDHACRLC,VARDHACRLC,201471,NSE+BSE,NSE/Yahoo Finance,VARDHACRLC.NS,,,30-SEP-2003,
INE701A01023,Vardhman Holdings Limited,VHL,VHL,500439,NSE+BSE,NSE/Yahoo Finance,VHL.NS,,,30-JUN-2005,
INE835A01029,Vardhman Polytex Limited,VARDMNPOLY,VARDMNPOLY,514175,NSE+BSE,NSE/Yahoo Finance,VARDMNPOLY.NS,,,12-MAY-2003,
INE050M01012,Vardhman Special Steels Limited,VSSL,VSSL,534392,NSE+BSE,NSE/Yahoo Finance,VSSL.NS,,,17-MAY-2012,
INE825A01020,Vardhman Textiles Limited,VTL,VTL#,102986,NSE+BSE,NSE/Yahoo Finance,VTL.NS,,,14-JAN-2003,
INE665L01035,Varroc Engineering Limited,VARROC,VARROC,541578,NSE+BSE,NSE/Yahoo Finance,VARROC.NS,,,06-JUL-2018,
INE200M01039,Varun Beverages Limited,VBL,VBL#,140180,NSE+BSE,NSE/Yahoo Finance,VBL.NS,,,08-NOV-2016,
INE893I01013,Vascon Engineers Limited,VASCONEQ,VASCONEQ,533156,NSE+BSE,NSE/Yahoo Finance,VASCONEQ.NS,,,15-FEB-2010,
INE590L01019,Vaswani Industries Limited,VASWANI,VASWANI,533576,NSE+BSE,NSE/Yahoo Finance,VASWANI.NS,,,20-SEP-2011,
INE098201036,Vaxtex Cotfab Limited,VCL,VCL,209472,NSE+BSE,NSE/Yahoo Finance,VCL.NS,,,19-APR-2022,
INE825V01034,Vedant Fashions Limited,MANYAVAR,MANYAVAR#,143463,NSE+BSE,NSE/Yahoo Finance,MANYAVAR.NS,,,16-FEB-2022,
INE1CDF01017,Vedanta Aluminium Metal Limited,VAML,VAML,544780,NSE+BSE,NSE/Yahoo Finance,VAML.NS,,,15-JUN-2026,
INE1CLE01013,Vedanta Iron and Steel Limited,VISL,VISL,544784,NSE+BSE,NSE/Yahoo Finance,VISL.NS,,,15-JUN-2026,
INE205A01025,Vedanta Limited,VEDL,VEDL#,100295,NSE+BSE,NSE/Yahoo Finance,VEDL.NS,,,13-MAY-1998,
INE704J01044,Vedanta Oil and Gas Limited,VOGL,VOGL,544782,NSE+BSE,NSE/Yahoo Finance,VOGL.NS,,,15-JUN-2026,
INE694L01019,Vedanta Power Limited,VEDPOWER,VEDPOWER,544781,NSE+BSE,NSE/Yahoo Finance,VEDPOWER.NS,,,15-JUN-2026,
INE484C01030,Veedol Corporation Limited,VEEDOL,VEEDOL,590005,NSE+BSE,NSE/Yahoo Finance,VEEDOL.NS,,,16-JAN-2007,
INE232E01013,Veljan Denison Limited,VELJAN,VELJAN,505232,NSE+BSE,NSE/Yahoo Finance,VELJAN.NS,,,20-APR-2026,
INE398A01010,Venky's (India) Limited,VENKEYS,VENKEYS,523261,NSE+BSE,NSE/Yahoo Finance,VENKEYS.NS,,,28-JUL-2003,
INE781S01027,Ventive Hospitality Limited,VENTIVE,VENTIVE#,144321,NSE+BSE,NSE/Yahoo Finance,VENTIVE.NS,,,30-DEC-2024,
INE0JA001018,Venus Pipes & Tubes Limited,VENUSPIPES,VENUSPIPES,543528,NSE+BSE,NSE/Yahoo Finance,VENUSPIPES.NS,,,24-MAY-2022,
INE411B01019,Venus Remedies Limited,VENUSREM,VENUSREM,526953,NSE+BSE,NSE/Yahoo Finance,VENUSREM.NS,,,20-DEC-2006,
INE0IQ001011,Veranda Learning Solutions Limited,VERANDA,VERANDA,543514,NSE+BSE,NSE/Yahoo Finance,VERANDA.NS,,,11-APR-2022,
INE188Y01031,Vertoz Limited,VERTOZ,VERTOZ,211747,NSE+BSE,NSE/Yahoo Finance,VERTOZ.NS,,,14-MAY-2020,
INE386A01023,Vesuvius India Limited,VESUVIUS,VESUVIUS,520113,NSE+BSE,NSE/Yahoo Finance,VESUVIUS.NS,,,04-OCT-2002,
INE918N01018,Veto Switchgears And Cables Limited,VETO,VETO,539331,NSE+BSE,NSE/Yahoo Finance,VETO.NS,,,29-APR-2015,
INE0QTF01015,Vibhor Steel Tubes Limited,VSTL,VSTL,544124,NSE+BSE,NSE/Yahoo Finance,VSTL.NS,,,20-FEB-2024,
INE048C01025,Viceroy Hotels Limited,VHLTD,VHLTD,523796,NSE+BSE,NSE/Yahoo Finance,VHLTD.NS,,,03-APR-2024,
INE632C01026,Vidhi Specialty Food Ingredients Limited,VIDHIING,VIDHIING,531717,NSE+BSE,NSE/Yahoo Finance,VIDHIING.NS,,,02-MAR-2016,
INE14UN01029,Vidya Wires Limited,VIDYAWIRES,VIDYAWIRES,544633,NSE+BSE,NSE/Yahoo Finance,VIDYAWIRES.NS,,,10-DEC-2025,
INE043W01024,Vijaya Diagnostic Centre Limited,VIJAYA,VIJAYA#,143350,NSE+BSE,NSE/Yahoo Finance,VIJAYA.NS,,,14-SEP-2021,
INE159N01027,Viji Finance Limited,VIJIFIN,VIJIFIN,537820,NSE+BSE,NSE/Yahoo Finance,VIJIFIN.NS,,,11-JUL-2016,
INE806A01020,Vikas EcoTech Limited,VIKASECO,VIKASECO,530961,NSE+BSE,NSE/Yahoo Finance,VIKASECO.NS,,,12-DEC-2011,
INE161L01027,Vikas Lifecare Limited,VIKASLIFE,VIKASLIFE,542655,NSE+BSE,NSE/Yahoo Finance,VIKASLIFE.NS,,,08-MAY-2019,
INE078V01014,Vikram Solar Limited,VIKRAMSOLR,VIKRAMSOLR,544488,NSE+BSE,NSE/Yahoo Finance,VIKRAMSOLR.NS,,,26-AUG-2025,
INE01R501028,Vikran Engineering Limited,VIKRAN,VIKRAN,544496,NSE+BSE,NSE/Yahoo Finance,VIKRAN.NS,,,03-SEP-2025,
INE579C01029,Vimta Labs Limited,VIMTALABS,VIMTALABS,524394,NSE+BSE,NSE/Yahoo Finance,VIMTALABS.NS,,,15-DEC-2005,
INE410B01037,Vinati Organics Limited,VINATIORGA,VINATIORGA#,124200,NSE+BSE,NSE/Yahoo Finance,VINATIORGA.NS,,,28-JUL-2009,
INE707A01012,Vindhya Telelinks Limited,VINDHYATEL,VINDHYATEL,517015,NSE+BSE,NSE/Yahoo Finance,VINDHYATEL.NS,,,08-FEB-1995,
INE505Y01010,Vineet Laboratories Limited,VINEETLAB,VINEETLAB,543298,NSE+BSE,NSE/Yahoo Finance,VINEETLAB.NS,,,15-JUN-2021,
INE01KI01027,Vinny Overseas Limited,VINNY,VINNY,543670,NSE+BSE,NSE/Yahoo Finance,VINNY.NS,,,28-NOV-2022,
INE498Q01014,Vintage Coffee And Beverages Limited,VINCOFE,VINCOFE,538920,NSE+BSE,NSE/Yahoo Finance,VINCOFE.NS,,,18-OCT-2024,
INE250B01029,Vinyl Chemicals (India) Limited,VINYLINDIA,VINYLINDIA,524129,NSE+BSE,NSE/Yahoo Finance,VINYLINDIA.NS,,,21-JUL-2008,
INE946H01037,Vipul Limited,VIPULLTD,VIPULLTD,511726,NSE+BSE,NSE/Yahoo Finance,VIPULLTD.NS,,,23-APR-2015,
INE539B01017,Virinchi Limited,VIRINCHI,VIRINCHI,532372,NSE+BSE,NSE/Yahoo Finance,VIRINCHI.NS,,,03-MAY-2023,
INE0I0T01010,Virtuoso Optoelectronics Limited,VOEPL,VOEPL,543597,NSE+BSE,NSE/Yahoo Finance,VOEPL.NS,,,01-JUL-2026,
INE370E01029,Visagar Polytex Limited,VIVIDHA,VIVIDHA,506146,NSE+BSE,NSE/Yahoo Finance,VIVIDHA.NS,,,21-MAY-2013,
INE392A01021,Visaka Industries Limited,VISAKAIND,VISAKAIND,509055,NSE+BSE,NSE/Yahoo Finance,VISAKAIND.NS,,,28-AUG-1996,
INE01EA01019,Vishal Mega Mart Limited,VMM,VMM#,144307,NSE+BSE,NSE/Yahoo Finance,VMM.NS,,,18-DEC-2024,
INE270I01022,Vishnu Chemicals Limited,VISHNU,VISHNU,516072,NSE+BSE,NSE/Yahoo Finance,VISHNU.NS,,,05-MAR-2015,
INE0AE001013,Vishnu Prakash R Punglia Limited,VPRPL,VPRPL,543974,NSE+BSE,NSE/Yahoo Finance,VPRPL.NS,,,05-SEP-2023,
INE430N01022,Vishwaraj Sugar Industries Limited,VISHWARAJ,VISHWARAJ,542852,NSE+BSE,NSE/Yahoo Finance,VISHWARAJ.NS,,,15-OCT-2019,
INE0MEG01014,Viviana Power Tech Limited,VIVIANA,VIVIANA,209109,NSE+BSE,NSE/Yahoo Finance,VIVIANA.NS,,,02-JUN-2026,
INE526G01021,Vivimed Labs Limited,VIVIMEDLAB,VIVIMEDLAB,532660,NSE+BSE,NSE/Yahoo Finance,VIVIMEDLAB.NS,,,17-AUG-2005,
INE807F01027,Viyash Scientific Limited,VIYASH,VIYASH,512529,NSE+BSE,NSE/Yahoo Finance,VIYASH.NS,,,10-MAR-2016,
INE669E01016,Vodafone Idea Limited,IDEA,IDEA#,132822,NSE+BSE,NSE/Yahoo Finance,IDEA.NS,,,09-MAR-2007,
INE540H01012,Voltamp Transformers Limited,VOLTAMP,VOLTAMP#,132757,NSE+BSE,NSE/Yahoo Finance,VOLTAMP.NS,,,20-SEP-2006,
INE226A01021,Voltas Limited,VOLTAS,VOLTAS#,100575,NSE+BSE,NSE/Yahoo Finance,VOLTAS.NS,,,12-APR-1995,
INE0S2V01010,Vraj Iron and Steel Limited,VRAJ,VRAJ,544204,NSE+BSE,NSE/Yahoo Finance,VRAJ.NS,,,03-JUL-2024,
INE100D01014,W S Industries (I) Limited,WSI,WSI,504220,NSE+BSE,NSE/Yahoo Finance,WSI.NS,,,01-AUG-2007,
INE082W01014,WE WIN LIMITED,WEWIN,WEWIN,543535,NSE+BSE,NSE/Yahoo Finance,WEWIN.NS,,,15-JUN-2022,
INE274F01020,WESTLIFE FOODWORLD LIMITED,WESTLIFE,WESTLIFE#,105533,NSE+BSE,NSE/Yahoo Finance,WESTLIFE.NS,,,05-JUN-2023,
INE765D01022,WPIL Limited,WPIL,WPIL,505872,NSE+BSE,NSE/Yahoo Finance,WPIL.NS,,,20-APR-2026,
INE377N01017,Waaree Energies Limited,WAAREEENER,WAAREEENER#,144277,NSE+BSE,NSE/Yahoo Finance,WAAREEENER.NS,,,28-OCT-2024,
INE299N01021,Waaree Renewable Technologies Limited,WAAREERTL,WAAREERTL,534618,NSE+BSE,NSE/Yahoo Finance,WAAREERTL.NS,,,09-APR-2025,
INE0E7301029,Wakefit Innovations Limited,WAKEFIT,WAKEFIT,544642,NSE+BSE,NSE/Yahoo Finance,WAKEFIT.NS,,,15-DEC-2025,
INE711A01022,Walchandnagar Industries Limited,WALCHANNAG,WALCHANNAG,507410,NSE+BSE,NSE/Yahoo Finance,WALCHANNAG.NS,,,18-SEP-1996,
INE107F01022,Wanbury Limited,WANBURY,WANBURY,524212,NSE+BSE,NSE/Yahoo Finance,WANBURY.NS,,,29-JAN-2007,
INE0LZF01013,Waterways Leisure Tourism Limited,CORDELIA,CORDELIA,544802,NSE+BSE,NSE/Yahoo Finance,CORDELIA.NS,,,01-JUL-2026,
INE085001019,WeWork India Management Limited,WEWORK,WEWORK,544570,NSE+BSE,NSE/Yahoo Finance,WEWORK.NS,,,10-OCT-2025,
INE658T01017,Wealth First Portfolio Managers Limited,WEALTH,WEALTH,544536,NSE+BSE,NSE/Yahoo Finance,WEALTH.NS,,,20-JAN-2021,
INE855C01023,Websol Energy System Limited,WEBELSOLAR,WEBELSOLAR,517498,NSE+BSE,NSE/Yahoo Finance,WEBELSOLAR.NS,,,15-MAY-2007,
INE080A01014,Weizmann Limited,WEIZMANIND,WEIZMANIND,523011,NSE+BSE,NSE/Yahoo Finance,WEIZMANIND.NS,,,10-MAY-1995,
INE191B01025,Welspun Corp Limited,WELCORP,WELCORP#,132144,NSE+BSE,NSE/Yahoo Finance,WELCORP.NS,,,24-MAY-2005,
INE625G01013,Welspun Enterprises Limited,WELENT,WELENT,532553,NSE+BSE,NSE/Yahoo Finance,WELENT.NS,,,04-NOV-2004,
INE389K01018,Welspun Investments and Commercials Limited,WELINV,WELINV,533252,NSE+BSE,NSE/Yahoo Finance,WELINV.NS,,,20-SEP-2010,
INE192B01031,Welspun Living Limited,WELSPUNLIV,WELSPUNLIV#,114162,NSE+BSE,NSE/Yahoo Finance,WELSPUNLIV.NS,,,04-DEC-2003,
INE731F01037,Welspun Specialty Solutions Limited,WELSPLSOL,WELSPLSOL,500365,NSE+BSE,NSE/Yahoo Finance,WELSPLSOL.NS,,,20-APR-2026,
INE274C01019,Wendt (India) Limited,WENDT,WENDT,505412,NSE+BSE,NSE/Yahoo Finance,WENDT.NS,,,07-AUG-2006,
INE976A01021,West Coast Paper Mills Limited,WSTCSTPAPR,WSTCSTPAPR,500444,NSE+BSE,NSE/Yahoo Finance,WSTCSTPAPR.NS,,,17-JAN-2001,
INE0CJF01024,Western Carriers (India) Limited,WCIL,WCIL,544258,NSE+BSE,NSE/Yahoo Finance,WCIL.NS,,,24-SEP-2024,
INE715A01015,Wheels India Limited,WHEELS,WHEELS,590073,NSE+BSE,NSE/Yahoo Finance,WHEELS.NS,,,07-APR-2000,
INE716A01013,Whirlpool of India Limited,WHIRLPOOL,WHIRLPOOL#,100238,NSE+BSE,NSE/Yahoo Finance,WHIRLPOOL.NS,,,06-APR-2010,
INE210A01017,Williamson Magor & Company Limited,WILLAMAGOR,WILLAMAGOR,519224,NSE+BSE,NSE/Yahoo Finance,WILLAMAGOR.NS,,,08-FEB-1995,
INE0H5O01029,Windlas Biotech Limited,WINDLAS,WINDLAS,543329,NSE+BSE,NSE/Yahoo Finance,WINDLAS.NS,,,16-AUG-2021,
INE052A01021,Windsor Machines Limited,WINDMACHIN,WINDMACHIN,522029,NSE+BSE,NSE/Yahoo Finance,WINDMACHIN.NS,,,17-AUG-2011,
INE075A01022,Wipro Limited,WIPRO,WIPRO#,107685,NSE+BSE,NSE/Yahoo Finance,WIPRO.NS,,,08-NOV-1995,
INE049B01025,Wockhardt Limited,WOCKPHARMA,WOCKPHARMA#,132300,NSE+BSE,NSE/Yahoo Finance,WOCKPHARMA.NS,,,23-FEB-2000,
INE02WG01024,Wonder Electricals Limited,WEL,WEL,543449,NSE+BSE,NSE/Yahoo Finance,WEL.NS,,,17-JAN-2022,
INE066O01014,Wonderla Holidays Limited,WONDERLA,WONDERLA,538268,NSE+BSE,NSE/Yahoo Finance,WONDERLA.NS,,,09-MAY-2014,
INE196Y01018,Worth Peripherals Limited,WORTHPERI,WORTHPERI,544577,NSE+BSE,NSE/Yahoo Finance,WORTHPERI.NS,,,04-AUG-2020,
INE692G01013,Xchanging Solutions Limited,XCHANGING,XCHANGING,532616,NSE+BSE,NSE/Yahoo Finance,XCHANGING.NS,,,09-MAR-2005,
INE01P501012,Xelpmoc Design And Tech Limited,XELPMOC,XELPMOC,542367,NSE+BSE,NSE/Yahoo Finance,XELPMOC.NS,,,04-FEB-2019,
INE445C01015,Xpro India Limited,XPROINDIA,XPROINDIA,590013,NSE+BSE,NSE/Yahoo Finance,XPROINDIA.NS,,,27-APR-2004,
INE547B01028,Xtglobal Infotech Limited,XTGLOBAL,XTGLOBAL,531225,NSE+BSE,NSE/Yahoo Finance,XTGLOBAL.NS,,,16-SEP-2024,
INE0NG701011,Xtranet Technologies Limited,XTRANET,XTRANET,544838,NSE+BSE,NSE/Yahoo Finance,XTRANET.NS,,,30-JUL-2026,
INE616Z01012,Yasho Industries Limited,YASHO,YASHO,541167,NSE+BSE,NSE/Yahoo Finance,YASHO.NS,,,21-AUG-2023,
INE0JO301016,Yatharth Hospital & Trauma Care Services Limited,YATHARTH,YATHARTH,543950,NSE+BSE,NSE/Yahoo Finance,YATHARTH.NS,,,07-AUG-2023,
INE0JR601024,Yatra Online Limited,YATRA,YATRA,543992,NSE+BSE,NSE/Yahoo Finance,YATRA.NS,,,28-SEP-2023,
INE528G01035,Yes Bank Limited,YESBANK,YESBANK#,132648,NSE+BSE,NSE/Yahoo Finance,YESBANK.NS,,,12-JUL-2005,
INE384C01016,Yuken India Limited,YUKEN,YUKEN,522108,NSE+BSE,NSE/Yahoo Finance,YUKEN.NS,,,02-SEP-2021,
INE342J01019,ZF Commercial Vehicle Control Systems India Limited,ZFCVINDIA,ZFCVINDIA#,133023,NSE+BSE,NSE/Yahoo Finance,ZFCVINDIA.NS,,,01-OCT-2008,
INE116C01012,ZF Steering Gear (India) Limited,ZFSTEERING,ZFSTEERING,505163,NSE+BSE,NSE/Yahoo Finance,ZFSTEERING.NS,,,20-APR-2026,
INE217A01012,ZUARI INDUSTRIES LIMITED,ZUARIIND,ZUARIIND,500780,NSE+BSE,NSE/Yahoo Finance,ZUARIIND.NS,,,12-APR-1995,
INE07K301024,Zaggle Prepaid Ocean Services Limited,ZAGGLE,ZAGGLE,543985,NSE+BSE,NSE/Yahoo Finance,ZAGGLE.NS,,,22-SEP-2023,
INE256A01028,Zee Entertainment Enterprises Limited,ZEEL,ZEEL#,105537,NSE+BSE,NSE/Yahoo Finance,ZEEL.NS,,,09-SEP-1998,
INE565L01011,Zee Learn Limited,ZEELEARN,ZEELEARN,533287,NSE+BSE,NSE/Yahoo Finance,ZEELEARN.NS,,,20-DEC-2010,
INE966H01019,Zee Media Corporation Limited,ZEEMEDIA,ZEEMEDIA,532794,NSE+BSE,NSE/Yahoo Finance,ZEEMEDIA.NS,,,10-JAN-2007,
INE251B01027,Zen Technologies Limited,ZENTEC,ZENTEC#,133339,NSE+BSE,NSE/Yahoo Finance,ZENTEC.NS,,,30-MAR-2015,
INE058B01018,Zenith Exports Limited,ZENITHEXPO,ZENITHEXPO,512553,NSE+BSE,NSE/Yahoo Finance,ZENITHEXPO.NS,,,10-JUL-1996,
INE318D01020,Zenith Steel Pipes & Industries Limited,ZENITHSTL,ZENITHSTL,531845,NSE+BSE,NSE/Yahoo Finance,ZENITHSTL.NS,,,30-APR-2007,
INE520A01027,Zensar Technologies Limited,ZENSARTECH,ZENSARTECH#,104067,NSE+BSE,NSE/Yahoo Finance,ZENSARTECH.NS,,,09-JUL-2003,
INE518E01015,Zim Laboratories Limited,ZIMLAB,ZIMLAB,541400,NSE+BSE,NSE/Yahoo Finance,ZIMLAB.NS,,,25-NOV-2022,
INE206B01013,Zodiac Clothing Company Limited,ZODIACLOTH,ZODIACLOTH,521163,NSE+BSE,NSE/Yahoo Finance,ZODIACLOTH.NS,,,27-SEP-1995,
INE761Y01019,Zodiac Energy Limited,ZODIAC,ZODIAC,543416,NSE+BSE,NSE/Yahoo Finance,ZODIAC.NS,,,14-DEC-2021,
INE358U01012,Zota Health Care LImited,ZOTA,ZOTA,203811,NSE+BSE,NSE/Yahoo Finance,ZOTA.NS,,,19-AUG-2019,
INE840M01016,Zuari Agro Chemicals Limited,ZUARI,ZUARI,534742,NSE+BSE,NSE/Yahoo Finance,ZUARI.NS,,,27-NOV-2012,
INE010B01027,Zydus Lifesciences Limited,ZYDUSLIFE,ZYDUSLIFE#,132321,NSE+BSE,NSE/Yahoo Finance,ZYDUSLIFE.NS,,,18-APR-2000,
INE768C01028,Zydus Wellness Limited,ZYDUSWELL,ZYDUSWELL#,131335,NSE+BSE,NSE/Yahoo Finance,ZYDUSWELL.NS,,,13-NOV-2009,
INE738I01010,eClerx Services Limited,ECLERX,ECLERX#,132927,NSE+BSE,NSE/Yahoo Finance,ECLERX.NS,,,31-DEC-2007,
INE01QM01018,eMudhra Limited,EMUDHRA,EMUDHRA,543533,NSE+BSE,NSE/Yahoo Finance,EMUDHRA.NS,,,01-JUN-2022,
